GEOID,NAMELSAD,neighborhood,court_count,courts_per_10k,courts_per_sqmi,median_household_income,income_q,total_population,pct_black,poverty_rate,LPA,OBESITY,MHLTH,area_sqmi,ALAND,city,has_court,lat,lon
13121011417,Census Tract 114.17,,0,0.0,0.0,116846.0,Q3,4561,5.042753782065336,2.967685205539679,14.7,21.6,11.5,2.906780263074578,7528526,Atlanta,No court,34.05696283667808,-84.36293463161815
13121011416,Census Tract 114.16,,1,1.8740629685157424,0.3913541460159661,151397.0,Q4 (highest),5336,3.185907046476762,4.246885617214043,14.6,22.3,12.6,2.55523037172373,6618016,Atlanta,Has court,34.065166465774674,-84.34442433918319
13121011421,Census Tract 114.21,,0,0.0,0.0,78715.0,Q2,5913,37.02012514797903,17.926640261753057,29.8,33.1,19.6,1.5052455841494246,3898568,Atlanta,No court,34.04140785187035,-84.33130411563505
13121006000,Census Tract 60,Westview,0,0.0,0.0,52625.0,Q1 (lowest),3429,81.83143773694955,27.559055118110237,31.2,37.7,19.7,0.6047170874922972,1566210,Atlanta,No court,33.737942850678145,-84.43903515844228
13121003600,Census Tract 36,Atlanta University Center,0,0.0,0.0,79114.0,Q2,976,76.63934426229508,14.754098360655735,21.4,33.0,17.3,0.1520790829918903,393883,Atlanta,No court,33.75187311329212,-84.40292326013278
13089021912,Census Tract 219.12,,0,0.0,0.0,162695.0,Q4 (highest),3563,42.09935447656469,4.029304029304029,17.1,26.3,11.3,4.268179234807265,11054533,Atlanta,No court,33.83542108641362,-84.15894987891342
13121010604,Census Tract 106.04,,2,6.809669731018046,1.0854511778352356,29432.0,Q1 (lowest),2937,95.53966632618318,40.108954715696285,40.5,44.2,21.9,1.842551780162688,4772187,Atlanta,Has court,33.628008530043715,-84.47308188739099
13089023802,Census Tract 238.02,,6,18.376722817764165,1.6144755755933382,71729.0,Q2,3265,55.681470137825414,10.555972952667169,25.2,35.1,19.3,3.7163770642952785,9625372,Atlanta,Has court,33.69520275701131,-84.3333210099597
13089020100,Census Tract 201,Morningside/Lenox Park,0,0.0,0.0,181250.0,Q4 (highest),2128,1.2218045112781954,6.7669172932330826,13.2,24.1,13.1,0.4452464644623836,1153183,Atlanta,No court,33.79873577511879,-84.34455724832314
13089022302,Census Tract 223.02,,1,2.360160490913382,0.7388062490176541,95847.0,Q3,4237,20.48619306112816,12.898653437278526,16.5,25.6,14.4,1.3535348426324756,3505639,Atlanta,Has court,33.81338612972508,-84.28082972774952
13089022007,Census Tract 220.07,,0,0.0,0.0,45883.0,Q1 (lowest),4827,64.36710171949451,34.03990024937656,32.1,36.9,21.4,0.4685087344034026,1213432,Atlanta,No court,33.81030922454012,-84.24666807792013
13089020200,Census Tract 202,Druid Hills,0,0.0,0.0,93068.0,Q3,2068,3.67504835589942,9.71953578336557,11.9,23.1,13.0,0.5944676191549922,1539664,Atlanta,No court,33.77563201917778,-84.34036192750042
13089020300,Census Tract 203,Lake Claire,2,4.397537379067722,2.6995674939298535,175885.0,Q4 (highest),4548,6.9041336851363235,8.53122251539138,13.7,26.0,13.7,0.7408594171092685,1918817,Atlanta,Has court,33.765994230729945,-84.32964716046662
13121000502,Census Tract 5.02,Sherwood Forest,0,0.0,0.0,144643.0,Q4 (highest),1979,6.265790803436079,3.6382011116725623,14.0,23.3,12.3,0.789208675870313,2044041,Atlanta,No court,33.799306851976404,-84.38035594920089
13121008905,Census Tract 89.05,Blandtown,0,0.0,0.0,119210.0,Q3,5220,29.367816091954023,3.409961685823755,11.6,22.7,15.9,1.986157078720056,5144123,Atlanta,No court,33.79665818439937,-84.42107390621914
13121000601,Census Tract 6.01,Home Park,1,2.1997360316761987,2.528327157288059,78140.0,Q2,4546,25.824901011878577,25.809199318568993,16.1,21.7,20.5,0.3955184348344471,1024388,Atlanta,Has court,33.783362234413275,-84.40725238777836
13121011802,Census Tract 118.02,English Avenue,0,0.0,0.0,47404.0,Q1 (lowest),1625,78.58461538461539,24.43076923076923,30.6,38.2,21.6,0.5093676109696261,1319256,Atlanta,No court,33.768531147483415,-84.40660136145496
13121009405,Census Tract 94.05,Lindbergh/Morosgo,0,0.0,0.0,75991.0,Q2,3615,42.60027662517289,11.97786998616874,12.5,21.9,15.4,0.283010577655186,732994,Atlanta,No court,33.820744569140565,-84.3685339144742
13121009203,Census Tract 92.03,Lindridge/Martin Manor,0,0.0,0.0,68598.0,Q2,2527,37.63355757815592,16.145627225959636,17.2,26.8,17.3,0.5259128613723307,1362108,Atlanta,No court,33.81588221112348,-84.35855571378958
13121000202,Census Tract 2.02,Virginia Highland,0,0.0,0.0,176332.0,Q4 (highest),3999,1.550387596899225,1.588114754098361,10.7,21.4,12.3,0.6139850841007758,1590214,Atlanta,No court,33.78704478831381,-84.36285079291308
13121010522,Census Tract 105.22,,0,0.0,0.0,53062.0,Q1 (lowest),5644,87.22537207654146,19.989348482158707,30.7,39.6,20.7,1.817658614634508,4707714,Atlanta,No court,33.60876600764041,-84.4803510773179
13121008909,Census Tract 89.09,Underwood Hills,1,5.868544600938967,3.330420380724106,133353.0,Q4 (highest),1704,20.129107981220656,1.5258215962441315,11.7,23.1,14.6,0.3002623950381237,777676,Atlanta,Has court,33.80609604536581,-84.41980965587686
13121008701,Census Tract 87.01,Scotts Crossing,0,0.0,0.0,49679.0,Q1 (lowest),3701,78.35720075655229,30.8295055390435,34.9,40.5,21.5,1.620208665059452,4196321,Atlanta,No court,33.80093560541791,-84.4729909446078
13121009411,Census Tract 94.11,Pine Hills,1,3.930817610062893,2.0278704286577787,97114.0,Q3,2544,13.91509433962264,16.784591194968552,16.2,24.9,13.3,0.4931281534895142,1277196,Atlanta,Has court,33.83429763853083,-84.35280918975263
13121009409,Census Tract 94.09,Pine Hills,0,0.0,0.0,90313.0,Q3,1726,40.61413673232909,24.543849323131255,16.9,24.4,13.5,0.2023125203668897,523987,Atlanta,No court,33.83588685211347,-84.3586791960516
13121010003,Census Tract 100.03,North Buckhead,0,0.0,0.0,145673.0,Q4 (highest),3876,6.140350877192982,5.535343035343035,11.5,21.6,12.8,0.8052523795477045,2085594,Atlanta,No court,33.856346710794206,-84.37476797826237
13121010222,Census Tract 102.22,,0,0.0,0.0,250001.0,Q4 (highest),2790,1.1827956989247312,0.5017921146953405,11.3,20.0,10.2,2.2042113708634945,5708881,Atlanta,No court,33.89972234643039,-84.4044416922368
13121010533,Census Tract 105.33,,0,0.0,0.0,55460.0,Q1 (lowest),2491,99.39783219590524,22.72179847450823,29.7,37.5,19.7,1.1902680630180529,3082780,Atlanta,No court,33.56945981983264,-84.52134033192503
13121010006,Census Tract 100.06,North Buckhead,0,0.0,0.0,94655.0,Q3,4082,26.531112199902008,18.912297893189617,15.1,23.9,14.8,0.2596131719529202,672395,Atlanta,No court,33.8527303271322,-84.36557168591331
13121009406,Census Tract 94.06,Lindbergh/Morosgo,0,0.0,0.0,83220.0,Q2,1795,42.28412256267409,12.646239554317548,13.9,23.8,14.5,0.233094516268029,603712,Atlanta,No court,33.823516474314495,-84.36055906993306
13121011512,Census Tract 115.12,,0,0.0,0.0,186563.0,Q4 (highest),3015,1.1276948590381426,2.8855721393034823,13.5,22.2,12.3,2.25775100116294,5847548,Atlanta,No court,34.08433513284823,-84.40236361932739
13121010215,Census Tract 102.15,,0,0.0,0.0,127671.0,Q4 (highest),1849,23.74256354786371,0.9194159004867496,14.2,23.2,12.8,1.7779962687085809,4604989,Atlanta,No court,33.99188295993437,-84.3668860595562
13121011657,Census Tract 116.57,,0,0.0,0.0,191897.0,Q4 (highest),3207,14.655441222326164,2.525724976613658,14.3,21.5,12.4,0.6428782681618602,1665047,Atlanta,No court,34.08250255724448,-84.2006779222484
13121011653,Census Tract 116.53,,2,5.54016620498615,1.3366752088693714,237692.0,Q4 (highest),3610,9.97229916897507,4.1828254847645425,13.4,21.7,11.4,1.4962497895743143,3875269,Atlanta,Has court,34.085511860418926,-84.22037027440118
13121011629,Census Tract 116.29,,1,2.233139794551139,0.6551372101447076,197455.0,Q4 (highest),4478,16.346583296114336,2.010845006778129,17.0,20.1,12.4,1.526397805704119,3953352,Atlanta,Has court,34.03390117465633,-84.19661268112147
13121010132,Census Tract 101.32,,2,5.892751915144372,2.88639476479117,101742.0,Q3,3394,24.779021803182086,5.843373493975903,16.6,23.1,13.5,0.6929059130775895,1794618,Atlanta,Has court,33.91492386920397,-84.3679592921773
13121010216,Census Tract 102.16,,0,0.0,0.0,125863.0,Q4 (highest),3646,39.13878222709819,7.816785518376303,16.8,24.5,15.2,0.7649657064048173,1981252,Atlanta,No court,33.94997604241936,-84.37663813892756
13121010217,Census Tract 102.17,,0,0.0,0.0,99483.0,Q3,2332,14.365351629502571,6.475128644939966,14.7,24.0,13.3,0.995107313238517,2577316,Atlanta,No court,33.955569865165195,-84.3828112562412
13121011649,Census Tract 116.49,,2,3.696174459434485,0.87928961218056,169000.0,Q4 (highest),5411,5.85843651820366,8.501201256699316,16.9,18.6,10.9,2.274563434270738,5891092,Atlanta,Has court,34.049240331554856,-84.16479508121202
13121010220,Census Tract 102.20,,0,0.0,0.0,137125.0,Q4 (highest),4512,8.62145390070922,4.122340425531915,13.4,22.4,12.3,1.8698638758171853,4842925,Atlanta,No court,33.92244114059663,-84.39279733837189
13089021906,Census Tract 219.06,,0,0.0,0.0,46238.0,Q1 (lowest),5944,79.45827725437415,22.38303601480983,35.1,41.6,20.7,1.2001051742324675,3108258,Atlanta,No court,33.797866012064006,-84.17664587067688
13121010601,Census Tract 106.01,,1,3.115264797507788,0.8856694597870006,64844.0,Q2,3210,64.3613707165109,30.34267912772586,26.9,36.2,17.6,1.1290894011864148,2924328,Atlanta,Has court,33.66101920491481,-84.45727060540075
13121010603,Census Tract 106.03,,0,0.0,0.0,46802.0,Q1 (lowest),3498,94.05374499714122,13.664951400800456,27.1,36.2,19.8,2.3725746991877954,6144940,Atlanta,No court,33.64552985143825,-84.46868880091739
13089020802,Census Tract 208.02,East Lake,1,2.300966405890474,0.9602310497153588,109755.0,Q3,4346,46.66359871145882,7.184107184107185,18.5,30.3,15.6,1.0414160220047353,2697255,Atlanta,Has court,33.74709191866065,-84.30189969641867
13089021911,Census Tract 219.11,,0,0.0,0.0,46938.0,Q1 (lowest),3128,86.31713554987212,37.89370078740157,32.4,42.1,22.7,0.3505784582785711,907994,Atlanta,No court,33.82056518880194,-84.19196334293076
13089021410,Census Tract 214.10,,1,1.8758206715438004,0.9527776909196922,102609.0,Q3,5331,8.760082536109548,10.166948039767398,24.8,29.0,16.7,1.0495627778970404,2718355,Atlanta,Has court,33.85460511051304,-84.30648504736172
13089021503,Census Tract 215.03,,0,0.0,0.0,72500.0,Q2,3781,22.82464956360751,15.77080491132333,16.3,25.0,14.5,0.7435474604515542,1925779,Atlanta,No court,33.82079835315112,-84.32530228113714
13121001001,Census Tract 10.01,Georgia Tech,0,0.0,0.0,102591.0,Q3,4925,12.873096446700508,20.885442721360683,13.7,20.5,17.8,0.3611036035688196,935254,Atlanta,No court,33.78112527009494,-84.39163970121591
13121008903,Census Tract 89.03,,0,0.0,0.0,97098.0,Q3,3225,45.48837209302326,16.124031007751938,16.1,27.2,16.1,0.4459507148295668,1155007,Atlanta,No court,33.81727559179421,-84.44389859610926
13121004300,Census Tract 43,Atlanta University Center,0,0.0,0.0,51838.0,Q1 (lowest),2389,58.18334030975304,26.594594594594597,21.0,29.0,25.7,0.2409285293985918,624002,Atlanta,No court,33.74530425859835,-84.40916286791347
13121980000,Census Tract 9800,,0,,0.0,,,0,,,,,,1.052133446178129,2725013,Atlanta,No court,33.65185025650191,-84.42574167346666
13089021208,Census Tract 212.08,,0,0.0,0.0,86448.0,Q3,5149,22.23732763643426,3.961934356185667,15.4,24.2,13.8,1.3949705558481351,3612957,Atlanta,No court,33.90121062707118,-84.30369823196125
13089980000,Census Tract 9800,East Lake,0,,0.0,,,0,,,,,,0.2488915006556015,644626,Atlanta,No court,33.7425671971151,-84.30226061078257
13089020400,Census Tract 204,Candler Park,1,3.684598378776714,2.555488899851998,188438.0,Q4 (highest),2714,3.500368459837878,2.910832719233603,11.2,23.8,13.4,0.3913145543531476,1013500,Atlanta,Has court,33.766075422475616,-84.3443446757855
13089020500,Census Tract 205,Edgewood,1,2.8200789622109417,1.535939065041687,99961.0,Q3,3546,30.51325437112239,6.655386350817823,15.7,27.6,15.4,0.6510674952934145,1686257,Atlanta,Has court,33.7526586613212,-84.34161949558252
13089020600,Census Tract 206,Edgewood,0,0.0,0.0,84297.0,Q2,2885,44.0207972270364,27.00173310225303,17.2,30.7,17.1,0.4275228302216072,1107279,Atlanta,No court,33.75761719217976,-84.33568216686461
13089020801,Census Tract 208.01,Kirkwood,0,0.0,0.0,175524.0,Q4 (highest),2857,24.221211060553028,3.080154007700385,13.6,26.0,13.7,0.532343006994627,1378762,Atlanta,No court,33.75587381611793,-84.31625347819096
13121001002,Census Tract 10.02,Georgia Tech,3,4.056246619794483,4.403633099151914,55985.0,Q1 (lowest),7396,22.67441860465116,29.99263080324245,16.8,19.5,25.3,0.681255666049418,1764444,Atlanta,Has court,33.776356409830306,-84.39951243766109
13089023501,Census Tract 235.01,,0,0.0,0.0,69904.0,Q2,3845,81.89856957087126,14.37125748502994,25.3,35.4,18.3,0.8873766982704167,2298295,Atlanta,No court,33.73505471204899,-84.2691203585503
13089021703,Census Tract 217.03,,0,0.0,0.0,198393.0,Q4 (highest),4331,3.625028861694759,3.205128205128205,14.0,22.2,10.8,2.015093120122564,5219067,Atlanta,No court,33.84465887022554,-84.27391730777222
13089022401,Census Tract 224.01,,1,2.4154589371980677,0.9730000623624552,113975.0,Q3,4140,4.154589371980676,9.251323418200151,12.8,23.2,13.5,1.0277491633165867,2661858,Atlanta,Has court,33.78946523095022,-84.3393252361415
13089022403,Census Tract 224.03,,0,0.0,0.0,224286.0,Q4 (highest),3904,0.5122950819672131,6.915983606557377,12.3,22.7,11.3,1.8779832184550664,4863954,Atlanta,No court,33.779676130836265,-84.32177189291637
13121011431,Census Tract 114.31,,0,0.0,0.0,113152.0,Q3,4333,6.877452111700901,5.954304177244404,29.4,29.3,17.9,0.261378431096978,676967,Atlanta,No court,34.03287525728456,-84.32502637563734
13121011430,Census Tract 114.30,,0,0.0,0.0,58553.0,Q1 (lowest),4359,28.07983482450103,24.753383803624686,28.4,33.0,19.4,0.381046167009268,986905,Atlanta,No court,34.02758803310386,-84.32583025255141
13121011438,Census Tract 114.38,,0,0.0,0.0,114261.0,Q3,5507,14.654076629743962,14.018521881242055,19.3,26.5,15.5,1.8911585690744512,4898078,Atlanta,No court,34.01559632305305,-84.34336540804074
13121011435,Census Tract 114.35,,0,0.0,0.0,109644.0,Q3,3604,15.98224195338513,9.433962264150944,16.4,25.0,14.5,1.211499821620795,3137770,Atlanta,No court,34.01153464444122,-84.32117081358234
13121011436,Census Tract 114.36,,2,6.365372374283896,1.2734541596171556,158226.0,Q4 (highest),3142,13.653723742838956,8.928571428571429,14.9,23.3,12.2,1.5705316009186143,4067658,Atlanta,Has court,33.9991907510962,-84.31334076721335
13121011507,Census Tract 115.07,,0,0.0,0.0,250001.0,Q4 (highest),4291,6.105802843160102,4.870659519925425,13.8,23.7,13.3,8.273223273621346,21427549,Atlanta,No court,34.157790710421885,-84.33558856302159
13121011511,Census Tract 115.11,,0,0.0,0.0,250001.0,Q4 (highest),2372,3.1618887015177064,0.5112910097997444,13.2,21.4,12.3,2.388389830377593,6185901,Atlanta,No court,34.097882955118656,-84.33156956026102
13121011655,Census Tract 116.55,,0,0.0,0.0,188681.0,Q4 (highest),2677,0.1867762420620097,6.723944714232349,15.3,23.1,13.5,1.1969584415062926,3100108,Atlanta,No court,34.085215614034446,-84.31210242105149
13121010120,Census Tract 101.20,,0,0.0,0.0,83906.0,Q2,2775,14.774774774774771,8.792792792792794,13.6,24.8,14.9,0.3697982384474368,957773,Atlanta,No court,34.00346535970125,-84.3410912895687
13121011439,Census Tract 114.39,,0,0.0,0.0,124509.0,Q4 (highest),4031,1.1659637806995784,6.9957826841974695,14.6,23.5,12.6,1.6185824026983908,4192109,Atlanta,No court,33.98533311613275,-84.28104353705028
13121011429,Census Tract 114.29,,0,0.0,0.0,146333.0,Q4 (highest),5395,23.373493975903617,11.145096539858535,16.4,23.7,13.5,1.4281413659059423,3698869,Atlanta,No court,34.03214558814271,-84.26453496114415
13121011441,Census Tract 114.41,,0,0.0,0.0,138553.0,Q4 (highest),3987,4.991221469776774,2.2573363431151243,13.5,23.2,13.4,1.281627945766544,3319401,Atlanta,No court,34.018758647696956,-84.29718545807758
13121011444,Census Tract 114.44,,1,2.635740643120717,0.3550983585879359,179112.0,Q4 (highest),3794,12.519768054823404,5.007907221929362,14.8,21.0,11.8,2.8161211557736947,7293720,Atlanta,Has court,34.00534398371945,-84.24439444983533
13121011644,Census Tract 116.44,,0,0.0,0.0,121150.0,Q3,3887,21.63622330846411,10.162078723951634,16.7,23.7,14.0,0.4062930021297396,1052294,Atlanta,No court,34.104257836174384,-84.26077289612641
13121011652,Census Tract 116.52,,3,9.927200529450694,1.147175469642821,137500.0,Q4 (highest),3022,3.209794837855725,4.521276595744681,16.0,19.4,12.3,2.6151186800865487,6773126,Atlanta,Has court,34.09029955716691,-84.24338240677389
13121011656,Census Tract 116.56,,1,2.478929102627665,0.6187643672256914,186211.0,Q4 (highest),4034,3.0738720872583043,0.376034093757834,12.8,20.2,11.0,1.6161240901502247,4185742,Atlanta,Has court,34.07375303685477,-84.22426747663803
13121011509,Census Tract 115.09,,1,4.1806020066889635,0.2085161111645598,243269.0,Q4 (highest),2392,1.4214046822742474,2.508361204013378,14.4,22.5,12.7,4.795792490158256,12421045,Atlanta,Has court,34.10264514313374,-84.38734882797895
13121011634,Census Tract 116.34,,0,0.0,0.0,94833.0,Q3,2293,17.095508068033144,5.713039686000872,17.6,23.8,14.0,0.6025869617928732,1560693,Atlanta,No court,34.056446785833415,-84.22269156902887
13121011651,Census Tract 116.51,,0,0.0,0.0,141413.0,Q4 (highest),1995,12.230576441102755,0.5513784461152882,13.8,20.4,12.2,1.027364991652471,2660863,Atlanta,No court,34.067593694783746,-84.23653260243663
13089023212,Census Tract 232.12,,0,0.0,0.0,73667.0,Q2,3542,91.84076792772446,8.09052333804809,23.5,35.6,16.6,1.3555993309621512,3510986,Atlanta,No court,33.73483421313218,-84.17521398999207
13121011419,Census Tract 114.19,,2,3.456619426201175,0.7574549337816083,155972.0,Q4 (highest),5786,4.23435879709644,4.562737642585551,15.4,21.8,11.8,2.640421113920219,6838659,Atlanta,Has court,34.046982729646935,-84.37424111400726
13121007500,Census Tract 75,Perkerson,0,0.0,0.0,22981.0,Q1 (lowest),3023,82.83162421435661,31.798465131798466,40.6,43.5,21.6,1.2843159891088298,3326363,Atlanta,No court,33.69507722879291,-84.41169721533592
13089021412,Census Tract 214.12,,1,2.5779840164990975,0.826156161462922,220694.0,Q4 (highest),3879,2.91312193864398,1.3663315287445217,11.6,22.9,13.3,1.2104249131656208,3134986,Atlanta,Has court,33.87183405093707,-84.3152254263318
13089023601,Census Tract 236.01,,1,4.219409282700422,1.4596703609460284,92717.0,Q3,2370,58.64978902953587,11.31279020683833,20.6,30.9,15.3,0.6850861857275015,1774365,Atlanta,Has court,33.73519920792588,-84.2982797745111
13089021307,Census Tract 213.07,,0,0.0,0.0,76500.0,Q2,3359,7.6213158678178035,19.33152664859982,29.0,28.8,16.4,1.397658985292596,3619920,Atlanta,No court,33.890990850912125,-84.27426341410046
13089021415,Census Tract 214.15,,0,0.0,0.0,121397.0,Q3,4530,20.684326710816777,14.769161810847152,13.0,23.9,13.2,0.7835210047305239,2029310,Atlanta,No court,33.84041484669073,-84.34426694185554
13089021417,Census Tract 214.17,,0,0.0,0.0,69511.0,Q2,4513,9.882561489031689,20.74008420119654,24.6,30.4,17.7,0.7282157291848457,1886070,Atlanta,No court,33.839026931630684,-84.33320611730353
13089021305,Census Tract 213.05,,0,0.0,0.0,54435.0,Q1 (lowest),5813,10.700154825391364,27.951933124346915,33.4,34.5,18.8,0.8461054645813031,2191403,Atlanta,No court,33.93355747728194,-84.27626678176392
13121011505,Census Tract 115.05,,1,2.3094688221709005,0.6217273345729529,205694.0,Q4 (highest),4330,11.63972286374134,1.9630484988452657,13.6,22.1,12.4,1.6084221239635088,4165794,Atlanta,Has court,34.079362742133384,-84.37099987096532
13121011422,Census Tract 114.22,,0,0.0,0.0,118472.0,Q3,3343,10.320071791803768,3.755299818291944,16.6,25.7,14.4,1.4290757331694202,3701289,Atlanta,No court,34.00475012307282,-84.37339122474764
13121011424,Census Tract 114.24,,0,0.0,0.0,107061.0,Q3,6265,9.816440542697526,1.6121308858739023,15.0,22.6,12.6,1.8817901859004753,4873814,Atlanta,No court,34.00436064962209,-84.26242993725675
13121007603,Census Tract 76.03,Fort McPherson,2,6.34517766497462,1.6388460192625411,19375.0,Q1 (lowest),3152,91.78299492385788,42.53611556982344,39.8,43.0,20.2,1.220370905193383,3160746,Atlanta,Has court,33.706501550034496,-84.4402936079816
13121007604,Census Tract 76.04,Campbellton Road,0,0.0,0.0,30216.0,Q1 (lowest),3573,92.41533725160927,34.25692695214106,38.7,43.4,23.8,0.4222915318526572,1093730,Atlanta,No court,33.70113263790897,-84.46546904057853
13121007703,Census Tract 77.03,Kings Forest,0,0.0,0.0,59464.0,Q1 (lowest),3814,96.72260094389092,18.79916098584164,27.9,35.8,16.2,1.7477227693719044,4526581,Atlanta,No court,33.7032706701281,-84.50725057321789
13089021813,Census Tract 218.13,,0,0.0,0.0,53326.0,Q1 (lowest),2566,55.49493374902572,15.237724084177708,26.5,35.0,19.9,0.2055654311911869,532412,Atlanta,No court,33.90114212547157,-84.23847364656112
13121009802,Census Tract 98.02,Mt. Paran/Northside,0,0.0,0.0,238869.0,Q4 (highest),4114,8.167233835683033,2.0904229460379193,12.1,21.0,11.4,4.104465348874204,10630516,Atlanta,No court,33.86612380602534,-84.42541835684099
13121011624,Census Tract 116.24,,2,4.964010920824026,1.9355149203483344,241875.0,Q4 (highest),4029,12.683047902705386,0.9684628755897692,13.2,20.1,11.8,1.0333167566799537,2676278,Atlanta,Has court,34.0751361038604,-84.19156021732638
13089021210,Census Tract 212.10,,0,0.0,0.0,214618.0,Q4 (highest),5602,1.892181363798643,1.9457336665476617,14.5,22.2,11.7,2.4337425501585335,6303364,Atlanta,No court,33.94351250508219,-84.3113169381741
13089021211,Census Tract 212.11,,0,0.0,0.0,148125.0,Q4 (highest),4596,3.8729329852045256,1.5230635335073976,13.9,22.3,11.0,1.9294479356661112,4997247,Atlanta,No court,33.948462516202326,-84.28417281801882
13089021808,Census Tract 218.08,,0,0.0,0.0,126979.0,Q4 (highest),5104,11.892633228840126,12.362852664576804,23.5,28.6,14.8,1.1612802839240954,3007702,Atlanta,No court,33.87615948931027,-84.23948046131748
13089023410,Census Tract 234.10,,0,0.0,0.0,34167.0,Q1 (lowest),3205,92.73010920436818,22.39273410585656,32.8,42.4,20.9,1.246145541987067,3227502,Atlanta,No court,33.706627594014144,-84.27622162403507
13089023411,Census Tract 234.11,,0,0.0,0.0,56927.0,Q1 (lowest),3105,92.68921095008052,4.9238743116294135,25.4,34.7,15.7,1.124189764585782,2911638,Atlanta,No court,33.70319119826552,-84.29152661197928
13089023413,Census Tract 234.13,,0,0.0,0.0,68875.0,Q2,4077,93.32842776551384,14.69498641639911,25.7,36.8,15.5,1.5454233764789644,4002628,Atlanta,No court,33.69143346824571,-84.24010902090902
13089021604,Census Tract 216.04,,0,0.0,0.0,179750.0,Q4 (highest),2932,0.5457025920873124,0.2046384720327421,12.0,21.4,10.4,1.340918181860302,3472962,Atlanta,No court,33.83242826306885,-84.29915210718185
13089021910,Census Tract 219.10,,0,0.0,0.0,72313.0,Q2,7146,69.42345368038063,12.137757244855104,22.8,33.1,16.8,1.4252602714761613,3691407,Atlanta,No court,33.82129495503999,-84.20473971561992
13089023112,Census Tract 231.12,,0,0.0,0.0,36691.0,Q1 (lowest),3373,73.49540468425734,26.119181737325825,30.5,40.5,19.8,0.9532885866652664,2469006,Atlanta,No court,33.76478326276712,-84.2409536449608
13089023114,Census Tract 231.14,,0,0.0,0.0,51250.0,Q1 (lowest),3929,68.185288877577,11.046067701705269,27.7,34.2,16.3,0.9228328471019944,2390126,Atlanta,No court,33.77877950665506,-84.2296008789678
13089023213,Census Tract 232.13,,0,0.0,0.0,67281.0,Q2,7113,93.2799100238999,24.8030388294879,30.6,39.8,18.4,1.9560136958163512,5066052,Atlanta,No court,33.72071408449924,-84.2043696519561
13089023803,Census Tract 238.03,,0,0.0,0.0,71953.0,Q2,5619,69.38957109806016,18.739989321943405,26.9,35.7,17.2,1.9105930220526115,4948413,Atlanta,No court,33.70775534546616,-84.31351336290437
13089023315,Census Tract 233.15,,0,0.0,0.0,80078.0,Q2,7518,86.77839851024208,6.572645023948908,26.2,37.2,17.7,8.999307718800242,23308099,Atlanta,No court,33.75232025713867,-84.07022122183703
13089021411,Census Tract 214.11,,1,2.3223409196470044,1.5534220727304788,133449.0,Q4 (highest),4306,17.46400371574547,4.737575476079889,10.3,21.9,14.0,0.6437400482164396,1667279,Atlanta,Has court,33.86677725714386,-84.32931192017108
13089021416,Census Tract 214.16,,0,0.0,0.0,119696.0,Q3,2166,8.033240997229916,8.910433979686056,18.1,27.0,15.6,0.3002654838555236,777684,Atlanta,No court,33.84732397856297,-84.33397126229679
13121005501,Census Tract 55.01,Peoplestown,2,6.70465973851827,4.3429286230504935,73971.0,Q2,2983,62.35333556821991,43.88199798860208,29.1,35.5,22.0,0.4605187359941436,1192738,Atlanta,Has court,33.7298671847526,-84.38373704629751
13121005700,Census Tract 57,Pittsburgh,0,0.0,0.0,42381.0,Q1 (lowest),1290,92.94573643410853,35.50387596899225,31.5,38.7,19.8,0.2903434301626107,751986,Atlanta,No court,33.73214705842482,-84.40382320454052
13121005800,Census Tract 58,Adair Park,1,8.019246190858059,2.061365298704358,57813.0,Q1 (lowest),1247,39.21411387329591,18.84522854851644,24.3,33.6,17.6,0.4851153750519307,1256443,Atlanta,Has court,33.731861349234116,-84.41059843437542
13121006100,Census Tract 61,Bush Mountain,0,0.0,0.0,62391.0,Q2,3065,79.15171288743883,33.70309951060359,31.1,37.8,18.4,0.8675522820955155,2246950,Atlanta,No court,33.727755163681444,-84.43703232579873
13121006300,Census Tract 63,Pittsburgh,0,0.0,0.0,44198.0,Q1 (lowest),1673,88.76270173341302,28.451882845188287,31.1,38.8,21.1,0.511880363924466,1325764,Atlanta,No court,33.72376130618864,-84.39970501595178
13121006400,Census Tract 64,Chosewood Park,3,34.09090909090909,6.1847358102638434,51302.0,Q1 (lowest),880,32.95454545454545,20.454545454545457,25.1,32.5,18.9,0.4850651817691819,1256313,Atlanta,Has court,33.71881550354385,-84.37357905657396
13121006500,Census Tract 65,Capitol View,1,3.048780487804878,0.78738380334892,64405.0,Q2,3280,69.0548780487805,20.548780487804876,26.7,35.1,18.2,1.2700286642254712,3289359,Atlanta,Has court,33.714135062724424,-84.41014538110774
13121008602,Census Tract 86.02,English Park,2,14.9812734082397,1.1568835111175233,42321.0,Q1 (lowest),1335,79.7752808988764,30.41198501872659,35.5,42.3,22.2,1.7287825271777322,4477526,Atlanta,Has court,33.79309946571984,-84.48877707614723
13121009501,Census Tract 95.01,Peachtree Battle Alliance,0,0.0,0.0,157201.0,Q4 (highest),3739,2.8617277346884196,2.754747258625301,12.3,20.4,10.6,1.7391377875109846,4504346,Atlanta,No court,33.82929051686086,-84.39726541153591
13121006801,Census Tract 68.01,Chosewood Park,2,11.11111111111111,7.840821503931024,,,1800,57.22222222222222,41.66666666666667,43.1,47.1,22.6,0.2550753130902537,660642,Atlanta,Has court,33.71029239723215,-84.3677884806736
13121011100,Census Tract 111,,1,3.9666798889329633,0.7500213568846923,78772.0,Q2,2521,52.955176517255055,11.67129813418023,20.1,29.6,15.0,1.3332953666194591,3453219,Atlanta,Has court,33.6880878875242,-84.42723083523914
13121011202,Census Tract 112.02,,1,2.4026910139356077,0.8065942970716131,56790.0,Q1 (lowest),4162,69.60595867371457,24.67438494934877,27.7,36.2,18.0,1.2397806476323443,3211017,Atlanta,Has court,33.67718992565485,-84.45031436445048
13121002400,Census Tract 24,Hunter Hills,0,0.0,0.0,40612.0,Q1 (lowest),2764,87.87988422575977,41.20839363241679,36.8,41.8,21.0,0.5221051217225717,1352246,Atlanta,No court,33.75866980366474,-84.4248088814736
13121002600,Census Tract 26,Downtown,0,0.0,0.0,25938.0,Q1 (lowest),986,83.16430020283975,29.80269989615784,36.4,41.8,22.0,0.3692310543523753,956304,Atlanta,No court,33.75879374778416,-84.40262852074929
13121003000,Census Tract 30,Inman Park,0,0.0,0.0,160375.0,Q4 (highest),4144,5.043436293436294,5.304326570520655,11.0,22.5,14.1,0.4732072117708653,1225601,Atlanta,No court,33.758881041435686,-84.35744512612216
13121003100,Census Tract 31,Reynoldstown,1,3.544842254519674,3.1830664993603115,140413.0,Q4 (highest),2821,44.66501240694789,8.354070387486669,15.4,24.4,17.4,0.3141624594399665,813677,Atlanta,Has court,33.75181822994423,-84.3528877632986
13121003200,Census Tract 32,Cabbagetown,0,0.0,0.0,118237.0,Q3,2937,17.97752808988764,6.036834924965893,12.0,24.6,14.7,0.4141663976821514,1072686,Atlanta,No court,33.74992813029651,-84.3647305757555
13121003500,Census Tract 35,Downtown,0,0.0,0.0,53420.0,Q1 (lowest),3285,70.53272450532725,43.33810888252149,25.9,35.5,19.7,0.5366256523196247,1389854,Atlanta,No court,33.75092281202582,-84.39172965605043
13121003800,Census Tract 38,Atlanta University Center,1,2.5933609958506225,3.102644087938206,,,3856,44.34647302904564,16.19047619047619,15.5,24.1,22.9,0.3223057404126969,834768,Atlanta,Has court,33.75082857994083,-84.41202298779582
13121007807,Census Tract 78.07,Oakcliff,0,0.0,0.0,44732.0,Q1 (lowest),3986,96.06121424987457,18.436317780580076,48.4,46.7,23.5,1.1192121353458009,2898746,Atlanta,No court,33.76245064233238,-84.49686208221883
13121007808,Census Tract 78.08,Adamsville,0,0.0,0.0,14971.0,Q1 (lowest),3877,93.29378385349496,65.56615940159918,49.6,48.7,27.6,0.6296924927837504,1630896,Atlanta,No court,33.751632992599305,-84.49986286073086
13121007900,Census Tract 79,Green Forest Acres,0,0.0,0.0,89463.0,Q3,4665,91.5112540192926,4.258121158911326,21.1,30.4,13.3,3.263356818641631,8452055,Atlanta,No court,33.73228761394471,-84.49155698213777
13121008000,Census Tract 80,Cascade Avenue/Road,0,0.0,0.0,46824.0,Q1 (lowest),5586,82.63515932688865,11.262798634812286,28.9,36.3,16.7,2.282777758043667,5912367,Atlanta,No court,33.72453215094868,-84.45558214291503
13121004200,Census Tract 42,West End,1,4.597701149425287,2.096782759346514,26524.0,Q1 (lowest),2175,90.80459770114942,27.645687645687644,38.2,41.5,20.5,0.4769211285921015,1235220,Atlanta,Has court,33.73903746317106,-84.41823676520734
13089020700,Census Tract 207,Kirkwood,1,3.43878954607978,2.0238534504516967,85125.0,Q3,2908,25.825309491059144,13.349514563106796,15.6,28.2,16.0,0.4941069225031158,1279731,Atlanta,Has court,33.75380811586941,-84.32494767669591
13121002100,Census Tract 21,Downtown,0,0.0,0.0,80837.0,Q2,2903,59.21460558043403,21.942817774715813,18.9,29.5,17.2,0.3097956438408208,802367,Atlanta,No court,33.765462726661426,-84.3947215667436
13121002300,Census Tract 23,Historic Westin Heights/Bankhead,0,0.0,0.0,32847.0,Q1 (lowest),1209,95.616211745244,46.236559139784944,38.1,44.3,20.6,0.4359522129060057,1129111,Atlanta,No court,33.76724969228814,-84.41863755696171
13121007805,Census Tract 78.05,,0,0.0,0.0,58321.0,Q1 (lowest),5057,89.49970338145145,24.749899959983992,28.9,35.9,17.3,5.817057453548047,15066109,Atlanta,No court,33.75289575091262,-84.53820237534815
13121007806,Census Tract 78.06,Wildwood (NPU-H),0,0.0,0.0,49803.0,Q1 (lowest),4964,88.39645447219984,14.061240934730057,27.6,34.9,17.3,1.9046227241207296,4932950,Atlanta,No court,33.746206860034,-84.51544992029632
13121009700,Census Tract 97,Paces,0,0.0,0.0,235278.0,Q4 (highest),4021,8.182044267595126,2.807017543859649,13.7,23.0,12.3,4.063095273028292,10523368,Atlanta,No court,33.843713525509806,-84.44363084586811
13121010107,Census Tract 101.07,,0,0.0,0.0,250001.0,Q4 (highest),1927,1.0897768552153606,2.4909185262065385,13.0,21.1,10.7,2.0532025631006783,5317770,Atlanta,No court,33.97442457922582,-84.30238320982644
13121002500,Census Tract 25,Vine City,3,9.049773755656108,8.908455734400672,39081.0,Q1 (lowest),3315,89.41176470588236,41.49326805385557,36.3,42.3,22.8,0.3367587031291265,872201,Atlanta,Has court,33.75907447096278,-84.41266127014937
13121007100,Census Tract 71,Thomasville Heights,0,0.0,0.0,33813.0,Q1 (lowest),2517,83.63130711164084,24.86077963404932,36.0,40.9,20.4,0.9381055047359292,2429682,Atlanta,No court,33.696554328910125,-84.35475891114285
13121007200,Census Tract 72,South River Gardens,0,0.0,0.0,54167.0,Q1 (lowest),1855,83.50404312668464,36.33423180592992,37.4,42.2,21.1,3.364132961233797,8713064,Atlanta,No court,33.659869712796464,-84.36675915982535
13121006200,Census Tract 62,Oakland City,1,6.738544474393531,2.4834385523499765,62000.0,Q2,1484,64.15094339622641,14.487870619946092,27.1,36.5,18.8,0.4026675027065762,1042904,Atlanta,Has court,33.72849183435468,-84.42171106527914
13121003700,Census Tract 37,The Villages at Castleberry Hill,0,0.0,0.0,,,330,92.12121212121212,52.72727272727272,44.8,42.9,14.1,0.0349723628063141,90578,Atlanta,No court,33.74898829105482,-84.41013308658628
13121011426,Census Tract 114.26,,0,0.0,0.0,131635.0,Q4 (highest),2250,3.644444444444445,1.2533572068039391,15.2,22.7,13.4,0.56757444436036,1470011,Atlanta,No court,34.03715267078581,-84.24603586630722
13121010520,Census Tract 105.20,,0,0.0,0.0,66301.0,Q2,7410,89.67611336032388,28.65047233468286,29.9,38.0,18.8,7.087683031736054,18357014,Atlanta,No court,33.56080143657344,-84.6257768176324
13121011618,Census Tract 116.18,,1,2.167316861725184,0.5001797951918401,157708.0,Q4 (highest),4614,11.833550065019509,16.626506024096386,16.7,21.9,12.5,1.9992810777501673,5178114,Atlanta,Has court,34.056188269614324,-84.25978771817735
13121007705,Census Tract 77.05,Greenbriar,0,0.0,0.0,33607.0,Q1 (lowest),3994,97.92188282423636,17.57636454682023,31.8,38.6,17.8,1.2500459461588238,3237604,Atlanta,No court,33.682663424182465,-84.49145890643746
13121011612,Census Tract 116.12,,0,0.0,0.0,208750.0,Q4 (highest),3673,13.9395589436428,3.084061135371179,17.5,20.7,11.7,2.7748201922171067,7186751,Atlanta,No court,34.0050680736871,-84.20008305281117
13121009301,Census Tract 93.01,Peachtree Hills,0,0.0,0.0,153188.0,Q4 (highest),3669,3.952030526028891,1.6353229762878168,12.5,21.6,12.5,0.4955420642875565,1283448,Atlanta,No court,33.82093936874796,-84.38406925857599
13121009105,Census Tract 91.05,Brookwood Hills,0,0.0,0.0,250001.0,Q4 (highest),1142,4.028021015761821,0.5253940455341506,10.7,20.8,11.1,0.2684471897167091,695275,Atlanta,No court,33.80641839636629,-84.38883556761394
13121010315,Census Tract 103.15,,0,0.0,0.0,90809.0,Q3,4761,94.43394244906531,6.51123713505566,22.7,34.0,17.1,3.91026406299952,10127537,Atlanta,No court,33.632104658799676,-84.60324659163636
13121009408,Census Tract 94.08,Lindbergh/Morosgo,0,0.0,0.0,61335.0,Q2,1383,11.85827910339841,24.222704266088215,19.4,26.8,16.2,0.1966607567293748,509349,Atlanta,No court,33.82872409688302,-84.36226199858845
13121010539,Census Tract 105.39,,0,0.0,0.0,66346.0,Q2,2778,94.9244060475162,6.27027027027027,20.5,32.9,16.8,1.9980505701184716,5174927,Atlanta,No court,33.550266054020916,-84.53370466538412
13121000602,Census Tract 6.02,Home Park,0,0.0,0.0,73340.0,Q2,2390,30.627615062761503,18.075313807531384,13.4,20.2,15.6,0.1669583025095097,432420,Atlanta,No court,33.78877572518845,-84.40248323023194
13121010525,Census Tract 105.25,,0,0.0,0.0,38196.0,Q1 (lowest),2658,96.04966139954854,23.024830699774267,27.9,38.0,21.5,0.8326474871698247,2156547,Atlanta,No court,33.57869672093095,-84.52742072199642
13121010528,Census Tract 105.28,,0,0.0,0.0,48944.0,Q1 (lowest),4135,69.62515114873035,15.115706548498276,29.1,36.8,20.2,2.1718648889492926,5625104,Atlanta,No court,33.56714297114964,-84.5572113203378
13121007809,Census Tract 78.09,,1,2.11954217888936,0.358882564766825,96250.0,Q3,4718,87.70665536244171,6.5472382171038594,22.8,32.8,13.9,2.7864268096995044,7216812,Atlanta,Has court,33.70944565500826,-84.5373016122193
13121008203,Census Tract 82.03,Collier Heights,0,0.0,0.0,,,2586,96.09435421500386,24.245939675174014,35.1,39.3,17.7,0.7869430283074671,2038173,Atlanta,No court,33.7754826529744,-84.48298385196868
13121010527,Census Tract 105.27,,2,2.9815146094215863,0.6182821630856863,42076.0,Q1 (lowest),6708,90.5933214072749,13.938580799045916,27.0,36.4,18.2,3.234769041400964,8378013,Atlanta,Has court,33.586692512454164,-84.57030738222454
13121007810,Census Tract 78.10,,0,0.0,0.0,45540.0,Q1 (lowest),4445,93.8132733408324,34.63535786859337,32.9,39.7,19.9,2.3783195134494832,6159819,Atlanta,No court,33.713102368720065,-84.52174206244617
13121010540,Census Tract 105.40,,0,0.0,0.0,110616.0,Q3,5938,94.24048501178848,0.471539238800943,27.3,35.3,19.7,3.3597209716801775,8701637,Atlanta,No court,33.54031994532502,-84.55747604794341
13121010537,Census Tract 105.37,,0,0.0,0.0,66212.0,Q2,4305,97.862950058072,27.363530778164925,27.1,38.1,19.0,1.7923399645094882,4642139,Atlanta,No court,33.55691499283892,-84.47936734008664
13121007710,Census Tract 77.10,Ben Hill,0,0.0,0.0,48125.0,Q1 (lowest),3270,99.26605504587155,23.21100917431193,33.1,38.3,19.0,2.6320307275554944,6816928,Atlanta,No court,33.674528859758745,-84.52868479368583
13121011309,Census Tract 113.09,,0,0.0,0.0,78409.0,Q2,3645,78.32647462277092,13.799725651577504,20.3,31.9,15.5,1.3620144185996228,3527601,Atlanta,No court,33.66698888623019,-84.48755285698739
13121010521,Census Tract 105.21,,0,0.0,0.0,64545.0,Q2,1730,81.44508670520231,25.59489262913523,32.9,38.6,18.7,0.8847782306327288,2291565,Atlanta,No court,33.60823039101542,-84.46499162124644
13121010532,Census Tract 105.32,,0,0.0,0.0,67166.0,Q2,3175,89.03937007874015,11.086614173228346,30.5,38.4,19.5,1.4360533716758532,3719361,Atlanta,No court,33.56845523058166,-84.50811843175511
13121009604,Census Tract 96.04,Garden Hills,1,3.1486146095717884,1.9016623102000056,74338.0,Q2,3176,15.711586901763225,9.130982367758186,12.3,22.6,14.5,0.5258557182504321,1361960,Atlanta,Has court,33.832601448458576,-84.37644513095908
13121005504,Census Tract 55.04,South Atlanta,1,7.855459544383347,2.291079961714903,42019.0,Q1 (lowest),1273,87.50981932443048,26.551453260015712,32.0,40.3,21.9,0.4364753813531182,1130466,Atlanta,Has court,33.71861399977106,-84.38472271113714
13121011310,Census Tract 113.10,,0,0.0,0.0,52628.0,Q1 (lowest),5583,80.87049973132724,41.421392677674085,38.3,41.4,21.3,1.3466653127350396,3487847,Atlanta,No court,33.668136980736534,-84.47056603293798
13121010307,Census Tract 103.07,,3,5.100306018361102,0.735515948369381,130288.0,Q4 (highest),5882,87.77626657599455,8.636518191091465,23.0,34.2,15.8,4.078769476924218,10563964,Atlanta,Has court,33.6408194451276,-84.54481946534693
13121010517,Census Tract 105.17,,0,0.0,0.0,67434.0,Q2,5137,94.8024138602297,17.967685419505546,29.4,38.8,19.7,1.6279619828354417,4216402,Atlanta,No court,33.572635785567705,-84.46757546012198
13121010306,Census Tract 103.06,,3,8.034279592929833,0.5141584134043374,83929.0,Q2,3734,87.3326191751473,18.344938403856453,21.6,34.1,15.6,5.834777612869249,15112004,Atlanta,Has court,33.67319837663674,-84.57022912703758
13121010124,Census Tract 101.24,,2,8.646779074794638,8.097457574128034,85333.0,Q3,2313,57.11197578901859,10.722006052745352,21.1,31.3,18.1,0.2469911057502969,639704,Atlanta,Has court,33.99476171722823,-84.34159344706606
13121010134,Census Tract 101.34,,0,0.0,0.0,83285.0,Q2,2228,29.75763016157989,7.822506861848125,15.8,26.4,15.7,0.2482733510734412,643025,Atlanta,No court,33.97027059767835,-84.35400778325351
13121001101,Census Tract 11.01,Midtown,0,0.0,0.0,126339.0,Q4 (highest),3507,13.287710293698318,8.126603934987168,10.9,21.5,12.9,0.0811003757546367,210049,Atlanta,No court,33.78549721435214,-84.38307491550636
13121006602,Census Tract 66.02,Oakland City,0,0.0,0.0,29784.0,Q1 (lowest),865,92.3699421965318,35.49132947976879,40.5,45.0,23.3,0.244181440222889,632427,Atlanta,No court,33.71862632573665,-84.42866818235925
13121002900,Census Tract 29,Old Fourth Ward,0,0.0,0.0,104776.0,Q3,2455,29.531568228105908,3.825857519788918,12.3,23.4,15.1,0.2760159506530532,714878,Atlanta,No court,33.75800531862306,-84.36934909750866
13121010106,Census Tract 101.06,,0,0.0,0.0,98977.0,Q3,3823,16.086842793617578,11.587758304996076,16.1,25.5,14.1,2.5725366295133414,6662839,Atlanta,No court,33.98272469817821,-84.32900265896333
13121010204,Census Tract 102.04,,1,1.9319938176197835,0.2749507846431101,174979.0,Q4 (highest),5176,2.7047913446676968,4.1731066460587325,13.1,21.6,11.2,3.6370145344302753,9419824,Atlanta,Has court,33.92513274933872,-84.41719813903985
13089023327,Census Tract 233.27,,0,0.0,0.0,62965.0,Q2,7318,97.54031156053568,10.87728887674228,25.2,37.2,18.6,1.0150969811443142,2629089,Atlanta,No court,33.724981327811065,-84.15526090304756
13089021819,Census Tract 218.19,,0,0.0,0.0,130386.0,Q4 (highest),3115,16.436597110754413,7.345360824742269,17.6,24.3,11.7,1.915738991840889,4961741,Atlanta,No court,33.85384340373191,-84.23727898509597
13089023325,Census Tract 233.25,,1,1.9821605550049557,0.7146835027380232,91591.0,Q3,5045,91.3181367690783,6.263627353815659,22.3,35.1,15.0,1.3992207685904337,3623965,Atlanta,Has court,33.7818715415325,-84.08931989043072
13089021816,Census Tract 218.16,,0,0.0,0.0,105547.0,Q3,2430,8.477366255144032,0.990507635163021,20.3,29.5,14.4,0.5874150768266108,1521398,Atlanta,No court,33.89016389715522,-84.23148739617784
13089023328,Census Tract 233.28,,0,0.0,0.0,57456.0,Q1 (lowest),4501,95.48989113530328,29.302221225039265,33.1,42.7,20.9,0.9765439067671356,2529237,Atlanta,No court,33.722165160054594,-84.13100104818456
13089021103,Census Tract 211.03,,0,0.0,0.0,120792.0,Q3,4480,5.959821428571429,5.382293762575452,12.7,23.4,15.2,0.9300178224763976,2408735,Atlanta,No court,33.87456474780067,-84.33918194772306
13089023432,Census Tract 234.32,,0,0.0,0.0,88594.0,Q3,3493,79.18694531920984,1.2317387568032083,22.3,35.0,15.9,3.774091231310724,9774851,Atlanta,No court,33.658388146100805,-84.16800038583315
13089023436,Census Tract 234.36,,0,0.0,0.0,82947.0,Q2,3308,94.01451027811366,8.796856106408706,25.6,37.5,17.5,1.2042874329919675,3119090,Atlanta,No court,33.65916388980138,-84.24067850168655
13089023219,Census Tract 232.19,,0,0.0,0.0,70046.0,Q2,4588,75.13077593722754,19.74258289703316,29.3,36.2,16.8,1.105940645284843,2864373,Atlanta,No court,33.778621427517656,-84.21412168602404
13089023447,Census Tract 234.47,,0,0.0,0.0,44512.0,Q1 (lowest),2733,86.05927552140506,10.791896869244937,26.3,35.9,14.4,1.1455126433018223,2966864,Atlanta,No court,33.68811701358353,-84.2175282384925
13089023435,Census Tract 234.35,,0,0.0,0.0,65184.0,Q2,1639,87.30933496034167,2.4405125076266017,18.7,34.3,16.7,1.4654453997470258,3795486,Atlanta,No court,33.68395896828761,-84.10192951230539
13089023221,Census Tract 232.21,,0,0.0,0.0,70976.0,Q2,3522,69.3923906871096,7.023030992323003,22.9,35.1,16.3,0.9067053592526296,2348356,Atlanta,No court,33.773211663382746,-84.18246740770759
13089021607,Census Tract 216.07,,0,0.0,0.0,78611.0,Q2,1662,39.35018050541516,6.31768953068592,15.4,24.6,14.0,0.4674245594960285,1210624,Atlanta,No court,33.83435145405751,-84.32418133171171
13089023217,Census Tract 232.17,,0,0.0,0.0,67388.0,Q2,4080,89.63235294117648,15.060093205788569,24.5,36.2,16.1,1.1617717919928587,3008975,Atlanta,No court,33.75276247936562,-84.17673697241841
13089021823,Census Tract 218.23,,0,0.0,0.0,103818.0,Q3,3840,41.640625,3.854166666666667,18.2,26.8,13.0,3.5026949931814357,9071938,Atlanta,No court,33.84961379554292,-84.18778138974083
13089023331,Census Tract 233.31,,0,0.0,0.0,60955.0,Q2,3373,93.00326119181736,23.491967262806913,36.0,43.9,20.7,1.1843977655494928,3067576,Atlanta,No court,33.7376031165594,-84.15241467190054
13089022016,Census Tract 220.16,,0,0.0,0.0,71101.0,Q2,3862,67.2449508026929,8.544795442775763,28.0,31.2,17.1,0.8063805701030275,2088516,Atlanta,No court,33.80823089605253,-84.21256066989038
13089021914,Census Tract 219.14,,1,2.5994281258123215,0.4854878753996155,54881.0,Q1 (lowest),3847,70.47049649077202,4.436229205175601,26.5,35.0,17.4,2.059783674673396,5334815,Atlanta,Has court,33.801259212979915,-84.1623019396599
13089023320,Census Tract 233.20,,0,0.0,0.0,30167.0,Q1 (lowest),4330,96.905311778291,32.299927901946646,36.0,44.2,22.5,1.185644103370363,3070804,Atlanta,No court,33.708555719551704,-84.12770990092096
13089023317,Census Tract 233.17,,0,0.0,0.0,31824.0,Q1 (lowest),3708,84.92448759439051,31.135135135135133,34.6,40.8,20.4,4.506318948195899,11671312,Atlanta,No court,33.71161241265776,-84.09082507937411
13089021219,Census Tract 212.19,,0,0.0,0.0,183208.0,Q4 (highest),4770,7.337526205450734,0.0,12.5,22.3,11.5,1.7825646296430715,4616821,Atlanta,No court,33.91100374166308,-84.33374445510123
13089023440,Census Tract 234.40,,0,0.0,0.0,82079.0,Q2,4765,88.33158447009444,3.3578174186778593,18.1,32.7,15.0,3.8774005902730058,10042421,Atlanta,No court,33.68884254822818,-84.1090055729524
13089023326,Census Tract 233.26,,0,0.0,0.0,100815.0,Q3,4611,85.49121665582304,9.52065385464988,20.5,34.8,16.1,0.6436628277814415,1667079,Atlanta,No court,33.77128406002456,-84.0923377821863
13089023329,Census Tract 233.29,,0,0.0,0.0,66667.0,Q2,3689,81.34995933857414,19.02954730279209,22.3,35.7,15.5,2.4566376369311365,6362662,Atlanta,No court,33.75776856647254,-84.1418378854927
13089023323,Census Tract 233.23,,0,0.0,0.0,56645.0,Q1 (lowest),3439,89.88077929630707,8.765288293535235,21.8,35.0,16.1,1.464575125444597,3793232,Atlanta,No court,33.777743750738466,-84.13438669854901
13089023322,Census Tract 233.22,,0,0.0,0.0,44750.0,Q1 (lowest),2498,86.82946357085669,8.05934242181235,30.5,40.2,19.3,0.6236303025342202,1615195,Atlanta,No court,33.78119864646356,-84.15451029745319
13089023330,Census Tract 233.30,,0,0.0,0.0,77906.0,Q2,3966,87.92233988905699,51.234404035041145,32.5,44.1,19.7,2.2057036557698337,5712746,Atlanta,No court,33.74562593315885,-84.11482734743765
13089023438,Census Tract 234.38,,0,0.0,0.0,66336.0,Q2,4408,87.43194192377496,21.59709618874773,27.6,40.1,19.2,1.2974291772780415,3360326,Atlanta,No court,33.67838759504845,-84.25949766088084
13121010221,Census Tract 102.21,,0,0.0,0.0,115134.0,Q3,2127,5.594734367653973,5.965909090909091,15.5,23.7,14.2,0.6757911619667736,1750291,Atlanta,No court,33.936423452926505,-84.382812655404
13121010213,Census Tract 102.13,,0,0.0,0.0,76786.0,Q2,908,42.731277533039645,17.290748898678416,13.4,25.6,14.8,0.4760450627570475,1232951,Atlanta,No court,33.965957811725154,-84.37255871372463
13121010127,Census Tract 101.27,,0,0.0,0.0,149485.0,Q4 (highest),2429,22.396047756278303,0.5763688760806917,15.7,22.3,12.9,0.7880920683802396,2041149,Atlanta,No court,33.94429064449257,-84.36368800104351
13121010133,Census Tract 101.33,,0,0.0,0.0,101403.0,Q3,5699,22.09159501666959,11.5634321810844,16.4,23.0,14.9,1.3740947834507342,3558889,Atlanta,No court,33.92317202740326,-84.3590215241838
13121010130,Census Tract 101.30,,0,0.0,0.0,99821.0,Q3,4253,7.218434046555372,1.01105102280743,13.0,17.8,12.2,0.7197959990548218,1864263,Atlanta,No court,33.941531662377656,-84.3532067867424
13121010310,Census Tract 103.10,,1,1.7340038148083927,0.2328473633510037,101762.0,Q3,5767,85.39968787931333,2.2343420126671356,18.8,32.4,14.9,4.294658894172483,11123115,Atlanta,Has court,33.64974591194971,-84.63341891863563
13121010218,Census Tract 102.18,,0,0.0,0.0,80433.0,Q2,1601,28.91942535915053,7.995003123048095,14.4,25.2,14.5,0.5681068792596723,1471390,Atlanta,No court,33.97716822521017,-84.36112034587529
13121011446,Census Tract 114.46,,0,0.0,0.0,202701.0,Q4 (highest),2904,2.203856749311295,2.5137741046831956,13.0,22.6,12.0,2.7852418621244577,7213743,Atlanta,No court,34.04382476631949,-84.39934877303853
13121011513,Census Tract 115.13,,0,0.0,0.0,185038.0,Q4 (highest),3494,8.299942759015455,6.926159129937035,15.2,23.0,12.7,2.0101046800216835,5206147,Atlanta,No court,34.070791507637345,-84.4002794651008
13121011510,Census Tract 115.10,,1,1.7809439002671417,0.2148086092040192,224559.0,Q4 (highest),5615,5.9483526268922535,1.8699910952804988,12.7,20.8,11.7,4.655306897174813,12057189,Atlanta,Has court,34.105391860415175,-84.3530284677241
13121011631,Census Tract 116.31,,2,3.012048192771084,1.3186844966535043,114333.0,Q3,6640,10.39156626506024,0.57479957646347,15.2,20.0,11.6,1.5166630115660769,3928139,Atlanta,Has court,34.060998904187144,-84.18235900800144
13121011437,Census Tract 114.37,,0,0.0,0.0,102167.0,Q3,2497,21.345614737685224,12.454801124949778,20.2,27.4,15.6,1.040833779924849,2695747,Atlanta,No court,34.02591201923543,-84.3501373706599
13121011632,Census Tract 116.32,,0,0.0,0.0,149777.0,Q4 (highest),3536,9.389140271493211,0.6221719457013575,17.3,18.7,11.8,0.7909538577012712,2048561,Atlanta,No court,34.047971473602885,-84.1890693726211
13121011627,Census Tract 116.27,,0,0.0,0.0,101136.0,Q3,3869,5.7379167743603,2.5588007237012147,17.8,19.9,11.9,1.6752015839455627,4338752,Atlanta,No court,34.02745236575801,-84.17994064723202
13121011642,Census Tract 116.42,,0,0.0,0.0,127266.0,Q4 (highest),3052,16.25163826998689,3.9538714991762767,17.9,24.4,13.5,0.941797027631016,2439243,Atlanta,No court,34.086389016979325,-84.28457433635334
13121010129,Census Tract 101.29,,0,0.0,0.0,101348.0,Q3,4246,12.81205840791333,10.605338417540516,14.0,23.7,14.7,0.7381034197841844,1911679,Atlanta,No court,33.90502023295169,-84.36696095120344
13121011660,Census Tract 116.60,,3,5.841121495327103,1.267136221362711,115615.0,Q3,5136,10.767133956386294,7.518062878344073,16.6,21.6,11.9,2.3675434017454906,6131909,Atlanta,Has court,34.105062098164126,-84.28244510743983
13121011433,Census Tract 114.33,,1,3.190810465858328,0.9156994031309288,174063.0,Q4 (highest),3134,4.690491384811742,4.052329291640076,14.0,22.5,12.2,1.0920614304004497,2828426,Atlanta,Has court,34.01241250309411,-84.27154077002945
13121011633,Census Tract 116.33,,1,2.946375957572186,0.9475275817776798,144891.0,Q4 (highest),3394,19.269298762522094,0.0,16.7,21.8,13.4,1.0553782488567514,2733417,Atlanta,Has court,34.05295795125461,-84.20785288309841
13121010535,Census Tract 105.35,,0,0.0,0.0,89828.0,Q3,2855,82.45183887915937,1.198692335633854,25.5,32.9,16.5,2.040246904618863,5284215,Atlanta,No court,33.5794012646064,-84.5980964363571
13121010128,Census Tract 101.28,,0,0.0,0.0,71763.0,Q2,1566,56.44955300127714,12.005108556832694,19.3,27.8,16.4,0.0918923176478037,238000,Atlanta,No court,33.9103645014396,-84.37495732568269
13121010136,Census Tract 101.36,,0,0.0,0.0,135302.0,Q4 (highest),3663,8.053508053508054,15.588315588315588,14.5,23.8,14.7,0.7154979096428246,1853131,Atlanta,No court,33.88296209531202,-84.37303506454201
13121011645,Census Tract 116.45,,0,0.0,0.0,149185.0,Q4 (highest),3695,29.30987821380244,0.0,13.4,21.6,12.6,0.9197590876868929,2382165,Atlanta,No court,34.11468424308325,-84.26506539117788
13121010309,Census Tract 103.09,,0,0.0,0.0,102825.0,Q3,4453,82.48371884123064,4.940489557601617,23.2,32.1,16.8,17.947151878695962,46482908,Atlanta,No court,33.623701867644236,-84.67003900590655
13121011442,Census Tract 114.42,,0,0.0,0.0,126675.0,Q4 (highest),1980,28.383838383838384,1.8686868686868685,14.4,23.0,13.1,0.5909753249822007,1530619,Atlanta,No court,34.01023150016356,-84.29377367399383
13121011661,Census Tract 116.61,,1,4.692632566870014,0.5097334947431276,229583.0,Q4 (highest),2131,5.443453777569216,4.551853589863914,14.3,22.4,13.0,1.961809475565138,5081063,Atlanta,Has court,34.12608286989411,-84.27988300276624
13121010137,Census Tract 101.37,,2,5.798782255726298,2.454640357981101,82070.0,Q2,3449,17.889243258915627,1.3799177921315329,14.9,23.1,14.0,0.8147833117373516,2110279,Atlanta,Has court,33.89530757030018,-84.3738417804855
13121010004,Census Tract 100.04,North Buckhead,0,0.0,0.0,248594.0,Q4 (highest),2391,16.520284399832704,7.7282377919320595,14.9,24.6,13.5,0.6704741489149757,1736520,Atlanta,No court,33.871627567489064,-84.37276922768048
13121010005,Census Tract 100.05,Brookhaven,0,0.0,0.0,250001.0,Q4 (highest),3341,0.0,0.0,11.1,21.1,11.3,1.6808093319351287,4353276,Atlanta,No court,33.87391503213805,-84.35715651578865
13121010007,Census Tract 100.07,Brookhaven,0,0.0,0.0,233295.0,Q4 (highest),1863,2.898550724637681,2.172601086300543,14.1,20.4,11.0,0.5762910870629516,1492587,Atlanta,No court,33.859128294451594,-84.35710195239781
13121010402,Census Tract 104.02,,2,4.658746797111577,0.0327014758149717,75362.0,Q2,4293,30.980666200791983,6.363851431275136,25.6,29.9,15.5,61.15931927097732,158401903,Atlanta,Has court,33.56129801418532,-84.73810655833725
13121001901,Census Tract 19.01,Downtown,0,0.0,0.0,51944.0,Q1 (lowest),2393,20.39281236941078,1.5527950310559009,28.3,28.7,32.2,0.0554010288850759,143488,Atlanta,No court,33.768100371113206,-84.39129052070277
13121001701,Census Tract 17.01,Old Fourth Ward,0,0.0,0.0,81500.0,Q2,1972,35.649087221095336,30.578093306288036,18.0,29.1,17.4,0.2212438822110372,573019,Atlanta,No court,33.76605057581345,-84.37062952286692
13121011301,Census Tract 113.01,,0,0.0,0.0,78750.0,Q2,4579,75.12557326927278,14.12162162162162,29.2,35.9,16.2,1.986101093904682,5143978,Atlanta,No court,33.68763447368695,-84.47138470901629
13089022800,Census Tract 228,,2,4.826254826254826,2.1231063074583676,189333.0,Q4 (highest),4144,14.358108108108109,4.531804531804532,15.2,25.8,14.8,0.9420159475642358,2439810,Atlanta,Has court,33.76302919130507,-84.28958670731171
13089022900,Census Tract 229,,1,2.4348672997321645,0.6652883062066549,115327.0,Q3,4107,17.969320672023375,4.034229828850855,13.1,25.5,13.0,1.5031077364065006,3893031,Atlanta,Has court,33.759559850268595,-84.27829030658675
13089023214,Census Tract 232.14,,0,0.0,0.0,81163.0,Q2,5879,95.66252764075524,13.811872767477462,25.6,37.5,19.8,2.5259302359702054,6542129,Atlanta,No court,33.71446335776457,-84.18209719540667
13089023313,Census Tract 233.13,,0,0.0,0.0,60676.0,Q2,5176,96.19397217928902,8.85024154589372,26.3,38.2,17.6,1.8816685637153532,4873499,Atlanta,No court,33.73467237915294,-84.13034710355184
13089021101,Census Tract 211.01,,0,0.0,0.0,250001.0,Q4 (highest),4784,3.7207357859531776,4.431438127090301,12.9,23.3,11.6,1.2108225984058614,3136016,Atlanta,No court,33.888073437198834,-84.3378062818068
13089023107,Census Tract 231.07,,1,2.3952095808383236,0.690167098489433,81667.0,Q2,4175,55.59281437125748,16.526946107784433,23.3,34.1,17.3,1.4489244737813458,3752697,Atlanta,Has court,33.74966513644171,-84.25132837288427
13089023108,Census Tract 231.08,,1,2.5432349949135302,0.701170554165541,36875.0,Q1 (lowest),3932,90.69175991861648,26.424211597151576,34.3,42.6,19.9,1.426186530593964,3693806,Atlanta,Has court,33.74512681576468,-84.23233275150903
13121004000,Census Tract 40,Mozley Park,1,3.621876131836291,1.6085693045048224,75921.0,Q2,2761,61.57189424121695,18.688880840275264,25.4,34.5,16.6,0.6216704478939671,1610119,Atlanta,Has court,33.749971499998836,-84.43622416049399
13121004100,Census Tract 41,West End,1,5.141388174807198,2.055381274993036,72354.0,Q2,1945,63.13624678663239,20.0,24.3,34.0,17.6,0.486527736808047,1260101,Atlanta,Has court,33.74088513529401,-84.42808364614793
13121004400,Census Tract 44,Mechanicsville,2,5.5432372505543235,6.271878726972231,31075.0,Q1 (lowest),3608,88.99667405764967,36.61308203991131,39.5,43.4,25.8,0.3188837168357536,825905,Atlanta,Has court,33.74075591316222,-84.40177689983585
13121004800,Census Tract 48,Capitol Gateway,2,16.116035455278002,13.738167351810104,16015.0,Q1 (lowest),1241,76.87348912167606,57.937147461724415,43.1,44.0,22.7,0.1455798250802706,377050,Atlanta,Has court,33.74443514739969,-84.38399502579368
13121003900,Census Tract 39,Ashview Heights,0,0.0,0.0,36094.0,Q1 (lowest),1598,86.10763454317897,49.67490247074122,33.2,40.9,22.0,0.3251524717489039,842141,Atlanta,No court,33.75007013753185,-84.42214269685225
13121004900,Census Tract 49,Grant Park,0,0.0,0.0,92380.0,Q3,3216,44.558457711442784,19.58955223880597,14.8,26.8,14.7,0.4286143410703061,1110106,Atlanta,No court,33.74092640163979,-84.3794931906909
13121005000,Census Tract 50,Grant Park,0,0.0,0.0,96773.0,Q3,3787,19.197253762872982,5.8228540185893936,13.0,23.8,15.0,0.5253487660946692,1360647,Atlanta,No court,33.74208013740876,-84.36509243885138
13089023000,Census Tract 230,,0,0.0,0.0,125313.0,Q4 (highest),2456,12.662866449511402,5.211325400082068,15.0,25.1,12.5,0.6808950466179766,1763510,Atlanta,No court,33.770271117617256,-84.26843773846147
13089023101,Census Tract 231.01,,1,2.5654181631605955,0.7296906294610999,69297.0,Q2,3898,56.15700359158543,12.959629724865003,21.3,33.0,16.8,1.3704438012840214,3549433,Atlanta,Has court,33.74336563510363,-84.27271507015502
13089023102,Census Tract 231.02,,0,0.0,0.0,65183.0,Q2,2967,46.747556454330976,19.409569053274517,23.0,33.8,15.5,0.9680488867129886,2507235,Atlanta,No court,33.76267488065323,-84.25905704051696
13089021306,Census Tract 213.06,,0,0.0,0.0,61047.0,Q2,5746,19.90950226244344,24.869474416985728,25.0,30.4,16.3,2.0369156150530427,5275587,Atlanta,No court,33.917323071343716,-84.27440091117283
13089021308,Census Tract 213.08,,0,0.0,0.0,56625.0,Q1 (lowest),4224,5.989583333333334,25.80492424242424,34.6,32.9,17.6,1.0433781932580382,2702337,Atlanta,No court,33.87582059316511,-84.28572528755994
13089021913,Census Tract 219.13,,0,0.0,0.0,33000.0,Q1 (lowest),4936,84.35980551053484,37.54180602006689,38.6,45.6,24.2,1.1452064642770543,2966071,Atlanta,No court,33.82156850703269,-84.1817004048407
13089022203,Census Tract 222.03,,0,0.0,0.0,90753.0,Q3,2457,27.83882783882784,16.029900332225914,18.6,26.1,13.8,1.104294691712857,2860110,Atlanta,No court,33.78646929969197,-84.27435331418305
13121005200,Census Tract 52,Ormewood Park,0,0.0,0.0,152723.0,Q4 (highest),5033,20.087423008146235,11.086157615353205,14.4,25.6,15.4,0.8751785722559332,2266702,Atlanta,No court,33.7355095403663,-84.35447633279037
13121005300,Census Tract 53,Grant Park,2,4.844961240310077,2.338356308467642,141719.0,Q4 (highest),4128,24.20058139534884,6.450048496605238,12.5,24.6,14.4,0.8553016461852333,2215221,Atlanta,Has court,33.7321404090753,-84.37088739593902
13121008202,Census Tract 82.02,,0,0.0,0.0,27857.0,Q1 (lowest),2320,90.47413793103448,44.42013129102845,41.8,43.5,21.5,2.694477735031977,6978665,Atlanta,No court,33.780791022828424,-84.51035072411568
13121008301,Census Tract 83.01,Center Hill,0,0.0,0.0,34983.0,Q1 (lowest),3375,68.8,42.1037037037037,40.2,43.1,21.7,1.0147444698585475,2628176,Atlanta,No court,33.76422587983178,-84.45886166278677
13121008302,Census Tract 83.02,Dixie Hills,1,5.1229508196721305,1.3700233275323068,,,1952,95.54303278688523,41.16237267825045,42.9,43.8,20.3,0.729914578754805,1890470,Atlanta,Has court,33.757389764100466,-84.45228588284287
13121008400,Census Tract 84,Hunter Hills,0,0.0,0.0,,,2826,87.2965322009908,42.89377289377289,32.8,41.9,18.5,0.6865016363010176,1778031,Atlanta,No court,33.76185645676317,-84.4355745471809
13121008500,Census Tract 85,Grove Park,2,8.169934640522877,1.3742745229547355,57381.0,Q1 (lowest),2448,82.59803921568627,19.240196078431374,26.7,34.6,17.8,1.455313306470918,3769244,Atlanta,Has court,33.77578419377815,-84.44425982088836
13121008601,Census Tract 86.01,Almond Park,2,4.67180565288484,1.146937297887345,30729.0,Q1 (lowest),4281,93.62298528381218,25.156174915905815,38.1,40.5,21.3,1.7437744885304487,4516355,Atlanta,Has court,33.781471070553,-84.46619874908022
13121008801,Census Tract 88.01,Riverside,0,0.0,0.0,188295.0,Q4 (highest),2023,14.483440434997528,3.163618388531883,11.6,24.4,13.7,1.1409292243825069,2954993,Atlanta,No court,33.81585942007876,-84.47440613116453
13121006601,Census Tract 66.01,Sylvan Hills,0,0.0,0.0,64444.0,Q2,1708,67.62295081967213,26.513815402704292,29.8,36.6,18.6,0.7448439915551732,1929137,Atlanta,No court,33.71156471051915,-84.42237045991925
13121011515,Census Tract 115.15,,0,0.0,0.0,250001.0,Q4 (highest),2492,11.15569823434992,1.3242375601926164,14.3,22.1,13.8,3.427784607496251,8877921,Atlanta,No court,34.129280345180916,-84.31370730635075
13121001802,Census Tract 18.02,Old Fourth Ward,0,0.0,0.0,87610.0,Q3,2356,41.04414261460102,5.857385398981324,18.1,28.2,16.4,0.206861190090456,535768,Atlanta,No court,33.76435379219763,-84.37865670537545
13121002801,Census Tract 28.01,Sweet Auburn,0,0.0,0.0,74833.0,Q2,3928,39.07841140529531,20.94890510948905,14.8,21.2,22.7,0.1273021342183825,329711,Atlanta,No court,33.75960279488105,-84.37850016363902
13121001801,Census Tract 18.01,Old Fourth Ward,4,16.33319722335647,27.17628202605892,47852.0,Q1 (lowest),2449,52.34789710085749,42.752143732135565,29.5,34.7,19.8,0.1471871684347572,381213,Atlanta,Has court,33.76914218558526,-84.37724969678486
13121011628,Census Tract 116.28,,0,0.0,0.0,147621.0,Q4 (highest),3292,3.493317132442284,5.28890247630694,16.0,21.3,13.2,0.8115663084153286,2101947,Atlanta,No court,34.01836301730632,-84.20059402496317
13121010214,Census Tract 102.14,,0,0.0,0.0,54674.0,Q1 (lowest),2033,24.840137727496312,37.00943864878291,26.9,29.7,16.8,0.301756610455338,781546,Atlanta,No court,33.98513917701036,-84.3547122700615
13121011902,Census Tract 119.02,Sweet Auburn,1,7.84313725490196,7.303352790232073,,,1275,47.21568627450981,29.96078431372549,24.4,32.5,19.8,0.1369234143169775,354630,Atlanta,Has court,33.75250414036173,-84.37238732151171
13121010519,Census Tract 105.19,,1,2.7382256297918945,0.2261364281280095,83152.0,Q2,3652,76.1500547645126,14.731653888280396,29.3,37.4,19.1,4.422109291626062,11453210,Atlanta,Has court,33.55955530981095,-84.59145383524367
13121010534,Census Tract 105.34,,0,0.0,0.0,93627.0,Q3,3559,62.12419218881709,7.221129530767069,21.2,31.4,17.5,2.624744593411243,6798057,Atlanta,No court,33.53107207108545,-84.58996377628358
13121010523,Census Tract 105.23,,0,0.0,0.0,58325.0,Q1 (lowest),1735,78.78962536023056,26.9164265129683,28.9,37.5,19.3,1.6835680319754378,4360421,Atlanta,No court,33.59407132333112,-84.53688901707034
13121010312,Census Tract 103.12,,0,0.0,0.0,112115.0,Q3,2743,92.45351804593513,1.3488880787458988,17.6,30.2,12.9,3.224218799469341,8350688,Atlanta,No court,33.72977224506599,-84.55929243320013
13121002802,Census Tract 28.02,Downtown,1,4.5004500450045,6.1906489694553395,16620.0,Q1 (lowest),2222,54.68046804680468,39.14421553090333,27.4,28.9,27.2,0.1615339530530643,418371,Atlanta,Has court,33.7568923725512,-84.38010745313775
13121011508,Census Tract 115.08,,3,5.242005940940066,0.6425910316702086,250001.0,Q4 (highest),5723,18.224707321334964,1.3629215446444174,12.8,21.5,12.1,4.66859923675322,12091616,Atlanta,Has court,34.15517206055472,-84.2721304886579
13121008702,Census Tract 87.02,Rockdale,0,0.0,0.0,81348.0,Q2,2311,49.935093033318914,19.19720767888307,23.6,32.9,19.1,1.4244467541934558,3689300,Atlanta,No court,33.78832554706733,-84.44390612976055
13121011658,Census Tract 116.58,,1,2.4801587301587302,1.225127432764317,152985.0,Q4 (highest),4032,21.52777777777778,17.64559482329517,19.7,24.4,14.1,0.8162416196522918,2114056,Atlanta,Has court,34.04079907203449,-84.21228760270199
13121011307,Census Tract 113.07,,0,0.0,0.0,42976.0,Q1 (lowest),5385,92.83194057567316,37.77158774373259,32.9,40.1,22.2,0.7935473060106842,2055278,Atlanta,No court,33.65173290688809,-84.49202512909001
13121010801,Census Tract 108.01,,1,5.2438384897745145,0.757825166290727,64605.0,Q2,1907,51.02254850550602,18.51074986890404,22.6,31.9,16.3,1.3195655732767877,3417659,Atlanta,Has court,33.660650219986735,-84.41374739474671
13121010802,Census Tract 108.02,,0,0.0,0.0,59882.0,Q2,4683,35.55413196668802,15.737774930600043,32.5,35.1,18.7,0.8845106618254602,2290872,Atlanta,No court,33.66343131109693,-84.40216729024252
13121001702,Census Tract 17.02,Old Fourth Ward,0,0.0,0.0,123929.0,Q4 (highest),3766,16.463090812533192,5.6027615507169415,9.6,20.6,15.1,0.2605494697272729,674820,Atlanta,No court,33.76577652956782,-84.3642790533254
13121001502,Census Tract 15.02,Virginia Highland,0,0.0,0.0,95500.0,Q3,2237,8.538220831470719,10.549843540455967,17.0,26.3,17.1,0.2282242234326954,591098,Atlanta,No court,33.77908433981523,-84.35409164562705
13121008802,Census Tract 88.02,Hills Park,0,0.0,0.0,164310.0,Q4 (highest),2911,17.966334592923396,4.7406389556853314,15.6,26.1,16.1,2.550375909077571,6605443,Atlanta,No court,33.80738567821658,-84.4499359822323
13121010219,Census Tract 102.19,,0,0.0,0.0,96214.0,Q3,1975,55.84810126582278,1.4683544303797469,13.9,25.3,16.4,0.3437764962617587,890377,Atlanta,No court,33.97139936256881,-84.37265833801987
13121007302,Census Tract 73.02,Orchard Knob,0,0.0,0.0,37955.0,Q1 (lowest),2779,97.98488664987406,19.899244332493705,37.2,41.1,21.6,1.591712394034258,4122516,Atlanta,No court,33.67398533614395,-84.37345004606097
13121007711,Census Tract 77.11,Ben Hill Pines,0,0.0,0.0,53542.0,Q1 (lowest),2733,97.91437980241491,6.659348701061105,30.2,36.0,17.7,0.9030980066316908,2339013,Atlanta,No court,33.68257505894315,-84.5074092728679
13121011203,Census Tract 112.03,,0,0.0,0.0,64010.0,Q2,2291,69.48930597992144,21.562636403317327,24.7,34.1,18.4,1.163265621307898,3012844,Atlanta,No court,33.69298765203627,-84.4451235061924
13121008908,Census Tract 89.08,Loring Heights,0,0.0,0.0,,,3096,74.74160206718346,20.99483204134367,19.0,27.3,19.1,0.3906921576470624,1011888,Atlanta,No court,33.79990922935055,-84.40574947655587
13121010313,Census Tract 103.13,,1,2.9841838257236644,0.1428263243701219,80847.0,Q2,3351,96.21008654133094,8.206505520740077,17.6,31.6,14.7,7.001510431708564,18133828,Atlanta,Has court,33.70912309424751,-84.59219485655103
13121009002,Census Tract 90.02,Springlake,0,0.0,0.0,250001.0,Q4 (highest),2830,0.0,0.3533568904593639,9.8,21.1,12.1,0.8339791535713679,2159996,Atlanta,No court,33.81623416630681,-84.41304039319542
13121009001,Census Tract 90.01,Channing Valley,0,0.0,0.0,85322.0,Q3,2111,16.15348176219801,6.252960682141165,9.5,20.2,14.7,0.3821932765711656,989876,Atlanta,No court,33.806651591501414,-84.40782916036916
13121007301,Census Tract 73.01,Glenrose Heights,3,7.637474541751528,2.2075780795856894,40372.0,Q1 (lowest),3928,86.30346232179225,17.54073319755601,27.2,36.4,19.6,1.358955331067171,3519678,Atlanta,Has court,33.669283312508504,-84.39007743525414
13121009201,Census Tract 92.01,Lindridge/Martin Manor,0,0.0,0.0,65058.0,Q2,1501,13.124583610926049,25.31645569620253,20.6,29.7,15.7,0.2387485965185939,618356,Atlanta,No court,33.81602392205487,-84.35083044725482
13121010305,Census Tract 103.05,,1,1.91131498470948,0.2970111821214494,100742.0,Q3,5232,97.66819571865445,10.77981651376147,27.4,34.5,15.5,3.3668766032892816,8720170,Atlanta,Has court,33.691400749728835,-84.55474463353643
13121007707,Census Tract 77.07,Southwest,0,0.0,0.0,76410.0,Q2,1871,86.0502405130946,30.03741314804917,26.1,35.7,16.4,1.3193856496632417,3417193,Atlanta,No court,33.70569461810569,-84.49428894234568
13121007708,Census Tract 77.08,Laurens Valley,0,0.0,0.0,74400.0,Q2,3585,98.884239888424,11.91073919107392,26.6,35.4,19.2,1.2927890013390024,3348308,Atlanta,No court,33.70994096014701,-84.48177592898159
13121011204,Census Tract 112.04,,0,0.0,0.0,78170.0,Q2,1652,92.43341404358354,22.88135593220339,26.9,36.1,20.6,0.2697865781617521,698744,Atlanta,No court,33.70124598834946,-84.44337642971243
13121009106,Census Tract 91.06,Brookwood Hills,0,0.0,0.0,100073.0,Q3,2540,22.32283464566929,15.524534686971236,16.4,25.2,16.0,0.3384996378361599,876710,Atlanta,No court,33.81101747938061,-84.384190278464
13121009202,Census Tract 92.02,Piedmont Heights,0,0.0,0.0,104257.0,Q3,2599,31.62754905732974,3.385917660638707,11.4,22.4,14.6,0.5720636543489777,1481638,Atlanta,No court,33.80976642024698,-84.37099547760837
13121006702,Census Tract 67.02,Lakewood Heights,0,0.0,0.0,45217.0,Q1 (lowest),1674,80.46594982078852,22.341696535244925,32.2,39.0,20.0,0.9803551213364696,2539108,Atlanta,No court,33.705678419693214,-84.38918819389562
13121005503,Census Tract 55.03,The Villages at Carver,0,0.0,0.0,21686.0,Q1 (lowest),1617,98.4539270253556,44.959802102659246,38.4,43.2,25.0,0.2207353856465744,571702,Atlanta,No court,33.71147894045952,-84.39080334246943
13121010126,Census Tract 101.26,,0,0.0,0.0,90913.0,Q3,2274,16.534740545294635,8.487247141600704,16.8,24.3,14.4,0.2792638421490755,723290,Atlanta,No court,33.943707067443306,-84.36761552380545
13121006701,Census Tract 67.01,Joyland,0,0.0,0.0,46364.0,Q1 (lowest),3259,93.12672598956736,31.389996931574103,28.1,37.4,18.7,0.34372475857031,890243,Atlanta,No court,33.71177799681325,-84.39755191101844
13121009302,Census Tract 93.02,Garden Hills,0,0.0,0.0,153578.0,Q4 (highest),2003,8.137793310034947,3.99400898652022,11.7,21.8,13.9,0.4426831321226199,1146544,Atlanta,No court,33.82245257079902,-84.37562663172517
13121009607,Census Tract 96.07,Ridgedale Park,0,0.0,0.0,118036.0,Q3,4851,34.52896310039167,9.890815671162493,16.5,20.9,12.1,0.2812592181894279,728458,Atlanta,No court,33.851594629503325,-84.3545827900766
13121009803,Census Tract 98.03,West Paces Ferry/Northside,0,0.0,0.0,81827.0,Q2,3195,11.486697965571205,6.698872785829307,16.3,22.9,12.2,0.949328336656386,2458749,Atlanta,No court,33.84465129427389,-84.41935921654068
13121009605,Census Tract 96.05,Buckhead Village,0,0.0,0.0,102757.0,Q3,2658,20.72987208427389,10.15801354401806,13.8,22.8,15.5,0.1946047626475489,504024,Atlanta,No court,33.83924327447499,-84.37407871526771
13121010223,Census Tract 102.23,,0,0.0,0.0,223691.0,Q4 (highest),2959,5.001689760054073,1.2166272389320716,13.2,21.3,10.6,3.452854607820577,8942852,Atlanta,No court,33.89532563165752,-84.42636507379586
13121010401,Census Tract 104.01,,0,0.0,0.0,58287.0,Q1 (lowest),4613,60.784738781703886,10.12795489047929,24.9,32.3,17.7,9.25757532467332,23977009,Atlanta,No court,33.526613216204815,-84.64846033103777
13121008204,Census Tract 82.04,Collier Heights,0,0.0,0.0,42513.0,Q1 (lowest),2451,93.14565483476132,37.98449612403101,33.7,39.8,18.0,1.2630413731646633,3271262,Atlanta,No court,33.76645912336873,-84.48230842634611
13121008103,Census Tract 81.03,Peyton Forest,0,0.0,0.0,37151.0,Q1 (lowest),4144,83.85617760617761,34.12162162162162,37.2,40.7,20.5,0.993014639450067,2571896,Atlanta,No court,33.74881707746172,-84.48290302315044
13121008104,Census Tract 81.04,,0,0.0,0.0,61667.0,Q2,3364,92.95481569560047,37.58180118416952,33.9,38.9,18.6,2.1407743974103357,5544580,Atlanta,No court,33.743473429083316,-84.45990557605543
13121010308,Census Tract 103.08,,1,1.7975912277548085,0.1928493799156343,107136.0,Q3,5563,94.33758763257237,2.264964946971059,20.8,32.7,15.5,5.185393909160969,13430108,Atlanta,Has court,33.642386541326076,-84.57493205345077
13121000201,Census Tract 2.01,Morningside/Lenox Park,0,0.0,0.0,139883.0,Q4 (highest),2029,15.771315919172006,1.2814194184327254,12.1,22.6,13.7,0.4974393703754612,1288362,Atlanta,No court,33.79729591994931,-84.36586288903275
13121001501,Census Tract 15.01,Poncey-Highland,0,0.0,0.0,67219.0,Q2,2339,17.229585292860197,9.020949123557076,16.1,25.7,16.0,0.2060692945295499,533717,Atlanta,No court,33.7735876696959,-84.35394651372165
13121010524,Census Tract 105.24,,0,0.0,0.0,53311.0,Q1 (lowest),4219,91.98862289642096,10.835762876579205,25.3,36.2,19.5,0.9661581443620588,2502338,Atlanta,No court,33.578151670686104,-84.5409659293183
13121010314,Census Tract 103.14,,1,3.7202380952380953,0.3416279398605413,111036.0,Q3,2688,99.73958333333334,0.0,21.2,32.1,16.6,2.927161052483641,7581312,Atlanta,Has court,33.66513310134034,-84.61045161678621
13121010311,Census Tract 103.11,,0,0.0,0.0,112417.0,Q3,6059,97.83792705066844,6.8493150684931505,25.1,37.3,18.2,4.137701796301759,10716598,Atlanta,No court,33.67673453316935,-84.63245424327376
13121010536,Census Tract 105.36,,0,0.0,0.0,116065.0,Q3,3125,96.224,3.936,20.7,32.7,16.9,4.297991728147003,11131747,Atlanta,No court,33.599450839932125,-84.60751586600765
13121009606,Census Tract 96.06,Peachtree Park,0,0.0,0.0,224844.0,Q4 (highest),1498,13.484646194926569,1.2016021361815754,11.5,21.6,13.1,0.6363828712719904,1648224,Atlanta,No court,33.84078504768167,-84.36444570943665
13121010518,Census Tract 105.18,,0,0.0,0.0,85444.0,Q3,3462,98.12247255921432,4.2461005199306765,22.8,34.0,16.0,1.6385647346628631,4243863,Atlanta,No court,33.577005628729545,-84.4817867887031
13121010531,Census Tract 105.31,,0,0.0,0.0,86688.0,Q3,2280,99.03508771929825,0.7465963987703118,19.4,31.1,14.5,1.2431470724960887,3219736,Atlanta,No court,33.579902193365,-84.49855171168997
13121010538,Census Tract 105.38,,0,0.0,0.0,77500.0,Q2,3214,79.52706907280647,9.24911376087657,26.9,31.6,15.9,2.4680129792107146,6392124,Atlanta,No court,33.548655713699254,-84.50436387171483
13121001302,Census Tract 13.02,Midtown,0,0.0,0.0,126635.0,Q4 (highest),2175,30.298850574712645,13.753581661891118,15.1,25.0,15.8,0.3158860195491253,818141,Atlanta,No court,33.77614706645321,-84.37000958181143
13121009503,Census Tract 95.03,Peachtree Heights West,0,0.0,0.0,44566.0,Q1 (lowest),1729,24.58068247541932,27.205387205387204,28.4,28.8,14.7,0.1308573630456975,338919,Atlanta,No court,33.834040950106726,-84.38579863331144
13121011443,Census Tract 114.43,,0,0.0,0.0,182042.0,Q4 (highest),3230,9.659442724458204,0.31201248049922,14.2,20.0,11.1,1.3097574197254969,3392256,Atlanta,No court,34.02495684085841,-84.23566564945536
13121009407,Census Tract 94.07,Pine Hills,0,0.0,0.0,97596.0,Q3,1069,32.647333956969135,0.4677268475210477,13.0,22.6,16.8,0.0560794104065347,145245,Atlanta,No court,33.82617620317096,-84.35608235240754
13121011630,Census Tract 116.30,,2,6.09942055504727,2.7670117256671443,167500.0,Q4 (highest),3279,7.075327843854834,1.1893870082342175,13.2,20.2,12.2,0.72280141838495,1872047,Atlanta,Has court,34.062620769247005,-84.2012080934476
13121011445,Census Tract 114.45,,2,7.457121551081283,1.5184088877163668,123836.0,Q4 (highest),2682,12.714392244593586,0.207641196013289,14.7,22.1,11.8,1.3171682648722698,3411450,Atlanta,Has court,34.033969802151134,-84.37301612794191
13121010125,Census Tract 101.25,,0,0.0,0.0,90262.0,Q3,3736,43.897216274089935,6.263383297644539,19.3,28.2,17.6,0.6064649720384805,1570737,Atlanta,No court,33.99004046304239,-84.34646990622021
13121011308,Census Tract 113.08,,0,0.0,0.0,48850.0,Q1 (lowest),1885,95.49071618037136,16.60477453580902,28.9,36.6,20.2,0.3417247493038577,885063,Atlanta,No court,33.63922934813323,-84.48873793494863
13121011440,Census Tract 114.40,,2,8.536064874093043,1.5938255282186886,139792.0,Q4 (highest),2343,26.888604353393085,7.298335467349553,16.9,23.6,12.3,1.2548424934787343,3250027,Atlanta,Has court,33.99106961007583,-84.29964682694452
13121011514,Census Tract 115.14,,0,0.0,0.0,206103.0,Q4 (highest),3073,7.289293849658314,0.6182883176049463,14.4,22.4,13.2,6.3150335059467455,16355861,Atlanta,No court,34.16236686239425,-84.29924879328293
13121011801,Census Tract 118.01,English Avenue,0,0.0,0.0,94045.0,Q3,575,63.13043478260869,5.043478260869565,13.5,21.4,17.4,0.221338863346085,573265,Atlanta,No court,33.77634939957066,-84.41381815812923
13121011635,Census Tract 116.35,,1,3.032140691328078,0.3807828166473726,182230.0,Q4 (highest),3298,7.671315949060037,2.031534263189812,16.0,15.9,10.3,2.6261689243347845,6801746,Atlanta,Has court,34.044444351142594,-84.12664256187078
13121011648,Census Tract 116.48,,4,16.39344262295082,2.448099807317584,203375.0,Q4 (highest),2440,8.77049180327869,6.863953966296752,15.7,18.6,11.1,1.6339203115998993,4231834,Atlanta,Has court,34.04199591556914,-84.15132628278867
13121010135,Census Tract 101.35,,0,0.0,0.0,49779.0,Q1 (lowest),1865,47.07774798927614,12.010723860589811,22.2,30.0,16.7,0.4952420628975887,1282671,Atlanta,No court,33.9757187374437,-84.3460370482078
13121010117,Census Tract 101.17,,0,0.0,0.0,82691.0,Q2,3843,42.206609419724174,4.839968774395004,14.8,25.0,15.7,0.5394279819057076,1397112,Atlanta,No court,33.962157792630244,-84.3589942887319
13121007602,Census Tract 76.02,Adams Park,0,0.0,0.0,55353.0,Q1 (lowest),3118,94.74021808851828,15.248796147672552,35.7,40.2,18.3,1.3011415496905778,3369941,Atlanta,No court,33.71090111673658,-84.46215460177504
13121009410,Census Tract 94.10,Pine Hills,0,0.0,0.0,96690.0,Q3,3589,11.7581499024798,3.3992755642240176,12.5,21.5,14.8,0.3011017811665537,779850,Atlanta,No court,33.84549113149195,-84.35200655692225
13121011659,Census Tract 116.59,,0,0.0,0.0,176833.0,Q4 (highest),2609,11.000383288616328,0.0,12.8,19.8,11.2,1.69790748065242,4397560,Atlanta,No court,34.03057985963639,-84.21979865757682
13121007709,Census Tract 77.09,Princeton Lakes,0,0.0,0.0,66684.0,Q2,4011,100.0,16.00598354525056,21.4,34.0,17.1,1.3194736809591396,3417421,Atlanta,No court,33.665478897208665,-84.51088164848308
13121001205,Census Tract 12.05,Midtown,0,0.0,0.0,110391.0,Q3,1963,9.67906265919511,9.98471726948548,11.8,22.0,14.0,0.1021201642633093,264490,Atlanta,No court,33.77440546054554,-84.38524372378657
13121010131,Census Tract 101.31,,0,0.0,0.0,67319.0,Q2,2666,30.38259564891223,0.86271567891973,14.7,20.1,13.0,0.5493060199506716,1422696,Atlanta,No court,33.95860204412106,-84.35055256741354
13121001102,Census Tract 11.02,Midtown,0,0.0,0.0,119985.0,Q3,3840,10.338541666666666,5.651041666666667,11.0,22.0,13.9,0.1062228859747612,275116,Atlanta,No court,33.78301994876133,-84.38314570262192
13121001204,Census Tract 12.04,Midtown,0,0.0,0.0,107194.0,Q3,2073,1.7366136034732274,6.464061746261457,11.0,22.2,13.6,0.1184407032001692,306760,Atlanta,No court,33.7787803277897,-84.38016258908985
13121001203,Census Tract 12.03,Midtown,0,0.0,0.0,76330.0,Q2,2678,22.59148618371919,10.082150858849888,14.1,22.5,15.0,0.1006325125830698,260637,Atlanta,No court,33.77354240850512,-84.38047237531987
13121010526,Census Tract 105.26,,0,0.0,0.0,84976.0,Q3,6675,84.28464419475655,8.565856585658565,22.9,34.3,17.9,5.624524129069324,14567450,Atlanta,No court,33.60997822107949,-84.55575171964237
13121008907,Census Tract 89.07,Cross Creek,0,0.0,0.0,81067.0,Q2,2770,26.82310469314079,10.68592057761733,14.0,23.9,15.2,0.3549043470471678,919198,Atlanta,No court,33.81723467104315,-84.42502871245172
13121001902,Census Tract 19.02,Downtown,0,0.0,0.0,76544.0,Q2,2267,49.53683281870313,14.46846052051169,17.5,29.0,15.0,0.3292598266864557,852779,Atlanta,No court,33.76587604081693,-84.3865851310511
13121001301,Census Tract 13.01,Midtown,0,0.0,0.0,71535.0,Q2,3306,12.976406533575318,10.52076002814919,12.3,23.5,15.2,0.1926001201549968,498832,Atlanta,No court,33.77626936476178,-84.37412906944785
13121010529,Census Tract 105.29,,0,0.0,0.0,82714.0,Q2,6370,93.861852433281,17.797412432944146,24.6,35.9,17.9,3.64225162433185,9433388,Atlanta,No court,33.60280893055315,-84.50820154516232
13121011901,Census Tract 119.01,Downtown,0,0.0,0.0,55000.0,Q1 (lowest),1857,58.58912224017232,27.08192281651997,25.4,32.8,19.3,0.4532596290021421,1173937,Atlanta,No court,33.75422318336641,-84.38546429252598
13121008906,Census Tract 89.06,Fernleaf,0,0.0,0.0,208683.0,Q4 (highest),2344,5.716723549488054,0.0,13.5,22.8,14.1,0.7973894087540174,2065229,Atlanta,No court,33.82156015598047,-84.43937003124796
13121009504,Census Tract 95.04,South Tuxedo Park,0,0.0,0.0,105588.0,Q3,3456,16.05902777777778,10.32986111111111,13.9,24.3,14.9,0.589997328172949,1528086,Atlanta,No court,33.84375913910342,-84.38612710899825
13121009804,Census Tract 98.04,Castlewood,0,0.0,0.0,250001.0,Q4 (highest),2403,1.1652101539741988,0.0,9.8,20.4,10.7,1.2331284932594282,3193788,Atlanta,No court,33.83125788138915,-84.41660281335258
13121010530,Census Tract 105.30,,1,3.3579583613163195,0.3833943016980745,47763.0,Q1 (lowest),2978,87.74345198119543,5.473472128945601,25.5,34.9,17.4,2.608280810567462,6755416,Atlanta,Has court,33.62659880564351,-84.5142435992482
13121009104,Census Tract 91.04,Colonial Homes,0,0.0,0.0,107212.0,Q3,2851,16.62574535250789,11.539810592774463,12.7,22.8,14.6,0.3780940297792886,979259,Atlanta,No court,33.81329213513116,-84.39684290600563
13089021213,Census Tract 212.13,,0,0.0,0.0,234000.0,Q4 (highest),3518,1.6202387720295623,0.9096077316657192,11.9,21.6,10.9,1.1389014157594552,2949741,Atlanta,No court,33.954115417535355,-84.34222040958484
13089021301,Census Tract 213.01,,0,0.0,0.0,60221.0,Q2,3964,25.02522704339051,29.478283217681827,27.9,32.6,18.8,1.4663037048820304,3797709,Atlanta,No court,33.907167166233386,-84.28953813324839
13089021812,Census Tract 218.12,,0,0.0,0.0,78153.0,Q2,3024,24.57010582010582,15.112433862433864,24.7,28.2,14.7,0.8648016902008813,2239826,Atlanta,No court,33.887915615975416,-84.2375743732959
13089023311,Census Tract 233.11,,0,0.0,0.0,76946.0,Q2,5068,89.3646408839779,17.265193370165747,25.4,36.2,16.7,1.898006477250088,4915814,Atlanta,No court,33.77491037267966,-84.11343312687197
13089021908,Census Tract 219.08,,0,0.0,0.0,43795.0,Q1 (lowest),5584,80.56948424068769,9.912170639899625,30.8,38.0,19.0,1.297027244913876,3359285,Atlanta,No court,33.80215660591424,-84.19359441461383
13089023504,Census Tract 235.04,,0,0.0,0.0,57270.0,Q1 (lowest),2383,71.17079311791858,8.350818296265212,25.5,35.7,16.3,0.8481093348695052,2196593,Atlanta,No court,33.723955219386184,-84.27205145071369
13089023505,Census Tract 235.05,,0,0.0,0.0,73304.0,Q2,2747,79.1044776119403,3.0578813250819072,26.7,36.2,16.1,0.8412301524176946,2178776,Atlanta,No court,33.72400111750066,-84.25885694951528
13089023506,Census Tract 235.06,,0,0.0,0.0,65724.0,Q2,5711,82.96270355454386,35.73782497253753,31.5,40.1,17.5,2.0697651881012575,5360667,Atlanta,No court,33.72673296293848,-84.24021773604457
13089023426,Census Tract 234.26,,0,0.0,0.0,85549.0,Q3,4390,83.75854214123007,6.879271070615034,23.3,35.3,15.5,2.0657226983291044,5350197,Atlanta,No court,33.67015437886927,-84.20324162120302
13121010212,Census Tract 102.12,,0,0.0,0.0,90893.0,Q3,5966,13.778075762655046,15.957090177673482,20.9,27.4,14.8,1.258455637632298,3259385,Atlanta,No court,33.901403961008555,-84.3869893109393
13121006802,Census Tract 68.02,Thomasville Heights,2,15.6128024980484,7.13654562037259,,,1281,82.66978922716628,86.65105386416862,49.2,49.4,29.8,0.2802476304909521,725838,Atlanta,Has court,33.704285428613254,-84.36096626108156
13121006900,Census Tract 69,Custer/McDonough/Guice,1,2.547121752419766,0.8220146052677098,100370.0,Q3,3926,38.43606724401427,25.11462047885889,23.2,32.2,17.7,1.2165233970196,3150781,Atlanta,Has court,33.71831399207979,-84.35877003681252
13121007001,Census Tract 70.01,Swallow Circle/Baywood,0,0.0,0.0,48813.0,Q1 (lowest),3655,85.63611491108071,36.90834473324213,33.9,40.2,20.3,1.7427389624971237,4513673,Atlanta,No court,33.69130000837175,-84.38878551373436
13121007400,Census Tract 74,Hammond Park,0,0.0,0.0,33430.0,Q1 (lowest),3043,70.0624383831745,23.891050583657588,40.1,40.5,20.6,0.8975365909031239,2324609,Atlanta,No court,33.67893309081277,-84.40708360413646
13121012300,Census Tract 123,,1,4.597701149425287,0.7144912743383338,49855.0,Q1 (lowest),2175,50.85057471264368,10.602522185894442,22.6,33.1,15.6,1.3995972182110497,3624940,Atlanta,Has court,33.66111507940535,-84.43965280995245
13121001400,Census Tract 14,Virginia Highland,0,0.0,0.0,100518.0,Q3,2313,7.825335062689148,6.312148724600086,10.0,21.3,14.4,0.2791410616574285,722972,Atlanta,No court,33.77707846327389,-84.36226337972202
13121001600,Census Tract 16,Poncey-Highland,0,0.0,0.0,126477.0,Q4 (highest),2421,8.095828170177613,0.5782734407269724,10.6,21.3,15.0,0.3554024188529058,920488,Atlanta,No court,33.767597253889534,-84.35554752470286
13089023425,Census Tract 234.25,,0,0.0,0.0,75504.0,Q2,5517,86.71379372847562,12.463715529753266,24.1,36.4,16.3,1.931214739218869,5001823,Atlanta,No court,33.673139016452694,-84.22822422369924
13121010115,Census Tract 101.15,,0,0.0,0.0,185500.0,Q4 (highest),2885,12.547660311958406,2.751241880015285,13.8,21.5,12.3,1.3990921965661618,3623632,Atlanta,No court,33.89788402242789,-84.35563390503174
13121011641,Census Tract 116.41,,0,0.0,0.0,250001.0,Q4 (highest),5102,1.097608780870247,0.7079646017699115,12.6,21.1,12.3,3.419944416730888,8857615,Atlanta,No court,34.10238141978598,-84.30971213152695
13121011654,Census Tract 116.54,,0,0.0,0.0,115682.0,Q3,2292,10.602094240837696,7.547169811320755,15.4,23.8,14.4,0.6612173492695719,1712545,Atlanta,No court,34.07582930868019,-84.31190575194576
13121011647,Census Tract 116.47,,1,1.8839487565938204,0.3199695397470103,91083.0,Q3,5308,11.397889977392616,7.35663255454721,20.4,26.8,14.6,3.1252974917258305,8094483,Atlanta,Has court,34.060537440437685,-84.31673570808803
13121011643,Census Tract 116.43,,0,0.0,0.0,89629.0,Q3,4581,14.931237721021612,10.914647456887144,13.9,20.2,13.4,0.9860153792218342,2553768,Atlanta,No court,34.0953118122525,-84.26252755917582
13121011640,Census Tract 116.40,,0,0.0,0.0,97354.0,Q3,5525,11.619909502262445,11.04014598540146,16.7,24.5,14.1,1.3936778857662662,3609609,Atlanta,No court,34.07691416004913,-84.2786997561516
13121011434,Census Tract 114.34,,0,0.0,0.0,90804.0,Q3,3620,11.104972375690608,1.7717107173976183,16.2,25.1,15.1,1.564896439674624,4053063,Atlanta,No court,34.030426768012376,-84.30373829473707
13089022700,Census Tract 227,,3,5.441683294032287,3.4427229273116864,196842.0,Q4 (highest),5513,18.53800108833666,4.622963243652898,14.4,26.5,13.7,0.8714032651888735,2256924,Atlanta,Has court,33.76046144145206,-84.3039345914268
13089021502,Census Tract 215.02,,0,0.0,0.0,98967.0,Q3,4699,12.875079804213662,9.78931687593105,13.8,24.4,14.4,1.3991254013532108,3623718,Atlanta,No court,33.817581583141994,-84.34090941847377
13089021602,Census Tract 216.02,,0,0.0,0.0,135489.0,Q4 (highest),3890,11.773778920308484,3.2904884318766063,13.9,23.0,11.4,1.231334276452246,3189141,Atlanta,No court,33.81628861717599,-84.29609221631036
13089021405,Census Tract 214.05,,0,0.0,0.0,158393.0,Q4 (highest),5092,13.315003927729771,4.673998428908091,12.1,23.6,13.6,0.9272502420860638,2401567,Atlanta,No court,33.85715285088121,-84.32933009974906
13089022001,Census Tract 220.01,,0,0.0,0.0,106969.0,Q3,5298,18.04454511136278,6.572140256754168,18.9,27.3,14.9,1.6900726953175074,4377268,Atlanta,No court,33.81949975739426,-84.25020510630438
13089022005,Census Tract 220.05,,0,0.0,0.0,61333.0,Q2,4788,72.890559732665,10.661918726434855,28.1,34.4,18.1,1.2718448888566278,3294063,Atlanta,No court,33.7912070413501,-84.2330488101981
13089023507,Census Tract 235.07,,0,0.0,0.0,65063.0,Q2,3528,86.25283446712018,17.885487528344672,28.8,37.8,17.5,1.3837253300015289,3583832,Atlanta,No court,33.72410325857024,-84.22211196739347
13089023602,Census Tract 236.02,,0,0.0,0.0,66750.0,Q2,2059,73.48227294803303,13.1617289946576,24.7,33.8,16.4,1.0573879106775783,2738622,Atlanta,No court,33.72476476922316,-84.29912724697536
13089023603,Census Tract 236.03,,0,0.0,0.0,46618.0,Q1 (lowest),3903,81.24519600307455,17.403672097233,33.1,39.2,18.4,1.1375238031990882,2946173,Atlanta,No court,33.71969786789352,-84.28529443059948
13121009601,Census Tract 96.01,Buckhead Forest,0,0.0,0.0,101801.0,Q3,2991,15.780675359411568,8.49214309595453,12.6,22.1,14.2,0.3173979956663892,822057,Atlanta,No court,33.84639168806233,-84.37770701356723
13121010121,Census Tract 101.21,,0,0.0,0.0,119167.0,Q3,2513,22.284122562674096,11.6991643454039,16.9,22.0,12.0,0.8095238279096274,2096657,Atlanta,No court,33.93115364214225,-84.37064209017808
13121010508,Census Tract 105.08,,0,0.0,0.0,58458.0,Q1 (lowest),4190,90.69212410501191,16.050863723608444,28.0,36.7,17.3,1.5282622931071494,3958181,Atlanta,No court,33.59198409940363,-84.47616815976522
13121011306,Census Tract 113.06,,0,0.0,0.0,56262.0,Q1 (lowest),2913,83.83110195674563,19.77342945417096,30.2,37.7,21.2,2.781280067706877,7203482,Atlanta,No court,33.64073713089916,-84.50377287464674
13089023218,Census Tract 232.18,,0,0.0,0.0,37435.0,Q1 (lowest),2387,74.36112274821951,12.861332216170926,24.8,38.2,20.1,0.3972995241676795,1029001,Atlanta,No court,33.75501369817404,-84.19251439669804
13089023430,Census Tract 234.30,,0,0.0,0.0,50321.0,Q1 (lowest),4384,80.56569343065694,23.60857664233577,29.5,40.1,21.5,0.7285269275378882,1886876,Atlanta,No court,33.69607191866502,-84.15652909375729
13089022501,Census Tract 225.01,,2,4.814636494944632,4.045209723229841,125923.0,Q4 (highest),4154,21.064034665382763,9.00922778047596,16.8,27.3,13.9,0.4944119432213585,1280521,Atlanta,Has court,33.77142570054864,-84.30397108078252
13089022014,Census Tract 220.14,,0,0.0,0.0,40865.0,Q1 (lowest),2934,98.9093387866394,35.75323790047717,39.0,44.2,24.3,0.2699533743013481,699176,Atlanta,No court,33.81568082422266,-84.24053959291233
13089023319,Census Tract 233.19,,0,0.0,0.0,74161.0,Q2,2814,89.01918976545842,19.402985074626866,27.3,38.6,18.5,1.3740357098179603,3558736,Atlanta,No court,33.71159512551497,-84.15738975151746
13089020902,Census Tract 209.02,East Atlanta,0,0.0,0.0,58611.0,Q1 (lowest),2750,43.6,31.849944832659062,21.3,33.1,16.8,0.7097592730159368,1838268,Atlanta,No court,33.73077301475018,-84.33174840976862
13089023702,Census Tract 237.02,,0,0.0,0.0,52177.0,Q1 (lowest),2928,66.70081967213115,16.039671682626537,31.2,40.5,20.4,0.8305274001269504,2151056,Atlanta,No court,33.72592686700419,-84.31394737570879
13089022601,Census Tract 226.01,,1,2.2558087074216107,1.2114125884592537,80000.0,Q2,4433,8.05323708549515,7.921462423832091,15.3,24.4,12.1,0.825482589108521,2137990,Atlanta,Has court,33.78122478779309,-84.2942902107383
13089023429,Census Tract 234.29,,0,0.0,0.0,36469.0,Q1 (lowest),4168,98.1046065259117,27.51081210956271,29.7,41.5,20.5,1.6212194805535778,4198939,Atlanta,No court,33.695307097149545,-84.13872572217856
13089023446,Census Tract 234.46,,0,0.0,0.0,42125.0,Q1 (lowest),2219,97.5214060387562,29.093369418132617,31.7,39.7,18.2,1.0867907496096507,2814775,Atlanta,No court,33.709977792062844,-84.25651329522762
13089023443,Census Tract 234.43,,0,0.0,0.0,106089.0,Q3,6602,90.0484701605574,9.1971467597511,22.6,35.8,16.2,2.9624836099626717,7672797,Atlanta,No court,33.65999776769224,-84.30800324406162
13089021420,Census Tract 214.20,,0,0.0,0.0,54402.0,Q1 (lowest),1610,12.48447204968944,17.018633540372672,38.1,37.6,19.8,0.128367390119182,332470,Atlanta,No court,33.84865748347135,-84.3264831735194
13089021707,Census Tract 217.07,,0,0.0,0.0,129974.0,Q4 (highest),2613,6.199770378874857,2.8702640642939152,13.1,22.1,10.9,1.0383770117853828,2689384,Atlanta,No court,33.82798126579239,-84.27826392668068
13089022304,Census Tract 223.04,,0,0.0,0.0,93031.0,Q3,3115,13.418940609951846,14.991974317817014,15.3,23.8,14.0,0.7252388814156668,1878360,Atlanta,No court,33.797481943214315,-84.30059616673641
13089022303,Census Tract 223.03,,0,0.0,0.0,112049.0,Q3,3759,8.619313647246608,4.07023144453312,12.7,23.3,12.0,0.9426630548095204,2441486,Atlanta,No court,33.79796483072806,-84.28813203703207
13089023439,Census Tract 234.39,,0,0.0,0.0,54239.0,Q1 (lowest),2608,94.47852760736195,19.08679555738379,24.2,35.9,19.1,1.066907259801976,2763277,Atlanta,No court,33.690914827320945,-84.2622594543643
13089021818,Census Tract 218.18,,0,0.0,0.0,82989.0,Q2,4837,35.641926814140994,4.328018223234624,20.6,27.6,14.7,1.6291951931823625,4219596,Atlanta,No court,33.838585326858706,-84.22497151081409
13089023220,Census Tract 232.20,,0,0.0,0.0,72604.0,Q2,3774,61.1552729199788,10.196394942157651,27.2,34.9,17.2,1.475058571699946,3820384,Atlanta,No court,33.77222569124335,-84.20364354574875
13089023431,Census Tract 234.31,,0,0.0,0.0,55991.0,Q1 (lowest),1689,78.92243931320307,16.838279830405813,28.4,38.9,19.2,0.5875270464573581,1521688,Atlanta,No court,33.69540160529498,-84.16869265946276
13089023222,Census Tract 232.22,,0,0.0,0.0,46354.0,Q1 (lowest),4138,82.11696471725472,22.90961817303045,31.4,39.7,19.9,0.8932527872716013,2313514,Atlanta,No court,33.775881328880345,-84.18995065208011
13089022404,Census Tract 224.04,Emory,0,0.0,0.0,,,3213,26.76626206037971,46.23893805309734,22.8,26.4,23.3,0.6609895489863273,1711955,Atlanta,No court,33.79656661344207,-84.32599437294445
13089021817,Census Tract 218.17,,0,0.0,0.0,95508.0,Q3,2658,39.69149736644093,6.033123028391167,23.6,27.3,15.6,0.8100581933198147,2098041,Atlanta,No court,33.82876646164469,-84.21626630765525
13089022502,Census Tract 225.02,,0,0.0,0.0,180375.0,Q4 (highest),2615,0.0,1.6826003824091778,11.3,22.7,11.0,0.6058028068083713,1569022,Atlanta,No court,33.77997358344439,-84.3067147129849
13089022602,Census Tract 226.02,,0,0.0,0.0,151797.0,Q4 (highest),2572,5.793157076205287,2.488335925349922,13.8,24.5,13.0,0.3785932598915516,980552,Atlanta,No court,33.78156666233901,-84.28465950642055
13089023209,Census Tract 232.09,,3,5.46448087431694,1.663356493414191,86458.0,Q3,5490,85.51912568306011,8.062442607897154,21.0,34.1,15.4,1.8035821015386944,4671256,Atlanta,Has court,33.774437579501516,-84.170950668799
13089023211,Census Tract 232.11,,0,0.0,0.0,71981.0,Q2,3893,90.54713588492166,11.71333162085795,23.0,36.1,16.6,0.9592666066406486,2484489,Atlanta,No court,33.73999196916533,-84.18940678810796
13121011650,Census Tract 116.50,,1,2.0308692120227456,0.95157944549482,201118.0,Q4 (highest),4924,18.05442729488221,2.4370430544272947,14.6,19.1,11.8,1.050884405642034,2721778,Atlanta,Has court,34.061818401008495,-84.24548972377191
13121009103,Census Tract 91.03,Ardmore,0,0.0,0.0,91321.0,Q3,3710,19.622641509433965,12.614802809292277,15.8,24.8,16.5,0.278910558658959,722375,Atlanta,No court,33.80396460935839,-84.39718407185588
13121000501,Census Tract 5.01,Atlantic Station,1,1.8399264029438824,2.0667359305701187,108940.0,Q3,5435,37.00091996320147,13.809064609450338,13.8,23.4,15.3,0.4838547514505859,1253178,Atlanta,Has court,33.79206573224391,-84.39320725686763
13121011428,Census Tract 114.28,,1,4.170141784820684,0.8094557369425434,146083.0,Q4 (highest),2398,6.630525437864887,3.697334479793637,15.1,22.4,12.0,1.235398001844024,3199666,Atlanta,Has court,34.02920747522609,-84.28098109544557
13121011432,Census Tract 114.32,,0,0.0,0.0,79269.0,Q2,4090,29.04645476772616,15.554465161923453,20.1,28.7,16.9,0.7098681538292841,1838550,Atlanta,No court,34.000656359884,-84.28065226753057
13121011639,Census Tract 116.39,,0,0.0,0.0,121211.0,Q3,2013,11.773472429210134,2.710843373493976,13.6,21.6,13.6,0.8229088320100325,2131324,Atlanta,No court,34.06401229471347,-84.28363379138658
13121011637,Census Tract 116.37,,1,4.0241448692152915,0.7428322806003146,193750.0,Q4 (highest),2485,1.3279678068410463,3.1388329979879273,12.9,21.4,12.4,1.3461989013076507,3486639,Atlanta,Has court,34.04680483774513,-84.27336982736179
13121011638,Census Tract 116.38,,2,4.7892720306513406,1.685137441812878,135313.0,Q4 (highest),4176,5.842911877394636,3.3045977011494254,15.6,22.5,12.8,1.1868468116454594,3073919,Atlanta,Has court,34.045098413732056,-84.23916773161879
13121011636,Census Tract 116.36,,0,0.0,0.0,97574.0,Q3,1906,15.582371458551942,3.827751196172249,17.5,19.8,13.0,0.6730324619264645,1743146,Atlanta,No court,34.07244792894428,-84.25897395342447
13121011646,Census Tract 116.46,,0,0.0,0.0,99643.0,Q3,4159,14.017792738639097,5.025246453474392,16.7,24.4,13.7,2.309530777748777,5981657,Atlanta,No court,34.0497571086129,-84.29930545234512
13121001206,Census Tract 12.06,Midtown,0,0.0,0.0,121361.0,Q3,3494,2.5472238122495705,16.51402404121351,12.0,21.9,14.6,0.0782671579945544,202711,Atlanta,No court,33.7795463141269,-84.38495381435186
13089021224,Census Tract 212.24,,3,6.437768240343347,3.5012723150817218,56964.0,Q1 (lowest),4660,38.73390557939914,15.55845284658844,18.8,26.3,15.0,0.8568313830025467,2219183,Atlanta,Has court,33.92897958321733,-84.30196567950678
13089023433,Census Tract 234.33,,0,0.0,0.0,62450.0,Q2,5738,71.54060648309516,8.71383757406762,28.7,41.0,18.7,4.580078363297436,11862348,Atlanta,No court,33.65620761204359,-84.13749104845022
13089023434,Census Tract 234.34,,0,0.0,0.0,85000.0,Q3,4896,82.80228758169935,2.472920498671572,21.6,35.1,16.9,5.835498079527782,15113870,Atlanta,No court,33.65171635422716,-84.11013758416931
13089023445,Census Tract 234.45,,0,0.0,0.0,50127.0,Q1 (lowest),3363,77.93636633957776,7.272727272727272,23.6,34.8,14.8,1.7460876266608183,4522346,Atlanta,No court,33.70518377573794,-84.23504453119529
13089023448,Census Tract 234.48,,0,0.0,0.0,80291.0,Q2,3132,92.08173690932313,7.662835249042145,25.0,37.0,16.2,1.496482995288009,3875873,Atlanta,No court,33.70100037203022,-84.20932119252512
13089021824,Census Tract 218.24,,1,4.083299305839118,1.050704218495563,45524.0,Q1 (lowest),2449,50.510412413229886,27.449287872248597,34.3,37.0,19.3,0.9517426335566034,2465002,Atlanta,Has court,33.84432747019988,-84.20678859146264
13089021230,Census Tract 212.30,,0,0.0,0.0,109805.0,Q3,3799,8.449591997894183,0.1316135825217162,11.5,17.6,10.6,0.9568924643666302,2478340,Atlanta,No court,33.92883743095652,-84.34273785323292
13089021916,Census Tract 219.16,,0,0.0,0.0,58034.0,Q1 (lowest),2970,77.7104377104377,16.61431064572426,25.4,35.2,18.7,0.6151827730475972,1593316,Atlanta,No court,33.79213905748231,-84.21268744521565
13089023215,Census Tract 232.15,,0,0.0,0.0,47766.0,Q1 (lowest),4802,75.82257392753019,30.00832986255727,34.4,39.9,19.5,1.310157807680962,3393293,Atlanta,No court,33.756191615656824,-84.21056729275496
13089021608,Census Tract 216.08,,0,0.0,0.0,63507.0,Q2,4075,37.15337423312883,16.56441717791411,17.3,28.8,15.5,0.7329246313110331,1898266,Atlanta,No court,33.85419392633934,-84.28969940207837
13089021710,Census Tract 217.10,,0,0.0,0.0,181782.0,Q4 (highest),2508,12.08133971291866,0.5983246908655764,14.4,23.0,11.4,1.08242200349963,2803460,Atlanta,No court,33.86328556983908,-84.26200924120654
13089021820,Census Tract 218.20,,0,0.0,0.0,56019.0,Q1 (lowest),2074,54.09836065573771,10.462873674059788,16.0,27.6,14.7,0.5948058446602842,1540540,Atlanta,No court,33.8543658424842,-84.25182464121794
13089021915,Census Tract 219.15,,0,0.0,0.0,119440.0,Q3,3996,68.21821821821821,5.702084903290631,19.5,30.0,13.0,6.2978782141075556,16311429,Atlanta,No court,33.804574250867326,-84.13228134309587
13089022405,Census Tract 224.05,Emory,1,4.08997955010225,1.799306256543357,73365.0,Q2,2445,23.76278118609407,19.82758620689655,15.9,23.3,21.1,0.5557697564621921,1439437,Atlanta,Has court,33.79766074634073,-84.31466192530732
13089021220,Census Tract 212.20,,0,0.0,0.0,116989.0,Q3,3571,15.6818818258191,4.452534304116494,13.1,23.8,12.4,0.9666797684004712,2503689,Atlanta,No court,33.9090745892478,-84.31693624843827
13089021225,Census Tract 212.25,,0,0.0,0.0,67172.0,Q2,2639,46.26752557787041,8.869432813094786,15.0,26.1,14.9,0.2208952319470206,572116,Atlanta,No court,33.9238396486555,-84.31117498427325
13089021815,Census Tract 218.15,,0,0.0,0.0,47535.0,Q1 (lowest),4246,47.59773904851625,8.949599623174754,28.8,35.1,20.4,0.3509653326579119,908996,Atlanta,No court,33.895863897347,-84.23253916890648
13089022013,Census Tract 220.13,,0,0.0,0.0,50727.0,Q1 (lowest),3032,84.10290237467018,36.70844327176781,30.0,39.8,21.7,0.3960956575860583,1025883,Atlanta,No court,33.821211011776576,-84.23190933723183
13089021227,Census Tract 212.27,,0,0.0,0.0,125291.0,Q4 (highest),5299,18.64502736365352,1.1322891111530478,11.9,21.4,12.2,0.9175065675979966,2376331,Atlanta,No court,33.93012220227256,-84.3258598838719
13089021223,Census Tract 212.23,,0,0.0,0.0,111827.0,Q3,1710,5.964912280701754,3.13064419024684,14.6,17.5,10.5,0.2825831625474713,731887,Atlanta,No court,33.94031690003621,-84.33378996258828
13089021506,Census Tract 215.06,,0,0.0,0.0,114246.0,Q3,2959,16.052720513687056,15.444839857651246,16.4,21.5,13.5,0.7147106473080184,1851092,Atlanta,No court,33.80851529471738,-84.3138320220362
13089021309,Census Tract 213.09,,0,0.0,0.0,35114.0,Q1 (lowest),1922,4.630593132154006,25.550891920251832,43.8,36.7,20.9,0.4395356271920951,1138392,Atlanta,No court,33.89945177882974,-84.26374159078124
13089021822,Census Tract 218.22,,0,0.0,0.0,97028.0,Q3,3976,13.279678068410464,7.18562874251497,19.6,26.4,13.4,1.935059930779602,5011782,Atlanta,No court,33.866073254158145,-84.21000649827316
13089021917,Census Tract 219.17,,0,0.0,0.0,44724.0,Q1 (lowest),3300,70.66666666666667,18.24242424242424,25.4,36.6,18.9,0.7025538342262589,1819606,Atlanta,No court,33.79446631029454,-84.20119270456713
13089023324,Census Tract 233.24,,0,0.0,0.0,84661.0,Q2,3718,96.7455621301775,3.146853146853147,19.7,32.9,14.1,1.2531532964631495,3245652,Atlanta,No court,33.76943520232159,-84.14719750924522
13089023332,Census Tract 233.32,,0,0.0,0.0,67352.0,Q2,2468,88.04700162074555,5.348460291734198,24.6,36.0,16.4,0.8389652770591988,2172910,Atlanta,No court,33.74746742111698,-84.15976472352475
13089022011,Census Tract 220.11,,0,0.0,0.0,47083.0,Q1 (lowest),5954,73.19449109842124,22.74101444407121,32.0,33.4,19.8,0.5329588399637373,1380357,Atlanta,No court,33.8028136658284,-84.23283971027296
13089022012,Census Tract 220.12,,0,0.0,0.0,36807.0,Q1 (lowest),3607,31.85472691987801,44.607707235930135,44.5,32.1,22.4,0.3409328537429517,883012,Atlanta,No court,33.80101932392588,-84.24222320342683
13089021104,Census Tract 211.04,,0,0.0,0.0,104762.0,Q3,1884,27.335456475583864,16.666666666666664,18.2,26.8,14.9,0.4497897287555,1164950,Atlanta,No court,33.86236277896098,-84.34336180946902
13089021228,Census Tract 212.28,,0,0.0,0.0,239018.0,Q4 (highest),3430,0.2040816326530612,0.7580174927113703,12.7,22.1,11.4,1.0073795708705986,2609101,Atlanta,No court,33.95779253429809,-84.31533041261365
13089021310,Census Tract 213.10,,0,0.0,0.0,38554.0,Q1 (lowest),5439,2.702702702702702,17.86966955879638,36.9,30.7,16.9,1.2534965412967165,3246541,Atlanta,No court,33.90580561397224,-84.25482577893798
13089021606,Census Tract 216.06,,1,2.2202486678507993,0.983501776197248,107898.0,Q3,4504,22.424511545293072,8.505440817232955,13.7,23.0,13.6,1.016774981196824,2633435,Atlanta,Has court,33.826511764476706,-84.31427919590604
13089023321,Census Tract 233.21,,0,0.0,0.0,64049.0,Q2,4313,97.17134245304892,19.55649917433357,28.5,38.2,20.0,0.3888238092222821,1007049,Atlanta,No court,33.70964708147941,-84.14078593114787
13089021229,Census Tract 212.29,,0,0.0,0.0,177054.0,Q4 (highest),3465,0.6349206349206349,0.9235209235209236,11.8,22.0,11.0,1.1512292721047357,2981670,Atlanta,No court,33.95929962542,-84.33048698666272
13089021226,Census Tract 212.26,,0,0.0,0.0,78136.0,Q2,3502,33.6093660765277,6.853226727584237,15.1,24.0,14.4,0.5017509733635831,1299529,Atlanta,No court,33.92311953220125,-84.32955123313148
13089021221,Census Tract 212.21,,0,0.0,0.0,111146.0,Q3,2675,11.102803738317755,3.4018691588785046,12.3,23.0,12.5,0.683344864918293,1769855,Atlanta,No court,33.89830756607146,-84.32977499720273
13089021712,Census Tract 217.12,,0,0.0,0.0,59477.0,Q1 (lowest),2412,31.38474295190713,14.472537053182212,16.7,27.1,16.9,0.919707736097619,2382032,Atlanta,No court,33.875033447394266,-84.26091289252281
13089021418,Census Tract 214.18,,0,0.0,0.0,52326.0,Q1 (lowest),2383,12.505245488879565,26.898866974402015,30.5,34.1,18.9,0.1791081657521193,463888,Atlanta,No court,33.850334392812066,-84.31698985229066
13089021421,Census Tract 214.21,,0,0.0,0.0,89643.0,Q3,2314,13.439930855661192,12.802463704355477,22.9,29.8,15.5,0.2446621374307525,633672,Atlanta,No court,33.85355443391616,-84.32192163441701
13089021419,Census Tract 214.19,,0,0.0,0.0,76667.0,Q2,2269,44.29263992948436,10.489202291758485,20.7,29.3,17.8,0.2383914520067274,617431,Atlanta,No court,33.84380622892761,-84.31977846942024
13089022015,Census Tract 220.15,,0,0.0,0.0,80469.0,Q2,2248,49.86654804270463,5.289557683538532,26.0,29.0,15.9,0.6128723376324523,1587332,Atlanta,No court,33.807093277419256,-84.22265281545931
13089021505,Census Tract 215.05,,0,0.0,0.0,114716.0,Q3,3172,17.74905422446406,24.170157911698357,14.8,23.4,15.4,0.7114059987922724,1842533,Atlanta,No court,33.80981858991401,-84.32824437815846
13089022205,Census Tract 222.05,,0,0.0,0.0,75625.0,Q2,4411,15.50668782588982,5.03382949932341,18.9,27.0,15.9,0.7759862207855789,2009795,Atlanta,No court,33.80908997153486,-84.26421663795736
13089022206,Census Tract 222.06,,0,0.0,0.0,82543.0,Q2,3102,34.13926499032882,10.219707057256992,20.0,23.8,15.4,0.8184408576410392,2119752,Atlanta,No court,33.799481333279104,-84.27318255261899
13089023444,Census Tract 234.44,,0,0.0,0.0,67250.0,Q2,2380,81.97478991596638,40.068201193520885,32.1,41.8,18.8,5.803469359703597,15030916,Atlanta,No court,33.67386049981122,-84.31970055800622
13089021708,Census Tract 217.08,,0,0.0,0.0,83945.0,Q2,3811,20.650747835213853,10.705851482550512,18.9,28.0,14.9,1.7215539222575549,4458804,Atlanta,No court,33.835752911537995,-84.25520242848394
13089023442,Census Tract 234.42,,0,0.0,0.0,115341.0,Q3,2961,96.31881121242824,7.913425769360839,26.6,38.4,17.1,1.4462866237218088,3745865,Atlanta,No court,33.69503553279845,-84.18858750774443
13089023701,Census Tract 237.01,,0,0.0,0.0,76078.0,Q2,2636,55.61456752655539,5.993930197268589,16.1,28.3,15.0,1.0255395005691146,2656135,Atlanta,No court,33.73817494834324,-84.32166827734093
13089020901,Census Tract 209.01,East Atlanta,3,9.250693802035151,3.0561532410320957,114478.0,Q3,3243,33.425840271353685,9.682392846130126,15.1,27.5,14.4,0.9816261696965392,2542400,Atlanta,Has court,33.740572921766,-84.34087162461739
13121000700,Census Tract 7,Knight Park/Howell Station,0,0.0,0.0,147045.0,Q4 (highest),3004,54.92676431424767,8.061002178649238,21.3,31.5,18.4,0.6822417710043445,1766998,Atlanta,No court,33.7800639006268,-84.42343706601447
13089023115,Census Tract 231.15,,0,0.0,0.0,,,1765,66.45892351274789,33.33333333333333,45.0,48.0,20.9,0.2558699113663847,662700,Atlanta,No court,33.77378088588147,-84.24131214103286
13089023422,Census Tract 234.22,,0,0.0,0.0,67875.0,Q2,5628,95.77114427860695,15.82222222222222,27.0,38.8,18.4,3.4883860465762777,9034878,Atlanta,No court,33.66068649647637,-84.26566721982682
13089023424,Census Tract 234.24,,0,0.0,0.0,67245.0,Q2,5547,95.1685595817559,21.959581378563698,26.5,38.5,17.7,2.7088866821004576,7015984,Atlanta,No court,33.67242412181336,-84.29198273301259
13089023427,Census Tract 234.27,,0,0.0,0.0,66571.0,Q2,2985,83.68509212730318,21.6750418760469,30.4,39.1,17.6,1.7562641216870505,4548703,Atlanta,No court,33.6815354916839,-84.15694886481818
13121010108,Census Tract 101.08,,1,2.23463687150838,0.5214230364959566,146979.0,Q4 (highest),4475,4.75977653631285,3.977653631284917,14.6,22.0,11.4,1.917828576811939,4967153,Atlanta,Has court,33.96601002036643,-84.27984965484632
13089023437,Census Tract 234.37,,0,0.0,0.0,90766.0,Q3,7304,96.13910186199342,13.62763915547025,24.8,37.8,16.0,3.902678313567476,10107890,Atlanta,No court,33.64792641366218,-84.22325475026166
13089021609,Census Tract 216.09,,0,0.0,0.0,108036.0,Q3,1726,4.113557358053303,3.186558516801854,15.0,23.7,12.3,0.6746479134266259,1747330,Atlanta,No court,33.8442926403817,-84.30007723879042
13089021709,Census Tract 217.09,,0,0.0,0.0,71125.0,Q2,3320,27.590361445783135,4.246987951807228,18.2,27.1,15.1,0.9151443944914032,2370213,Atlanta,No court,33.86234757604281,-84.27737417507664
13089021222,Census Tract 212.22,,1,2.024701356549909,0.8573569845787578,89728.0,Q3,4939,28.447054059526224,24.333888426311407,17.1,24.6,13.5,1.1663752882252736,3020898,Atlanta,Has court,33.89087840765247,-84.3177224920746
13089023441,Census Tract 234.41,,0,0.0,0.0,81250.0,Q2,3613,92.36091890395794,9.166898857620508,24.4,36.8,16.3,2.2386721482879457,5798134,Atlanta,No court,33.67517639545948,-84.18563939198496
13089021711,Census Tract 217.11,,0,0.0,0.0,120227.0,Q3,3111,15.26840244294439,23.028703398218408,24.0,28.3,15.0,1.0436839861806309,2703129,Atlanta,No court,33.884921023203354,-84.25914502028324
13089023216,Census Tract 232.16,,0,0.0,0.0,69150.0,Q2,4471,88.43659136658466,9.491828967987464,26.8,36.2,16.4,1.486819243950165,3850844,Atlanta,No court,33.741536690812936,-84.205526908442
13089023318,Census Tract 233.18,,0,0.0,0.0,85139.0,Q3,4169,81.38642360278244,2.1108179419525066,21.8,34.6,15.9,2.8924940964977446,7491525,Atlanta,No court,33.728121929421256,-84.08269967020959
13089021204,Census Tract 212.04,,0,0.0,0.0,40449.0,Q1 (lowest),3422,0.847457627118644,44.090775125257885,49.6,40.4,22.4,1.8083828959825297,4683690,Atlanta,No court,33.881823812438356,-84.29908854417377
13089022100,Census Tract 221,,0,0.0,0.0,63810.0,Q2,3669,56.44589806486782,18.50640501499046,25.6,35.4,17.2,1.3129794423757948,3400601,Atlanta,No court,33.79051494534943,-84.25543276533723
13089023801,Census Tract 238.01,,0,0.0,0.0,90822.0,Q3,5326,63.44348479158843,10.501596843885029,21.2,33.0,16.7,1.663166393048925,4307581,Atlanta,No court,33.717819432534405,-84.33860588559541
13121011423,Census Tract 114.23,,2,3.2905561039815727,0.801869882540998,151767.0,Q4 (highest),6078,0.3784139519578809,3.93221454425798,13.5,22.8,12.8,2.4941702432598145,6459871,Atlanta,Has court,34.017750151232775,-84.38399266541391
13121010211,Census Tract 102.11,,0,0.0,0.0,225268.0,Q4 (highest),3370,9.70326409495549,4.699191858724933,12.2,21.6,12.0,1.479245463685546,3831228,Atlanta,No court,33.88154633551091,-84.39517209405433
13121012000,Census Tract 120,Mechanicsville,3,8.298755186721992,3.26178940832881,,,3615,75.82295988934993,58.85140786172289,40.5,46.0,23.1,0.9197405547824932,2382117,Atlanta,Has court,33.73593970690379,-84.39299784665126
13121007002,Census Tract 70.02,Lakewood,0,0.0,0.0,58750.0,Q1 (lowest),3051,91.937069813176,16.617502458210424,28.6,36.8,19.5,1.688367282010573,4372851,Atlanta,No court,33.69355511534181,-84.36774358732214
13121009900,Census Tract 99,Tuxedo Park,1,2.030456852791878,0.3337652111944597,141930.0,Q4 (highest),4925,8.121827411167512,1.7055837563451774,12.5,21.8,13.1,2.996118128732643,7759910,Atlanta,Has court,33.859903262306844,-84.39486452182895
13121011000,Census Tract 110,,0,0.0,0.0,47933.0,Q1 (lowest),2855,47.42556917688266,19.843249020306377,33.1,37.5,18.7,1.097120141097179,2841528,Atlanta,No court,33.67426479464671,-84.42697686848189
13121000100,Census Tract 1,Morningside/Lenox Park,0,0.0,0.0,141410.0,Q4 (highest),5615,7.390917186108638,9.47799750579013,12.6,23.4,13.5,1.2405984120389748,3213135,Atlanta,No court,33.79916746953256,-84.35510980515254
13121000400,Census Tract 4,Ansley Park,2,10.498687664041997,3.330244806272719,156528.0,Q4 (highest),1905,11.601049868766404,2.967525195968645,12.1,21.6,11.6,0.6005564504545967,1555434,Atlanta,Has court,33.78853120344917,-84.37823536878432
13089021217,Census Tract 212.17,,0,0.0,0.0,126667.0,Q4 (highest),2806,20.349251603706342,6.03882099209202,15.2,24.4,12.7,0.6365326789158868,1648612,Atlanta,No court,33.92833876695143,-84.28993975580418
13089021409,Census Tract 214.09,,1,2.8943560057887123,2.4868675501648636,75885.0,Q2,3455,35.57163531114327,27.091172214182347,28.5,34.5,18.7,0.4021122877789395,1041466,Atlanta,Has court,33.8610665389483,-84.29577047913244
13089023111,Census Tract 231.11,,0,0.0,0.0,51058.0,Q1 (lowest),1956,79.85685071574642,25.396825396825395,31.3,40.2,17.7,0.902557463586704,2337613,Atlanta,No court,33.75992004768391,-84.22672368376638
13089022010,Census Tract 220.10,,0,0.0,0.0,88000.0,Q3,2199,42.33742610277399,13.27102803738318,27.8,28.5,16.7,0.4805902575610389,1244723,Atlanta,No court,33.812971725080715,-84.23069332875606
13089023113,Census Tract 231.13,,0,0.0,0.0,57250.0,Q1 (lowest),3143,36.97104677060133,18.071905822462615,17.3,29.9,15.9,0.7875878189397016,2039843,Atlanta,No court,33.778125114246926,-84.25172242337241
13089021821,Census Tract 218.21,,0,0.0,0.0,160972.0,Q4 (highest),2947,8.754665761791653,4.580929759077027,15.7,23.5,11.7,1.3426235951672365,3477379,Atlanta,No court,33.86795447836788,-84.2263185840706
17031251400,Census Tract 2514,Austin,1,3.0590394616090544,3.764364240990192,21049.0,Q1 (lowest),3269,84.42948914040991,31.752829611501987,39.0,45.2,19.7,0.265649107254551,688028,Chicago,Has court,41.89095744228987,-87.77012479716826
17031260300,Census Tract 2603,Garfield Park,2,12.383900928792569,15.735663923544976,,,1615,87.6780185758514,36.26782393056416,37.7,45.1,20.9,0.1270998166786873,329187,Chicago,Has court,41.884276615036505,-87.73313624783252
17031260500,Census Tract 2605,Garfield Park,0,0.0,0.0,40991.0,Q1 (lowest),1594,98.93350062735256,22.187303582652422,37.9,47.8,21.5,0.1303299474746601,337553,Chicago,No court,41.87666392980593,-87.7377281698673
17031260600,Census Tract 2606,Garfield Park,0,0.0,0.0,42875.0,Q1 (lowest),2115,96.73758865248226,17.872340425531917,41.0,47.0,23.1,0.1230990259414329,318825,Chicago,No court,41.87710770357853,-87.73286703707404
17031260700,Census Tract 2607,Garfield Park,0,0.0,0.0,46167.0,Q1 (lowest),1216,86.8421052631579,34.45723684210527,38.9,45.0,21.4,0.1271052221091372,329201,Chicago,No court,41.87705659022654,-87.72799618499982
17031260800,Census Tract 2608,Garfield Park,0,0.0,0.0,36681.0,Q1 (lowest),1782,93.0976430976431,31.313131313131315,40.7,48.8,22.4,0.1270063799523395,328945,Chicago,No court,41.87708482286876,-87.72309638827704
17031050700,Census Tract 507,North Center,0,0.0,0.0,130699.0,Q4 (highest),1484,0.3369272237196766,8.76010781671159,11.1,25.1,13.4,0.0634466260075336,164326,Chicago,No court,41.94507103847245,-87.67605949619478
17031050900,Census Tract 509,North Center,0,0.0,0.0,136053.0,Q4 (highest),1542,1.556420233463035,3.9030955585464335,12.8,25.2,13.9,0.0628280903231984,162724,Chicago,No court,41.9449465596841,-87.68577800321707
17031051000,Census Tract 510,North Center,0,0.0,0.0,184464.0,Q4 (highest),1665,6.126126126126126,3.123123123123123,11.5,24.5,13.0,0.0643385220317623,166636,Chicago,No court,41.941302426966494,-87.68573169844562
17031051100,Census Tract 511,North Center,0,0.0,0.0,181827.0,Q4 (highest),1864,0.3755364806866952,7.741935483870968,11.9,25.8,14.2,0.0628195960753486,162702,Chicago,No court,41.941365177959845,-87.68082663927251
17031051200,Census Tract 512,North Center,0,0.0,0.0,174598.0,Q4 (highest),1565,2.68370607028754,5.614266842800529,10.7,23.9,13.8,0.0635319545882065,164547,Chicago,No court,41.9414224477599,-87.67595355260681
17031831100,Census Tract 8311,Avondale,0,0.0,0.0,97640.0,Q3,6828,2.6215582893966025,12.369619509328633,21.5,30.0,15.4,0.5077857503586889,1315159,Chicago,No court,41.94285581303519,-87.71749553258198
17031831500,Census Tract 8315,Belmont Cragin,0,0.0,0.0,78682.0,Q3,3479,9.916642713423398,9.370508766887037,28.2,32.7,16.4,0.3716951584331665,962686,Chicago,No court,41.92759556923516,-87.78800675934622
17031831600,Census Tract 8316,Montclare,0,0.0,0.0,59535.0,Q2,7209,8.91940629768345,6.364016153739034,29.8,32.7,15.3,0.5748466788263111,1488846,Chicago,No court,41.92561056126982,-87.79761487598931
17031831200,Census Tract 8312,Hermosa,0,0.0,0.0,61250.0,Q2,4657,4.638179085248013,10.457375993128624,33.2,35.4,16.7,0.2216427257578027,574052,Chicago,No court,41.91532126227752,-87.73225998607661
17031831000,Census Tract 8310,Bucktown,0,0.0,0.0,199886.0,Q4 (highest),2277,2.4593763724198507,5.797101449275362,10.4,24.2,13.9,0.1085904645118047,281248,Chicago,No court,41.91479812009421,-87.67699655114818
17031843000,Census Tract 8430,North Lawndale,1,4.0733197556008145,2.4299491209454143,21726.0,Q1 (lowest),2455,89.61303462321793,45.09403107113655,38.4,47.2,22.2,0.4115312503378394,1065861,Chicago,Has court,41.86793610040466,-87.72274885882986
17031843100,Census Tract 8431,North Lawndale,3,20.120724346076457,7.926140675877489,61648.0,Q2,1491,77.19651240778002,27.833668678739095,30.2,42.1,19.3,0.378494417734754,980296,Chicago,Has court,41.86075009449607,-87.70071235042221
17031842900,Census Tract 8429,"Little Italy, Uic",1,3.802281368821293,1.1727941293004729,21521.0,Q1 (lowest),2630,63.76425855513308,51.33079847908745,37.0,43.7,19.8,0.8526645683300463,2208391,Chicago,Has court,41.863138632969914,-87.67293711680027
17031843500,Census Tract 8435,Little Village,8,9.445100354191265,10.961937774843294,55833.0,Q1 (lowest),8470,67.33175914994098,25.59241706161137,30.1,37.6,19.6,0.7297979758979578,1890168,Chicago,Has court,41.838216780930715,-87.69675404044784
17031842000,Census Tract 8420,Douglas,1,3.5523978685612794,4.389713446991846,135341.0,Q4 (highest),2815,47.60213143872114,16.898792943361187,20.7,26.3,16.9,0.2278053025728304,590013,Chicago,Has court,41.8349600784139,-87.62517013139242
17031070101,Census Tract 701.01,Lincoln Park,0,0.0,0.0,96944.0,Q3,4179,2.0339794209140942,11.438143096434557,13.0,23.1,13.1,0.2054947744931636,532229,Chicago,No court,41.93046401887253,-87.63255807586725
17031836200,Census Tract 8362,Hyde Park,0,0.0,0.0,,,1919,8.077123501823866,9.919571045576408,12.7,16.5,20.5,0.3141952781248407,813762,Chicago,No court,41.79046941913949,-87.60128491494923
17031804308,Census Tract 8043.08,,0,0.0,0.0,91127.0,Q3,4846,7.346264960792406,12.278167560874948,23.2,28.1,15.1,0.8801361241828147,2279542,Chicago,No court,42.02392063849071,-88.15269889903489
17031820605,Census Tract 8206.05,,0,0.0,0.0,63009.0,Q2,5312,49.17168674698795,20.35015060240964,25.6,36.8,19.2,0.6191410925456026,1603568,Chicago,No court,41.73805711415229,-87.8304572183097
17031836300,Census Tract 8363,Hyde Park,0,0.0,0.0,50729.0,Q1 (lowest),1581,58.317520556609736,29.79127134724858,20.9,32.5,16.9,0.0530979294112559,137523,Chicago,No court,41.80153232988133,-87.60175847659731
17031834500,Census Tract 8345,Washington Park,0,0.0,0.0,53958.0,Q1 (lowest),1606,96.88667496886674,41.78082191780822,36.8,48.0,23.4,0.179202760784992,464133,Chicago,No court,41.78808233246706,-87.62473600135581
17031836000,Census Tract 8360,Grand Boulevard,1,3.6429872495446265,5.12118479851307,79485.0,Q3,2745,87.61384335154827,23.89799635701275,25.2,40.9,17.5,0.1952673139798331,505740,Chicago,Has court,41.81400356623662,-87.61168434804306
17031842600,Census Tract 8426,New City,0,0.0,0.0,91667.0,Q3,4587,5.798997165903641,16.13254850664923,25.7,29.7,15.7,1.420630906398022,3679417,Chicago,No court,41.816218595370955,-87.65169495991745
17031834400,Census Tract 8344,Woodlawn,0,0.0,0.0,40588.0,Q1 (lowest),4125,80.67878787878789,20.33939393939394,24.5,40.0,17.1,0.2264466090190379,586494,Chicago,No court,41.77695045912093,-87.59630295117084
17031834300,Census Tract 8343,Avalon Park,1,1.5964240102171137,1.354853458057152,52425.0,Q1 (lowest),6264,93.59833971902938,18.726053639846743,27.5,39.7,15.5,0.7380872034928347,1911637,Chicago,Has court,41.745835163891186,-87.59178807376078
17031843200,Census Tract 8432,Lower West Side,2,9.385265133740027,1.8573125566742907,70525.0,Q2,2131,3.5664007508212108,13.46785546691694,26.6,33.6,15.2,1.0768246802687889,2788963,Chicago,Has court,41.84747033287172,-87.6635016834798
17031843400,Census Tract 8434,North Lawndale,0,0.0,0.0,43021.0,Q1 (lowest),1208,54.056291390728475,17.3841059602649,32.9,39.9,17.7,0.2533652665572196,656213,Chicago,No court,41.84932735622423,-87.7320217532552
17031803200,Census Tract 8032,,0,0.0,0.0,98618.0,Q3,5085,0.039331366764995,7.309879924162629,19.5,24.6,12.3,1.071043572402652,2773990,Chicago,No court,42.098844271946085,-87.99767554461421
17031803300,Census Tract 8033,,0,0.0,0.0,102095.0,Q3,5417,5.150452279859701,8.927911275415896,17.4,26.6,13.7,0.7673483429266854,1987423,Chicago,No court,42.08506986958006,-87.98947674952836
17031808900,Census Tract 8089,,0,0.0,0.0,192577.0,Q4 (highest),4216,1.3519924098671727,2.106270943034945,11.6,23.6,10.1,0.5536276615953433,1433889,Chicago,No court,42.06651486146721,-87.71747104931215
17031809000,Census Tract 8090,,0,0.0,0.0,207434.0,Q4 (highest),4051,5.208590471488521,5.34020059636758,14.8,23.1,10.2,0.5602346420137854,1451001,Chicago,No court,42.05975689785805,-87.71891404215376
17031301803,Census Tract 3018.03,Little Village,0,0.0,0.0,59213.0,Q2,3264,0.0,12.959558823529411,33.3,34.9,16.2,0.1355411685305105,351050,Chicago,No court,41.83954972050366,-87.72787083373709
17031829700,Census Tract 8297,,0,0.0,0.0,53409.0,Q1 (lowest),2827,63.494870887866995,25.185709232401837,29.5,38.9,17.3,7.124785906343968,18453110,Chicago,No court,41.4948649086864,-87.59735504966307
17031830003,Census Tract 8300.03,,0,0.0,0.0,128750.0,Q4 (highest),8131,87.04956339933587,6.887221743942934,20.5,35.2,14.1,4.1203063489097245,10671544,Chicago,No court,41.51370354364861,-87.77052353021608
17031823703,Census Tract 8237.03,,0,0.0,0.0,68274.0,Q2,8665,3.0929024812463934,13.161320866374718,24.0,31.1,17.7,2.006980727323833,5198056,Chicago,No court,41.71880526265723,-87.80825310717206
17031829800,Census Tract 8298,,0,0.0,0.0,141250.0,Q4 (highest),6716,58.6063132817153,2.4813153961136023,16.4,29.9,12.4,2.0136684030968484,5215377,Chicago,No court,41.54258758408136,-87.68433625425118
17031804607,Census Tract 8046.07,,0,0.0,0.0,137633.0,Q4 (highest),7236,1.1332227750138195,2.28310502283105,18.4,24.8,13.1,1.405269059161664,3639630,Chicago,No court,41.99611742892749,-88.05359275624002
17031823901,Census Tract 8239.01,,0,0.0,0.0,118778.0,Q4 (highest),3979,5.931138477004272,4.236631361405322,20.3,27.1,12.4,3.958877801750433,10253446,Chicago,No court,41.668714212341015,-87.83884902913091
17031804709,Census Tract 8047.09,,0,0.0,0.0,99214.0,Q3,7925,2.7886435331230284,3.574193548387097,23.4,24.6,13.2,1.1758425135560473,3045418,Chicago,No court,42.03792658457224,-88.08796988521145
17031826800,Census Tract 8268,,0,0.0,0.0,60489.0,Q2,5159,32.48691606900562,25.5863539445629,32.8,39.2,18.2,3.0669284954216005,7943308,Chicago,No court,41.6373646197343,-87.66001505992556
17031710300,Census Tract 7103,Auburn Gresham,0,0.0,0.0,54886.0,Q1 (lowest),1170,95.55555555555556,17.00854700854701,32.0,41.5,18.8,0.1264797365856521,327581,Chicago,No court,41.75404851434254,-87.66110569972989
17031826402,Census Tract 8264.02,,0,0.0,0.0,53407.0,Q1 (lowest),4993,89.74564390146205,20.93404342482589,30.3,42.5,17.6,0.7813958983593746,2023806,Chicago,No court,41.62806505247699,-87.59009409222506
17031826600,Census Tract 8266,,0,0.0,0.0,48058.0,Q1 (lowest),4735,85.61774023231257,32.88278775079198,35.6,46.7,19.8,0.5839583040539184,1512445,Chicago,No court,41.63635188587713,-87.62301502568909
17031826700,Census Tract 8267,,0,0.0,0.0,46563.0,Q1 (lowest),4343,89.98388210914115,32.59566620562471,34.6,46.0,20.6,0.4303502564490646,1114602,Chicago,No court,41.63621125450424,-87.63355809900649
17031826901,Census Tract 8269.01,,0,0.0,0.0,19522.0,Q1 (lowest),1675,77.73134328358209,50.92537313432835,46.0,49.3,22.5,0.5061417272975782,1310901,Chicago,No court,41.62104726198575,-87.66447958968416
17031826902,Census Tract 8269.02,,0,0.0,0.0,41595.0,Q1 (lowest),1375,68.14545454545454,32.265112891478516,42.6,45.5,20.7,0.2720699864246475,704658,Chicago,No court,41.61486994246451,-87.6640082304347
17031730700,Census Tract 7307,Washington Heights,1,4.688232536333802,2.6211429045636434,67500.0,Q2,2133,93.29582747304266,18.09657759024848,28.3,39.7,17.2,0.3815129645388318,988114,Chicago,Has court,41.703081671745274,-87.65007926852958
17031740100,Census Tract 7401,Mount Greenwood,0,0.0,0.0,109375.0,Q4 (highest),2794,1.0737294201861132,11.023622047244094,18.2,29.5,15.2,0.3441444516345249,891330,Chicago,No court,41.69728637660671,-87.69860836254739
17031740200,Census Tract 7402,Mount Greenwood,0,0.0,0.0,124161.0,Q4 (highest),6207,0.837763815047527,6.163434903047092,17.3,27.7,15.1,0.7578730094502368,1962882,Chicago,No court,41.70470184907959,-87.71270596462692
17031740300,Census Tract 7403,Mount Greenwood,0,0.0,0.0,124250.0,Q4 (highest),5127,0.31207333723425,4.017944216890969,14.9,26.6,14.1,0.5099359533712126,1320728,Chicago,No court,41.69506933532328,-87.71072325358668
17031740400,Census Tract 7404,Mount Greenwood,0,0.0,0.0,91042.0,Q3,4425,9.016949152542372,3.367231638418079,18.1,29.7,16.1,1.096068398772504,2838804,Chicago,No court,41.687238652054155,-87.71931591812415
17031803005,Census Tract 8030.05,,0,0.0,0.0,112455.0,Q4 (highest),2825,0.0,2.7256637168141595,14.8,24.3,12.3,1.1778405923116246,3050593,Chicago,No court,42.132241854383835,-87.99204636527753
17031803007,Census Tract 8030.07,,0,0.0,0.0,105833.0,Q3,4939,1.397043936019437,14.598096780724845,19.1,27.3,13.6,0.9912339362190096,2567284,Chicago,No court,42.131743448655484,-87.97067386098456
17031804314,Census Tract 8043.14,,0,0.0,0.0,107031.0,Q4 (highest),1384,0.4335260115606936,8.453757225433527,19.9,25.3,12.3,2.523552232674437,6535970,Chicago,No court,42.03770868852469,-88.20400975312113
17031824509,Census Tract 8245.09,,0,0.0,0.0,119799.0,Q4 (highest),4856,5.292421746293245,3.951179147703765,18.0,28.2,14.8,1.1269160320433915,2918699,Chicago,No court,41.618789206667984,-87.77180584849087
17031824127,Census Tract 8241.27,,0,0.0,0.0,117574.0,Q4 (highest),3812,2.492130115424974,4.853095487932844,17.4,26.8,13.2,1.1855498944396654,3070560,Chicago,No court,41.57162675489188,-87.8452522423363
17031824125,Census Tract 8241.25,,0,0.0,0.0,123277.0,Q4 (highest),4357,1.859077346798256,1.3082396144135873,17.8,27.9,15.4,0.7306466284785875,1892366,Chicago,No court,41.5858757826268,-87.838062379317
17031824124,Census Tract 8241.24,,0,0.0,0.0,79688.0,Q3,3007,22.480877951446622,13.61959074136196,21.0,29.4,15.4,0.7636676308924983,1977890,Chicago,No court,41.59550598921466,-87.84445895572313
17031824129,Census Tract 8241.29,,0,0.0,0.0,107774.0,Q4 (highest),4190,4.176610978520286,2.026192241166296,17.5,25.1,12.7,2.750592280736436,7124001,Chicago,No court,41.58866817097801,-87.87573421743994
17031824128,Census Tract 8241.28,,0,0.0,0.0,94667.0,Q3,4285,5.834305717619603,6.744457409568261,18.9,25.9,12.9,3.2276844525920585,8359664,Chicago,No court,41.57122490659007,-87.86802535887098
17031829903,Census Tract 8299.03,,0,0.0,0.0,85972.0,Q3,3717,83.83104654291095,4.788808178638687,22.6,36.5,15.9,0.9733709190930614,2521019,Chicago,No court,41.549996403733914,-87.722806163838
17031804313,Census Tract 8043.13,,0,0.0,0.0,128143.0,Q4 (highest),6466,9.60408289514383,8.50567563364951,21.3,26.8,13.7,1.506572231222693,3902004,Chicago,No court,42.062518581038454,-88.24019661326004
17031804312,Census Tract 8043.12,,0,0.0,0.0,173750.0,Q4 (highest),1736,0.0,2.9377880184331797,16.3,20.3,10.7,3.1664640917255213,8201104,Chicago,No court,42.05602222437993,-88.19994664694799
17031820203,Census Tract 8202.03,,0,0.0,0.0,124769.0,Q4 (highest),3659,0.0,3.552883301448483,17.1,26.0,12.7,2.380157359802439,6164579,Chicago,No court,41.73460079364081,-87.90133349286694
17031820204,Census Tract 8202.04,,0,0.0,0.0,105871.0,Q3,4611,0.0,7.677293428757319,18.2,26.7,11.9,2.7177627850013204,7038973,Chicago,No court,41.75948190547131,-87.8917097840451
17031630600,Census Tract 6306,Gage Park,1,3.6245016310257343,2.349559886386006,48398.0,Q1 (lowest),2759,9.568684305907937,31.388184124682855,37.7,38.9,17.6,0.4256116244554029,1102329,Chicago,Has court,41.80120937995317,-87.68885274167363
17031490200,Census Tract 4902,Roseland,0,0.0,0.0,65268.0,Q2,3106,90.7598197037991,13.680781758957655,26.5,38.5,15.3,0.3360803216076676,870444,Chicago,No court,41.72490947092418,-87.61687428430236
17031612200,Census Tract 6122,New City,1,2.5773195876288657,2.8839200114911936,46227.0,Q1 (lowest),3880,33.68556701030928,25.48969072164948,40.8,41.0,19.6,0.3467502552135377,898079,Chicago,Has court,41.80487604212147,-87.6527193509295
17031844700,Census Tract 8447,North Lawndale,0,0.0,0.0,69583.0,Q2,1906,68.5729275970619,28.12172088142707,29.8,40.5,19.2,0.1551559312243917,401852,Chicago,No court,41.85414730441007,-87.71170002304069
17031844600,Census Tract 8446,Grand Boulevard,0,0.0,0.0,56848.0,Q2,2274,74.75813544415128,20.64700285442436,28.3,40.4,17.7,0.1678274185054139,434671,Chicago,No court,41.81338527906852,-87.62544368907766
17031803613,Census Tract 8036.13,,0,0.0,0.0,66745.0,Q2,3432,2.8554778554778557,8.333333333333332,29.0,32.8,16.7,0.3050936915537832,790189,Chicago,No court,42.14146732604035,-88.01367186775836
17031803615,Census Tract 8036.15,,0,0.0,0.0,105625.0,Q3,2292,5.06108202443281,2.8359511343804535,14.8,24.6,13.2,0.5195572334698075,1345647,Chicago,No court,42.13169401581055,-88.07845183402453
17031804512,Census Tract 8045.12,,0,0.0,0.0,154811.0,Q4 (highest),3408,8.538732394366196,3.638497652582159,17.3,24.1,12.4,1.4348186169202328,3716163,Chicago,No court,42.0200466453242,-88.22114299197248
17031804315,Census Tract 8043.15,,0,0.0,0.0,94219.0,Q3,2560,0.0,4.6875,19.4,25.6,13.9,0.4103436000475678,1062785,Chicago,No court,42.02007115945795,-88.18818296847205
17031804513,Census Tract 8045.13,,0,0.0,0.0,131772.0,Q4 (highest),3803,6.6263476202997635,2.077307388903497,16.5,24.0,13.0,1.930875741509227,5000945,Chicago,No court,42.008521239444065,-88.22548220310073
17031320102,Census Tract 3201.02,Loop,0,0.0,0.0,109211.0,Q4 (highest),5330,0.975609756097561,10.294946458763857,13.7,22.6,14.2,0.1751521628671638,453642,Chicago,No court,41.885039022703424,-87.62405518541148
17031809401,Census Tract 8094.01,,0,0.0,0.0,103269.0,Q3,3116,3.690629011553274,9.876543209876544,16.8,22.5,11.5,0.2585166417759464,669555,Chicago,No court,42.04336678814882,-87.6689067126727
17031750300,Census Tract 7503,Morgan Park,0,0.0,0.0,120643.0,Q4 (highest),2590,11.351351351351353,3.948896631823461,14.1,26.8,13.6,0.2555081336284183,661763,Chicago,No court,41.6953911149504,-87.6861725613578
17031750400,Census Tract 7504,Morgan Park,0,0.0,0.0,108788.0,Q4 (highest),3036,27.173913043478255,2.9693170570768723,16.9,30.0,13.8,0.3843874952316381,995559,Chicago,No court,41.68565685847078,-87.68507118110557
17031750500,Census Tract 7505,Morgan Park,1,1.8511662347278783,0.9824814029444232,68615.0,Q2,5402,62.513883746760456,13.016693163751988,25.3,36.0,14.9,1.0178309706454238,2636170,Chicago,Has court,41.68461551629522,-87.67123345652128
17031804901,Census Tract 8049.01,,0,0.0,0.0,120685.0,Q4 (highest),6382,1.206518332811031,4.945054945054945,15.6,25.6,12.8,1.104344884995606,2860240,Chicago,No court,42.05941719368917,-87.93222035539372
17031804902,Census Tract 8049.02,,0,0.0,0.0,127830.0,Q4 (highest),6277,3.5685837183367854,0.8284212203281823,18.2,24.7,12.5,1.010038270447585,2615987,Chicago,No court,42.04461495714147,-87.93096737056142
17031805001,Census Tract 8050.01,,0,0.0,0.0,138705.0,Q4 (highest),4833,1.2828470929029587,1.4276846679081316,16.3,25.5,12.7,1.1958723360880437,3097295,Chicago,No court,42.05643798382203,-87.9512517487401
17031805002,Census Tract 8050.02,,0,0.0,0.0,73736.0,Q2,7527,3.9723661485319512,8.094276094276093,24.3,28.0,15.2,0.7283184323633932,1886336,Chicago,No court,42.04235387620721,-87.95076926711367
17031809100,Census Tract 8091,,0,0.0,0.0,105469.0,Q3,3487,1.8067106395182104,10.480093676814988,15.7,26.5,11.9,0.4830354426352554,1251056,Chicago,No court,42.05935203093976,-87.70435871341252
17031809200,Census Tract 8092,,0,0.0,0.0,51978.0,Q1 (lowest),4930,53.40770791075051,17.251877410188758,26.8,37.4,17.3,0.4607175786142638,1193253,Chicago,No court,42.05255350665202,-87.6992702956385
17031809300,Census Tract 8093,,0,0.0,0.0,49063.0,Q1 (lowest),4748,8.972198820556024,29.8348789866546,18.8,24.4,17.1,0.3929365695902838,1017701,Chicago,No court,42.05795225329637,-87.68646564591938
17031819801,Census Tract 8198.01,,0,0.0,0.0,225650.0,Q4 (highest),5142,0.8362504861921431,2.860478692352598,11.1,23.8,11.3,0.8442042974716485,2186479,Chicago,No court,41.81219230556176,-87.89740391576478
17031231500,Census Tract 2315,Humboldt Park,1,1.6173378618793468,2.5907496804060393,31755.0,Q1 (lowest),6183,55.636422448649526,31.635128578360018,37.0,44.0,20.1,0.3859886609513249,999706,Chicago,Has court,41.891735716358355,-87.71865249594498
17031071100,Census Tract 711,Lincoln Park,0,0.0,0.0,212677.0,Q4 (highest),3279,1.1588899054589814,8.92416225749559,10.2,21.3,16.0,0.1256588833616217,325455,Chicago,No court,41.92177782219817,-87.65106140314478
17031071000,Census Tract 710,Sheffield & Depaul,1,2.331545814875262,7.97805562486331,186518.0,Q4 (highest),4289,5.619025413849382,5.644515612489992,11.0,20.1,18.4,0.1253438239868292,324639,Chicago,Has court,41.9217011749294,-87.65591141237115
17031071200,Census Tract 712,Lincoln Park,1,3.70919881305638,7.96429274292743,131163.0,Q4 (highest),2696,1.0385756676557862,11.016320474777448,11.8,23.5,14.7,0.1255604273069991,325200,Chicago,Has court,41.92185477579139,-87.6462106452491
17031071300,Census Tract 713,Lincoln Park,0,0.0,0.0,127083.0,Q4 (highest),3894,0.0513610683102208,14.637904468412945,11.3,23.9,14.1,0.1195302835379932,309582,Chicago,No court,41.92177942965493,-87.64145776839024
17031110300,Census Tract 1103,Jefferson Park,0,0.0,0.0,122652.0,Q4 (highest),5064,0.5134281200631912,3.218799368088467,18.9,27.0,13.7,0.4674430924004281,1210672,Chicago,No court,41.975290874944186,-87.78323488440017
17031220300,Census Tract 2203,Logan Square,1,4.708097928436912,7.942433953295818,94654.0,Q3,2124,4.001883239171375,10.438512869399428,13.5,25.5,14.5,0.1259059887536158,326095,Chicago,Has court,41.928464715798675,-87.69508635256472
17031220400,Census Tract 2204,Logan Square,0,0.0,0.0,124613.0,Q4 (highest),2622,4.195270785659801,9.70724191063174,14.9,26.3,14.2,0.1272391995638589,329548,Chicago,No court,41.92843150777661,-87.69996837274607
17031220500,Census Tract 2205,Logan Square,0,0.0,0.0,107857.0,Q4 (highest),2955,3.7563451776649743,9.313392250169953,13.2,26.0,14.7,0.1333566024244127,345392,Chicago,No court,41.92833439398387,-87.70498770610581
17031240300,Census Tract 2403,Wicker Park,0,0.0,0.0,142292.0,Q4 (highest),1290,3.0232558139534884,6.3565891472868215,10.7,24.0,13.9,0.0642161276422902,166319,Chicago,No court,41.912369308644024,-87.67506770203627
17031240500,Census Tract 2405,Wicker Park,0,0.0,0.0,178770.0,Q4 (highest),2487,0.8041817450743868,3.8198632891033375,9.5,22.7,14.0,0.0902718468193675,233803,Chicago,No court,41.91196830212125,-87.68362674010024
17031806102,Census Tract 8061.02,,0,0.0,0.0,110227.0,Q4 (highest),4337,8.254553839059257,9.258384506376949,19.8,26.0,13.6,1.2725784829891105,3295963,Chicago,No court,42.0479471817797,-87.90246374981572
17031611600,Census Tract 6116,New City,1,4.885197850512946,7.721327358965874,52692.0,Q1 (lowest),2047,55.98436736687836,28.578407425500735,36.3,41.7,19.1,0.1295114108636796,335433,Chicago,Has court,41.79763295888097,-87.67689801805777
17031340400,Census Tract 3404,Armour Square,0,0.0,0.0,41125.0,Q1 (lowest),1709,9.30368636629608,26.907155529272615,35.6,23.9,14.5,0.112091639034621,290316,Chicago,No court,41.84188578901302,-87.6320356328775
17031816800,Census Tract 8168,,0,0.0,0.0,82469.0,Q3,5522,25.31691416153567,9.3587842846553,26.9,33.8,15.0,1.843810473253158,4775447,Chicago,No court,41.89143838191196,-87.9119064218082
17031770700,Census Tract 7707,,0,0.0,0.0,68145.0,Q2,2395,2.2964509394572024,9.547738693467336,23.0,28.8,15.1,1.8059477495648628,4677383,Chicago,No court,41.985436100575846,-87.86941995011443
17031430700,Census Tract 4307,,0,0.0,0.0,37983.0,Q1 (lowest),2295,91.15468409586056,25.85624698504583,27.5,40.7,17.0,0.0731470570520017,189450,Chicago,No court,41.76514328197315,-87.55923217969581
17031808100,Census Tract 8081,,0,0.0,0.0,50974.0,Q1 (lowest),3908,4.631525076765609,12.446351931330472,27.0,25.7,11.8,1.8905238170987664,4896434,Chicago,No court,42.01130321962074,-87.790001306958
17031804810,Census Tract 8048.10,,0,0.0,0.0,84075.0,Q3,6302,5.172960964773088,5.135311379197914,19.4,25.2,13.0,1.1753687661873338,3044191,Chicago,No court,42.016151586363065,-88.08297716625412
17031808500,Census Tract 8085,,0,0.0,0.0,133091.0,Q4 (highest),4255,1.9036427732079904,4.3478260869565215,18.1,22.9,11.9,0.936522871920642,2425583,Chicago,No court,42.04723555909708,-87.77359850686133
17031800200,Census Tract 8002,,0,0.0,0.0,250001.0,Q4 (highest),6266,1.803383338653048,2.3619533992977977,12.0,23.8,11.1,2.685649122698638,6955799,Chicago,No court,42.13519174149343,-87.7704939345708
17031191000,Census Tract 1910,Belmont Cragin,0,0.0,0.0,66632.0,Q2,2394,1.3784461152882206,7.435254803675856,32.6,33.9,15.8,0.1676891939267672,434313,Chicago,No court,41.91922982032766,-87.74380099551676
17031243200,Census Tract 2432,West Town,0,0.0,0.0,124648.0,Q4 (highest),2364,7.656514382402707,10.144927536231885,13.3,26.5,14.0,0.1250391893707615,323850,Chicago,No court,41.8924327424389,-87.66962376185872
17031816700,Census Tract 8167,,0,0.0,0.0,66186.0,Q2,2736,5.555555555555555,12.646198830409356,32.3,33.8,15.9,0.4367726800278611,1131236,Chicago,No court,41.904570321029055,-87.89637792104774
17031825503,Census Tract 8255.03,,0,0.0,0.0,74196.0,Q2,6836,82.79695728496196,18.39215112022258,25.0,37.4,15.8,1.9631210646535815,5084460,Chicago,No court,41.57140898917018,-87.684610214371
17031825504,Census Tract 8255.04,,0,0.0,0.0,66369.0,Q2,3731,91.34280353792548,27.37550471063257,28.8,41.1,17.9,1.0107058411081442,2617716,Chicago,No court,41.56441662681834,-87.70402822803763
17031825505,Census Tract 8255.05,,0,0.0,0.0,76682.0,Q2,5310,85.49905838041431,11.0336586337383,28.0,39.5,16.6,1.9953320247043616,5167886,Chicago,No court,41.564336140652344,-87.733072923389
17031825700,Census Tract 8257,,0,0.0,0.0,55708.0,Q1 (lowest),3978,60.91000502765208,13.817393660254671,30.8,40.2,17.5,1.8548807948144936,4804119,Chicago,No court,41.6375376703817,-87.54470297022701
17031804506,Census Tract 8045.06,,0,0.0,0.0,124613.0,Q4 (highest),5294,2.682281828485077,8.88888888888889,19.7,25.1,12.9,1.9226432709340735,4979623,Chicago,No court,42.00220832347316,-88.19570933495085
17031824119,Census Tract 8241.19,,0,0.0,0.0,109137.0,Q4 (highest),5322,6.050357008643367,2.1044720030063884,17.7,26.4,13.0,2.961880518365336,7671235,Chicago,No court,41.57871856913778,-87.90038627720082
17031831900,Census Tract 8319,Lake View,0,0.0,0.0,131567.0,Q4 (highest),2874,2.2964509394572024,10.82115518441197,11.1,24.1,15.6,0.1252206573930072,324320,Chicago,No court,41.94516901048003,-87.66879066530161
17031832600,Census Tract 8326,Lincoln Park,1,2.354603249352484,3.7586827424869536,211324.0,Q4 (highest),4247,1.0124793972215682,2.18978102189781,10.5,23.4,14.5,0.2660506535165414,689068,Chicago,Has court,41.91474920450523,-87.65405513068569
17031836900,Census Tract 8369,Garfield Park,0,0.0,0.0,43333.0,Q1 (lowest),2237,94.68037550290568,73.4018775145284,38.5,49.6,23.3,0.06359566144708,164712,Chicago,No court,41.881883054585515,-87.70613618169075
17031841200,Census Tract 8412,Lower West Side,0,0.0,0.0,62819.0,Q2,4516,3.16651904340124,14.038972542072631,29.1,32.5,17.3,0.2414710029544538,625407,Chicago,No court,41.85556187483232,-87.68334196400791
17031839500,Census Tract 8395,Douglas,0,0.0,0.0,55625.0,Q1 (lowest),1770,52.48587570621469,15.147857573928786,24.0,34.4,14.3,0.101212438049906,262139,Chicago,No court,41.83409758626683,-87.61929184377419
17031835800,Census Tract 8358,Grand Boulevard,0,0.0,0.0,84500.0,Q3,2093,89.87099856665074,19.78021978021978,22.7,39.3,17.9,0.1098171111217503,284425,Chicago,No court,41.813046250575674,-87.61871920160297
17031838800,Census Tract 8388,South Deering,1,3.3422459893048124,0.1449896928085227,24432.0,Q1 (lowest),2992,54.37834224598931,42.876344086021504,42.7,44.4,20.1,6.897041994016961,17863256,Chicago,Has court,41.68348933574437,-87.57230613928357
17031842300,Census Tract 8423,River North,1,2.935995302407516,1.4868394010822403,173082.0,Q4 (highest),3406,15.41397533763946,10.30534351145038,12.7,26.0,13.7,0.6725675949077756,1741942,Chicago,Has court,41.90240429202626,-87.65616906704291
17031841900,Census Tract 8419,West Loop,4,6.396929473852551,4.15045551059653,136955.0,Q4 (highest),6253,20.77402846633616,13.50535273126544,15.1,21.7,17.7,0.9637496389944664,2496100,Chicago,Has court,41.86789377810062,-87.64296812876619
17031834000,Census Tract 8340,Roseland,3,8.595988538681949,8.031526731050109,41225.0,Q1 (lowest),3490,94.06876790830944,20.22922636103152,35.8,45.9,21.0,0.3735279854578476,967433,Chicago,Has court,41.727393986541216,-87.62943214913197
17031833900,Census Tract 8339,South Chicago,1,3.8774718883288095,3.82086971659047,40694.0,Q1 (lowest),2579,46.80108569212873,46.156847444401095,44.0,46.2,21.9,0.2617205176240199,677853,Chicago,Has court,41.73187717904626,-87.54785286272998
17031110501,Census Tract 1105.01,Jefferson Park,0,0.0,0.0,104848.0,Q3,5077,5.790821351191648,7.409602845287493,20.2,27.7,14.2,0.3056411844379201,791607,Chicago,No court,41.97700234901692,-87.76192501421566
17031030104,Census Tract 301.04,Edgewater,0,0.0,0.0,47330.0,Q1 (lowest),3401,10.732137606586296,22.032935831913687,19.4,25.7,19.6,0.0426944063061296,110578,Chicago,No court,41.997277183371345,-87.65564253737426
17031081401,Census Tract 814.01,Streeterville,0,0.0,0.0,82365.0,Q3,2386,3.3948030176026824,10.0,14.1,22.3,11.8,0.1087997318906496,281790,Chicago,No court,41.89503464062296,-87.61971754570416
17031430102,Census Tract 4301.02,,0,0.0,0.0,49672.0,Q1 (lowest),3208,91.20947630922691,27.49376558603491,30.0,43.0,18.0,0.1753235922328597,454086,Chicago,No court,41.76939065153051,-87.56161548390273
17031770902,Census Tract 7709.02,,0,0.0,0.0,74318.0,Q2,3863,4.348951592026922,8.154284235050477,22.0,29.0,15.4,0.4489009215486713,1162648,Chicago,No court,41.970060151809754,-87.83618056382743
17031824121,Census Tract 8241.21,,0,0.0,0.0,93277.0,Q3,3196,1.1576971214017522,7.122685911515532,18.8,28.5,15.1,0.6715695207854245,1739357,Chicago,No court,41.591813378262536,-87.82754182922397
17031803611,Census Tract 8036.11,,0,0.0,0.0,71510.0,Q2,6342,8.04162724692526,18.36959949542731,28.1,32.2,16.8,0.4330182224782509,1121512,Chicago,No court,42.147831952854624,-88.01786501624161
17031831300,Census Tract 8313,Austin,0,0.0,0.0,45583.0,Q1 (lowest),1237,18.108326596604687,31.52789005658852,44.8,44.4,20.3,0.222465509492708,576183,Chicago,No court,41.90776635689262,-87.74425949897889
17031831400,Census Tract 8314,Austin,2,6.414368184733803,2.461635845385742,33516.0,Q1 (lowest),3118,46.76074406670943,26.655112651646444,38.9,45.0,19.0,0.812467856993932,2104282,Chicago,Has court,41.86911847824178,-87.75608822030351
17031837000,Census Tract 8370,Garfield Park,0,0.0,0.0,43951.0,Q1 (lowest),2366,85.12256973795435,16.187658495350803,28.6,42.3,18.5,0.1592841356793931,412544,Chicago,No court,41.87832338220738,-87.69867387851903
17031842400,Census Tract 8424,Chatham,3,9.26497838171711,3.912417830033107,100870.0,Q3,3238,96.54107473749228,2.007411982705374,21.3,35.5,14.0,0.7667892669772988,1985975,Chicago,Has court,41.74242619015273,-87.63007091439275
17031832100,Census Tract 8321,Lake View,0,0.0,0.0,84875.0,Q3,3690,29.105691056910572,15.799457994579946,14.6,26.7,16.8,0.0857509764524005,222094,Chicago,No court,41.952821475699565,-87.6532413519096
17031242800,Census Tract 2428,West Town,0,0.0,0.0,165375.0,Q4 (highest),1492,1.1394101876675604,6.434316353887399,15.1,27.0,14.5,0.1697420991911931,439630,Chicago,No court,41.8926320455768,-87.69032375549158
17031242900,Census Tract 2429,West Town,0,0.0,0.0,124960.0,Q4 (highest),1906,3.2004197271773345,6.505771248688353,13.8,25.9,14.5,0.1250272202033368,323819,Chicago,No court,41.89219553293475,-87.68428963664432
17031243000,Census Tract 2430,West Town,0,0.0,0.0,123750.0,Q4 (highest),2253,1.908566355969818,3.905903240124279,13.6,26.5,14.4,0.1253083025867301,324547,Chicago,No court,41.89227537939269,-87.67939814177186
17031243100,Census Tract 2431,West Town,0,0.0,0.0,107833.0,Q4 (highest),2142,2.100840336134454,2.661064425770308,15.3,26.6,14.3,0.1250986491057101,324004,Chicago,No court,41.892354662136384,-87.6745067534742
17031081300,Census Tract 813,Streeterville,0,0.0,0.0,115260.0,Q4 (highest),5768,8.824549237170597,10.731622746185852,13.9,22.6,10.8,0.0782459223749299,202656,Chicago,No court,41.89833539670224,-87.62075315475484
17031081000,Census Tract 810,River North,0,0.0,0.0,81616.0,Q3,8442,10.38853352286188,14.748100197016608,16.1,24.7,16.0,0.1153785268503174,298829,Chicago,No court,41.9002655552527,-87.63210895228059
17031130100,Census Tract 1301,North Park,4,8.39454354669465,5.631525818980396,41336.0,Q1 (lowest),4765,2.8331584470094437,20.052770448548813,26.8,24.1,11.9,0.7102870746891491,1839635,Chicago,Has court,41.99110415557641,-87.72080867354936
17031170200,Census Tract 1702,Dunning,0,0.0,0.0,90625.0,Q3,3657,0.3554826360404703,5.715066994804484,21.5,29.1,13.8,0.2521424809690238,653046,Chicago,No court,41.94935283083585,-87.78151878281761
17031170300,Census Tract 1703,Dunning,0,0.0,0.0,95328.0,Q3,5039,0.0,4.070691024622716,21.3,28.3,14.6,0.5401175603902412,1398898,Chicago,No court,41.94912471218313,-87.79682780983993
17031170400,Census Tract 1704,Dunning,0,0.0,0.0,105524.0,Q3,3963,5.24854907898057,7.338056680161944,21.4,28.5,14.4,0.2969245417353285,769031,Chicago,No court,41.94890811109026,-87.81271068391062
17031170500,Census Tract 1705,Dunning,0,0.0,0.0,85395.0,Q3,5000,2.86,2.6,20.5,29.2,15.0,0.5944193563831184,1539539,Chicago,No court,41.95007799580466,-87.82889594328311
17031170600,Census Tract 1706,Dunning,1,3.897116134060795,4.571524389813396,78187.0,Q3,2566,3.4294621979735,12.470771628994544,23.1,29.5,15.3,0.218745415036672,566548,Chicago,Has court,41.941294355504034,-87.83070160114544
17031170700,Census Tract 1707,Dunning,4,12.21001221001221,17.872648165974876,82284.0,Q3,3276,2.5335775335775335,6.7765567765567765,25.0,30.8,15.9,0.223805670142101,579654,Chicago,Has court,41.94148660768951,-87.82216401585785
17031170800,Census Tract 1708,Dunning,0,0.0,0.0,71897.0,Q2,4016,6.374501992031872,9.401061410159212,23.5,30.3,15.4,0.2819835458697106,730334,Chicago,No court,41.941576156262514,-87.8123712708139
17031040600,Census Tract 406,Lincoln Square,0,0.0,0.0,90921.0,Q3,2725,5.577981651376147,8.293577981651376,13.0,25.7,14.6,0.1278998203852682,331259,Chicago,No court,41.966833765014,-87.68401804407817
17031040700,Census Tract 407,Lincoln Square,0,0.0,0.0,109205.0,Q4 (highest),3626,2.6751241036955324,8.118592407869215,12.9,25.6,13.5,0.1320793764295433,342084,Chicago,No court,41.9668081827267,-87.6940778169974
17031040800,Census Tract 408,Lincoln Square,0,0.0,0.0,110179.0,Q4 (highest),1535,1.5635179153094465,4.199475065616798,12.3,25.5,13.3,0.0840610072324659,217717,Chicago,No court,41.96315771335943,-87.69228708708113
17031816900,Census Tract 8169,,0,0.0,0.0,92270.0,Q3,5927,64.75451324447444,6.816264552049941,26.4,36.3,15.7,0.5677103523259567,1470363,Chicago,No court,41.88678162672308,-87.89065986425379
17031817000,Census Tract 8170,,0,0.0,0.0,73704.0,Q2,4851,63.43022057307771,10.082435003170575,29.8,38.8,16.4,0.8396293728001829,2174630,Chicago,No court,41.887359806960106,-87.8725068049085
17031817101,Census Tract 8171.01,,0,0.0,0.0,63323.0,Q2,4723,83.01926741477874,19.733220410755877,32.6,42.7,18.6,0.3817921164113502,988837,Chicago,No court,41.87624888776041,-87.87809994014044
17031817102,Census Tract 8171.02,,0,0.0,0.0,85357.0,Q3,2872,77.4025069637883,9.26183844011142,28.1,38.3,16.1,0.5955749601928657,1542532,Chicago,No court,41.87719164254773,-87.86578048958694
17031825801,Census Tract 8258.01,,0,0.0,0.0,41786.0,Q1 (lowest),3349,82.71125709166915,40.10152284263959,35.8,47.1,20.6,0.9440310148155128,2445029,Chicago,No court,41.63448220509065,-87.57250989505276
17031825802,Census Tract 8258.02,,0,0.0,0.0,67813.0,Q2,6704,86.08293556085918,17.65504753282028,28.1,40.6,17.2,0.5780215970112603,1497069,Chicago,No court,41.62637970101121,-87.56005885621325
17031825803,Census Tract 8258.03,,0,0.0,0.0,65336.0,Q2,5732,83.9672016748081,10.985716804796333,26.9,38.8,16.4,0.6740089143270162,1745675,Chicago,No court,41.61924447396716,-87.5620408904382
17031825900,Census Tract 8259,,0,0.0,0.0,49241.0,Q1 (lowest),3141,52.34001910219675,34.12925819802611,38.0,43.5,20.4,0.6226534640314936,1612665,Chicago,No court,41.621696178108635,-87.54236522272892
17031826000,Census Tract 8260,,0,0.0,0.0,65104.0,Q2,2812,50.42674253200568,31.89900426742532,35.7,41.5,20.3,0.7552668197690491,1956132,Chicago,No court,41.62391573758735,-87.53240811859526
17031380100,Census Tract 3801,Grand Boulevard,3,15.822784810126585,17.737699978084596,79734.0,Q3,1896,89.92616033755274,18.459915611814345,27.3,40.5,16.3,0.1691312855503577,438048,Chicago,Has court,41.82020196548786,-87.61009737237524
17031380200,Census Tract 3802,Grand Boulevard,0,0.0,0.0,18690.0,Q1 (lowest),1798,78.80978865406007,44.9944382647386,37.4,42.8,18.8,0.0830621609057648,215130,Chicago,No court,41.82057402635334,-87.61498605029654
17031431200,Census Tract 4312,South Shore,0,0.0,0.0,60110.0,Q2,2593,97.45468569224836,9.217123023524874,24.4,37.9,15.3,0.253010824760578,655295,Chicago,No court,41.75530112860251,-87.57118433947277
17031431400,Census Tract 4314,,4,5.901445854234288,9.54845726262158,38438.0,Q1 (lowest),6778,85.9398052522868,40.09669621273167,36.0,45.4,18.7,0.4189158405367129,1084987,Chicago,Has court,41.75967032748728,-87.54722714221528
17031803902,Census Tract 8039.02,,0,0.0,0.0,107533.0,Q4 (highest),3503,0.3425635169854411,2.898126463700234,20.3,28.8,14.9,0.8500649423858334,2201658,Chicago,No court,42.08296090309879,-88.01523192072801
17031804000,Census Tract 8040,,0,0.0,0.0,90526.0,Q3,4737,0.0211104074308634,7.367532193371332,21.9,28.3,15.2,0.977700668883408,2532233,Chicago,No court,42.072762946908625,-88.01807527356759
17031804104,Census Tract 8041.04,,0,0.0,0.0,147849.0,Q4 (highest),5189,1.0792060127192138,2.8329157833879357,15.7,22.5,11.5,1.1240708451158847,2911330,Chicago,No court,42.104715225756,-88.10916577542314
17031810100,Census Tract 8101,,0,0.0,0.0,95483.0,Q3,4469,4.206757663906914,4.908804323350597,14.1,26.2,12.9,0.2794526461126461,723779,Chicago,No court,42.030206036105376,-87.6846291275072
17031810200,Census Tract 8102,,0,0.0,0.0,75161.0,Q2,6516,46.76181706568447,15.331491712707182,19.9,31.6,14.9,0.3412479131177441,883828,Chicago,No court,42.02282231799891,-87.68334026409552
17031810301,Census Tract 8103.01,,0,0.0,0.0,92130.0,Q3,4286,17.35884274381708,5.2970651395848245,21.0,30.2,13.2,0.6667575293785145,1726894,Chicago,No court,42.02531002035297,-87.701608329858
17031820501,Census Tract 8205.01,,0,0.0,0.0,70105.0,Q2,5170,1.760154738878143,10.119969040247678,23.6,30.3,16.3,2.5694373873546903,6654812,Chicago,No court,41.76130971755879,-87.82108660404121
17031814700,Census Tract 8147,,0,0.0,0.0,80536.0,Q3,5309,3.3716330759088344,11.810133735166698,25.7,31.8,15.1,0.3335250974135788,863826,Chicago,No court,41.86145188437099,-87.79762721470738
17031819100,Census Tract 8191,,0,0.0,0.0,45531.0,Q1 (lowest),3966,1.9162884518406456,12.556732223903175,26.4,33.1,15.7,0.9937845271869984,2573890,Chicago,No court,41.81505678379816,-87.81356069325223
17031828801,Census Tract 8288.01,,0,0.0,0.0,117095.0,Q4 (highest),5257,41.35438463001712,8.303956130043087,19.1,30.8,13.0,1.6627633023782349,4306537,Chicago,No court,41.534276634193425,-87.66174645893017
17031990000,Census Tract 9900,,0,,,,,0,,,,,,0.0,0,Chicago,No court,41.974037161624345,-87.40033361631544
17031560400,Census Tract 5604,Garfield Ridge,0,0.0,0.0,74554.0,Q2,1520,0.0,15.657894736842104,34.7,34.6,16.2,0.1311330399986409,339633,Chicago,No court,41.804006245138254,-87.74061436821529
17031710700,Census Tract 7107,Auburn Gresham,0,0.0,0.0,40938.0,Q1 (lowest),3492,96.42038946162656,30.675203725261937,34.8,43.4,18.1,0.1892221122260026,490083,Chicago,No court,41.74711010065628,-87.6568839344924
17031243300,Census Tract 2433,West Town,1,4.5167118337850045,7.918200634070432,122917.0,Q4 (highest),2214,3.9295392953929538,4.200542005420054,12.6,25.0,15.1,0.1262913187242566,327093,Chicago,Has court,41.89247817424051,-87.66473878651611
17031243400,Census Tract 2434,West Town,0,0.0,0.0,113966.0,Q4 (highest),3003,5.028305028305028,13.686313686313689,14.7,27.2,14.7,0.1267920932452196,328390,Chicago,No court,41.89256606514704,-87.6598540386419
17031071400,Census Tract 714,Lincoln Park,0,0.0,0.0,123070.0,Q4 (highest),4540,5.110132158590308,17.048458149779737,13.5,24.9,14.0,0.2473266285403638,640573,Chicago,No court,41.92215307591396,-87.6294059796152
17031110400,Census Tract 1104,Jefferson Park,0,0.0,0.0,85825.0,Q3,4462,1.232631107126849,4.045853000674309,18.4,26.5,13.5,0.3606082344783065,933971,Chicago,No court,41.97295366781566,-87.77261142840985
17031150600,Census Tract 1506,Portage Park,0,0.0,0.0,95045.0,Q3,3999,1.2253063265816453,10.629722921914356,21.0,29.9,14.3,0.2533567723093697,656191,Chicago,No court,41.94947309630196,-87.77175783371877
17031150700,Census Tract 1507,Portage Park,0,0.0,0.0,108385.0,Q4 (highest),4239,1.3446567586694975,4.849939975990396,19.3,28.2,13.3,0.2557525363051875,662396,Chicago,No court,41.94959156460801,-87.76195802891984
17031150800,Census Tract 1508,Portage Park,0,0.0,0.0,79044.0,Q3,4357,3.075510672481065,10.557723204039476,24.1,30.8,15.3,0.2552332288798249,661051,Chicago,No court,41.949708612798034,-87.75211816585292
17031801000,Census Tract 8010,,0,0.0,0.0,172661.0,Q4 (highest),4953,0.0,0.9892994144962648,14.5,22.4,10.3,0.9783338764503928,2533873,Chicago,No court,42.07230924793336,-87.73486405472433
17031812900,Census Tract 8129,,0,0.0,0.0,147614.0,Q4 (highest),4649,18.82125188212519,6.678230702515179,13.9,26.1,12.2,0.4314108791237643,1117349,Chicago,No court,41.87632251856493,-87.79531218161316
17031813000,Census Tract 8130,,0,0.0,0.0,161505.0,Q4 (highest),3763,17.273452032952434,5.554079192133936,13.3,27.0,12.3,0.3216327643216879,833025,Chicago,No court,41.87636210011675,-87.7806602451138
17031813100,Census Tract 8131,,0,0.0,0.0,119583.0,Q4 (highest),4520,24.778761061946906,3.6561045867493904,15.7,28.7,13.7,0.3832419300784405,992592,Chicago,No court,41.86900969121109,-87.78161876028882
17031800500,Census Tract 8005,,0,0.0,0.0,250001.0,Q4 (highest),5465,0.786825251601098,2.397510980966325,12.8,24.3,11.7,1.3112334883404866,3396079,Chicago,No court,42.10023164786271,-87.74074849898308
17031821101,Census Tract 8211.01,,0,0.0,0.0,84034.0,Q3,4450,1.1685393258426966,12.912912912912914,25.0,30.4,16.2,0.664143617653827,1720124,Chicago,No court,41.738282834119495,-87.76218521829918
17031821102,Census Tract 8211.02,,0,0.0,0.0,85822.0,Q3,4538,1.013662406346408,7.338034376377259,25.5,30.7,15.6,0.7600371121410601,1968487,Chicago,No court,41.74292195519514,-87.74925136121239
17031821300,Census Tract 8213,,0,0.0,0.0,57937.0,Q2,5830,35.317324185248715,16.174957118353344,31.0,37.0,17.3,0.6766776525605525,1752587,Chicago,No court,41.65425545740147,-87.66845379593212
17031821002,Census Tract 8210.02,,0,0.0,0.0,72418.0,Q2,4955,2.5832492431886984,11.32884262094305,24.7,30.2,15.9,0.8557093700820235,2216277,Chicago,No court,41.741527302874424,-87.77642875748408
17031828401,Census Tract 8284.01,,0,0.0,0.0,74349.0,Q2,3519,27.90565501562944,13.443935926773456,20.1,32.0,15.8,1.4625600581933198,3788013,Chicago,No court,41.56798616015206,-87.66519579884039
17031828402,Census Tract 8284.02,,0,0.0,0.0,60179.0,Q2,3454,55.47191661841343,19.34426229508197,26.7,36.0,15.6,1.4899818068655144,3859035,Chicago,No court,41.5682779677407,-87.64590541597154
17031828504,Census Tract 8285.04,,0,0.0,0.0,57175.0,Q2,4761,53.53917244276413,22.524230931310576,34.5,42.3,20.3,4.0784443788928755,10563122,Chicago,No court,41.48132137856608,-87.54962932467134
17031420100,Census Tract 4201,Jackson Park,2,12.61034047919294,6.80639909597987,22215.0,Q1 (lowest),1586,95.3972257250946,39.53341740226986,34.9,44.9,19.2,0.2938411297658522,761045,Chicago,Has court,41.783408476321505,-87.57739379058593
17031420200,Census Tract 4202,Woodlawn,0,0.0,0.0,39688.0,Q1 (lowest),1968,63.109756097560975,41.30938586326767,29.9,42.2,18.5,0.1070510751401164,277261,Chicago,No court,41.78346806446413,-87.59352076159601
17031420400,Census Tract 4204,Woodlawn,0,0.0,0.0,38605.0,Q1 (lowest),1442,56.10263522884882,32.5208913649025,29.1,36.7,17.9,0.0946444539511379,245128,Chicago,No court,41.78316989788863,-87.60355836148196
17031420700,Census Tract 4207,Woodlawn,0,0.0,0.0,28605.0,Q1 (lowest),2363,93.99068980110027,42.48836225137537,41.2,48.2,23.0,0.251171047896747,650530,Chicago,No court,41.77669145058926,-87.61069325260793
17031805402,Census Tract 8054.02,,0,0.0,0.0,96058.0,Q3,4841,0.0206568890725056,1.239413344350341,17.9,24.6,12.9,0.7627560436573452,1975529,Chicago,No court,42.02977442885637,-87.81133114672622
17031805501,Census Tract 8055.01,,0,0.0,0.0,114053.0,Q4 (highest),3613,3.1829504566841957,5.897509304322932,17.8,25.1,11.8,0.7811426153325807,2023150,Chicago,No court,42.019606621940135,-87.83789879294282
17031829600,Census Tract 8296,,0,0.0,0.0,67901.0,Q2,3030,12.31023102310231,12.821368948247075,28.9,34.1,17.8,0.6200163861763066,1605835,Chicago,No court,41.47342890687851,-87.63304295003466
17031420800,Census Tract 4208,Woodlawn,1,4.395604395604395,7.450994381521449,56357.0,Q1 (lowest),2275,88.21978021978022,15.428571428571429,28.7,42.1,19.9,0.1342102743333173,347603,Chicago,Has court,41.77690977673586,-87.60325691983384
17031470100,Census Tract 4701,Burnside,1,4.655493482309125,1.6299206999000015,46614.0,Q1 (lowest),2148,91.80633147113592,23.51024208566108,34.8,44.3,18.1,0.6135267808190618,1589027,Chicago,Has court,41.72822091302084,-87.59648943488708
17031480100,Census Tract 4801,Calumet Heights,1,4.764173415912339,3.926496851207821,71719.0,Q2,2099,98.5707479752263,19.207920792079207,28.2,39.0,14.4,0.2546799444630631,659618,Chicago,Has court,41.73524087363289,-87.57572915860474
17031480200,Census Tract 4802,Calumet Heights,0,0.0,0.0,49667.0,Q1 (lowest),1013,95.26159921026654,17.465069860279442,27.3,39.1,14.6,0.1104669210822598,286108,Chicago,No court,41.73512407776792,-87.58988291799437
17031480300,Census Tract 4803,Calumet Heights,0,0.0,0.0,54268.0,Q1 (lowest),1123,95.72573463935886,23.864648263579696,29.5,41.9,16.3,0.1605161877197886,415735,Chicago,No court,41.72919415163818,-87.58797254728944
17031480400,Census Tract 4804,Calumet Heights,0,0.0,0.0,78064.0,Q2,4599,98.17351598173516,5.769230769230769,23.0,35.5,13.0,0.6988113458440735,1809913,Chicago,No court,41.728449775429354,-87.57563850472772
17031805502,Census Tract 8055.02,,0,0.0,0.0,155678.0,Q4 (highest),4281,0.0700770847932726,3.6291266682275816,12.8,24.0,11.3,0.7139805280951108,1849201,Chicago,No court,42.01715177936033,-87.82398471103728
17031805600,Census Tract 8056,,0,0.0,0.0,175875.0,Q4 (highest),4701,0.574345883854499,0.9572431397574984,12.2,24.0,11.7,0.730082533200926,1890905,Chicago,No court,42.00250833811172,-87.83091776446399
17031830001,Census Tract 8300.01,,0,0.0,0.0,46250.0,Q1 (lowest),2144,9.701492537313433,24.580223880597018,29.1,32.4,14.8,1.0208101350276526,2643886,Chicago,No court,41.49539332172801,-87.77042399051595
17031830006,Census Tract 8300.06,,0,0.0,0.0,60000.0,Q2,2441,71.1593609176567,11.183941007783694,25.8,36.9,16.1,2.228448548796365,5771655,Chicago,No court,41.49971392491969,-87.72867138096517
17031650400,Census Tract 6504,West Lawn,0,0.0,0.0,82758.0,Q3,7023,1.3526982770895628,22.913093196112065,32.7,35.1,16.3,0.4255591145596041,1102193,Chicago,No court,41.765311928195416,-87.71716517406313
17031832000,Census Tract 8320,Lake View,0,0.0,0.0,146944.0,Q4 (highest),1654,1.3301088270858523,7.315598548972188,9.5,22.0,15.2,0.0647049329958285,167585,Chicago,No court,41.946294076515656,-87.6542981856579
17031832500,Census Tract 8325,Lincoln Park,0,0.0,0.0,148971.0,Q4 (highest),3336,2.9676258992805753,13.157894736842104,14.3,25.9,14.4,0.2868329891875947,742894,Chicago,No court,41.92188393498575,-87.66411619048394
17031832300,Census Tract 8323,Bucktown,0,0.0,0.0,131212.0,Q4 (highest),2151,6.787540678754069,8.275220827522082,11.9,25.0,14.6,0.31025124440731,803547,Chicago,No court,41.91921032827447,-87.6714480809993
17031838300,Census Tract 8383,River North,5,16.666666666666668,37.198361541024674,104968.0,Q3,3000,29.533333333333335,15.585738539898134,14.3,27.8,15.6,0.1344145223838874,348132,Chicago,Has court,41.90156653010107,-87.63840388298311
17031831800,Census Tract 8318,North Park,2,2.6507620941020544,2.7109846676882627,84357.0,Q3,7545,7.236580516898608,18.087147163606467,22.9,27.4,14.5,0.737739325433168,1910736,Chicago,Has court,41.97822374491787,-87.71648748828865
17031831700,Census Tract 8317,Portage Park,0,0.0,0.0,47232.0,Q1 (lowest),2110,3.080568720379147,12.701421800947868,26.8,32.6,15.3,0.2055994081825861,532500,Chicago,No court,41.95265398086107,-87.74525462607386
17031835100,Census Tract 8351,Gage Park,1,2.237136465324385,2.579723281064644,46414.0,Q1 (lowest),4470,25.74944071588367,20.93546210928716,32.7,36.3,16.8,0.3876384755450604,1003979,Chicago,Has court,41.79015790535558,-87.68624791482304
17031835000,Census Tract 8350,Chicago Lawn,0,0.0,0.0,41907.0,Q1 (lowest),5865,36.79454390451833,22.097186700767264,37.1,41.0,19.3,0.3876770857625595,1004079,Chicago,No court,41.78284948232313,-87.68604922603441
17031843700,Census Tract 8437,North Center,0,0.0,0.0,134000.0,Q4 (highest),2381,5.03989920201596,8.189836203275934,13.7,25.5,13.0,0.4651797614506322,1204810,Chicago,No court,41.944849466933206,-87.69080238311325
17031220702,Census Tract 2207.02,Logan Square,1,2.6143790849673203,4.502792091739164,80452.0,Q3,3825,5.2026143790849675,13.385620915032682,23.6,32.1,17.1,0.2220844266459921,575196,Chicago,Has court,41.92936868950476,-87.72423130646912
17031842100,Census Tract 8421,Humboldt Park,0,0.0,0.0,60741.0,Q2,6808,43.62514688601645,18.915716190194047,35.4,40.7,18.2,0.7855793154253996,2034641,Chicago,No court,41.89527865830878,-87.73361033887545
17031843300,Census Tract 8433,North Lawndale,0,0.0,0.0,65278.0,Q2,1601,56.5896314803248,35.5134074558535,32.8,42.5,19.2,0.2255805818405336,584251,Chicago,No court,41.8637638539358,-87.69255031100053
17031824123,Census Tract 8241.23,,0,0.0,0.0,96599.0,Q3,7695,8.174139051332034,1.5715034049240442,18.2,28.2,15.9,1.5124892470544264,3917329,Chicago,No court,41.591229253799696,-87.80354636641977
17031804405,Census Tract 8044.05,,0,0.0,0.0,75372.0,Q2,3562,13.363279056709716,12.784738041002278,29.1,33.6,16.6,0.6464315664783002,1674250,Chicago,No court,42.03476773008587,-88.24299044237539
17031650500,Census Tract 6505,West Lawn,0,0.0,0.0,64432.0,Q2,4048,10.57312252964427,18.208881170925327,32.0,34.8,15.9,1.2533274285440703,3246103,Chicago,No court,41.76221900595365,-87.73203521888016
17031660400,Census Tract 6604,Chicago Lawn,0,0.0,0.0,50710.0,Q1 (lowest),5375,1.4697674418604652,21.221864951768488,36.4,36.9,17.4,0.249285324874092,645646,Chicago,No court,41.782532111921235,-87.70804407561849
17031800600,Census Tract 8006,,0,0.0,0.0,250001.0,Q4 (highest),2454,0.0,0.9372453137734312,11.2,23.1,10.8,0.5945112487007662,1539777,Chicago,No court,42.08878179063242,-87.71433372810024
17031806502,Census Tract 8065.02,,0,0.0,0.0,80682.0,Q3,3912,0.6134969325153374,6.3905930470347645,22.3,28.5,14.6,0.9652102635224564,2499883,Chicago,No court,42.01651645406299,-87.87827764335154
17031010300,Census Tract 103,Rogers Park,0,0.0,0.0,65871.0,Q2,6311,20.567263508160355,8.00520059435364,22.0,32.0,15.0,0.1824417719309896,472522,Chicago,No court,42.015943161506094,-87.6665393675211
17031010400,Census Tract 104,,1,2.335357309668379,4.719701290725835,49017.0,Q1 (lowest),4282,7.846800560485755,16.160558464223385,18.9,28.9,18.4,0.2118778156501111,548761,Chicago,Has court,42.00544005381301,-87.65716651278979
17031010600,Census Tract 106,Rogers Park,0,0.0,0.0,71920.0,Q2,6708,16.71138938580799,17.744888617638082,17.8,29.3,15.8,0.191127140357407,495017,Chicago,No court,42.006277592259714,-87.66768304345423
17031020100,Census Tract 201,West Ridge,0,0.0,0.0,69850.0,Q2,4066,41.02311854402361,17.338908017707823,26.7,33.1,16.0,0.1587478397583309,411155,Chicago,No court,42.01572106590844,-87.68711692295373
17031280800,Census Tract 2808,United Center,0,0.0,0.0,31500.0,Q1 (lowest),1036,82.62548262548263,28.09756097560976,32.1,42.3,20.1,0.0916440539492847,237357,Chicago,No court,41.878596769032995,-87.68890087411108
17031420300,Census Tract 4203,Woodlawn,0,0.0,0.0,42881.0,Q1 (lowest),2456,31.107491856677527,33.6812804453723,23.1,30.2,22.5,0.094640979031563,245119,Chicago,No court,41.78322409382216,-87.59869701520593
17031806600,Census Tract 8066,,0,0.0,0.0,116563.0,Q4 (highest),3237,0.8958912573370404,5.560733146940044,20.0,27.6,13.6,1.0901154754384963,2823386,Chicago,No court,42.00308789779148,-87.87263445182323
17031030101,Census Tract 301.01,Edgewater,0,0.0,0.0,49132.0,Q1 (lowest),3356,20.232419547079857,17.520858164481528,21.8,30.0,14.7,0.0491442431393504,127283,Chicago,No court,41.99126958781429,-87.65466761133496
17031030701,Census Tract 307.01,Edgewater,0,0.0,0.0,51625.0,Q1 (lowest),1525,34.22950819672131,19.72140762463343,19.9,32.4,15.9,0.0269800477840051,69878,Chicago,No court,41.98274528879209,-87.65796585953571
17031070103,Census Tract 701.03,Lincoln Park,0,0.0,0.0,76477.0,Q2,1449,8.695652173913043,13.388543823326431,9.7,21.7,15.6,0.0266773436788124,69094,Chicago,No court,41.92681098246036,-87.64260515425379
17031807100,Census Tract 8071,,0,0.0,0.0,160313.0,Q4 (highest),3653,3.3123460169723513,5.365453052285792,14.7,24.9,11.6,0.5899768647576745,1528033,Chicago,No court,42.044453334438806,-87.72107860744505
17031807200,Census Tract 8072,,0,0.0,0.0,107500.0,Q4 (highest),5864,14.751023192360163,10.692360163710775,20.7,25.4,12.9,0.9610565763239056,2489125,Chicago,No court,42.0371746565802,-87.72851030986227
17031807300,Census Tract 8073,,0,0.0,0.0,83798.0,Q3,8145,10.828729281767956,6.388478581979321,21.2,24.3,12.6,0.7866410964066243,2037391,Chicago,No court,42.03376157718063,-87.7549133360619
17031807400,Census Tract 8074,,0,0.0,0.0,88542.0,Q3,6883,12.668894377451691,8.426558186837136,20.4,25.1,13.5,0.5392928461444609,1396762,Chicago,No court,42.02819354628105,-87.73984396377504
17031807500,Census Tract 8075,,0,0.0,0.0,142313.0,Q4 (highest),3243,5.026210299105767,2.374344742522356,19.6,23.2,12.2,0.3818114215200997,988887,Chicago,No court,42.02795793942766,-87.72813801586162
17031805902,Census Tract 8059.02,,0,0.0,0.0,153182.0,Q4 (highest),6238,1.5710163513946778,1.525940996948118,17.6,24.0,12.1,1.1677949859227148,3024575,Chicago,No court,42.03291094463045,-87.84720740750329
17031100200,Census Tract 1002,Norwood Park,1,1.3227513227513228,1.257079843383628,113767.0,Q4 (highest),7560,1.1375661375661377,2.253597610643497,17.9,26.7,13.8,0.7954944192791626,2060321,Chicago,Has court,41.99577345771856,-87.79425900089683
17031804805,Census Tract 8048.05,,0,0.0,0.0,112522.0,Q4 (highest),6970,0.3586800573888092,5.877243775332947,18.7,26.4,13.4,1.2750962552722251,3302484,Chicago,No court,42.02007028828996,-88.12908381309087
17031824115,Census Tract 8241.15,,0,0.0,0.0,76071.0,Q2,3966,2.1936459909228443,5.2978386926726415,20.4,26.9,14.2,1.0359715952351902,2683154,Chicago,No court,41.62392379213044,-87.84324759921782
17031825303,Census Tract 8253.03,,0,0.0,0.0,82768.0,Q3,3899,7.463452167222365,9.874326750448834,19.9,29.1,15.9,0.7416520848745245,1920870,Chicago,No court,41.58163036401773,-87.78585716783368
17031241000,Census Tract 2410,Humboldt Park,0,0.0,0.0,96518.0,Q3,1810,4.696132596685083,11.686746987951809,19.3,29.0,15.5,0.0801212206388601,207513,Chicago,No court,41.90796860840126,-87.69453416193993
17031530100,Census Tract 5301,West Pullman,2,10.764262648008613,7.969966319812536,29747.0,Q1 (lowest),1858,40.58127018299246,31.216361679224978,45.6,45.4,20.7,0.2509420893069775,649937,Chicago,Has court,41.68185227648358,-87.61793947901674
17031061800,Census Tract 618,Boystown,0,0.0,0.0,76393.0,Q2,1144,3.4965034965034967,9.60989533777355,12.0,24.4,14.7,0.0319572909218112,82769,Chicago,No court,41.94649014196902,-87.64711464642785
17031828201,Census Tract 8282.01,,0,0.0,0.0,63778.0,Q2,3752,62.553304904051174,10.287846481876333,24.1,35.5,16.1,1.3962111021363806,3616170,Chicago,No court,41.57071056380981,-87.56798560616512
17031825000,Census Tract 8250,,0,0.0,0.0,80875.0,Q3,4450,14.898876404494382,4.094488188976378,19.9,28.8,15.5,2.2579645156657095,5848101,Chicago,No court,41.60290962385059,-87.73900627975503
17031824300,Census Tract 8243,,0,0.0,0.0,37202.0,Q1 (lowest),5120,92.05078125,29.447480267152397,35.1,43.9,18.5,1.5526643366687414,4021382,Chicago,No court,41.641321786734544,-87.69926430040536
17031824601,Census Tract 8246.01,,0,0.0,0.0,89036.0,Q3,4196,3.336510962821735,4.599618684461391,19.9,29.8,15.8,1.3164528175420118,3409597,Chicago,No court,41.6286651817748,-87.74493850107024
17031818500,Census Tract 8185,,0,0.0,0.0,104424.0,Q3,5491,11.036241121835731,2.833858121874421,19.2,26.9,11.6,2.1693791631467017,5618666,Chicago,No court,41.840743523877485,-87.8984346001927
17031823400,Census Tract 8234,,0,0.0,0.0,61725.0,Q2,5195,27.025986525505292,16.47738209817132,31.0,36.4,17.3,1.992419269896231,5160342,Chicago,No court,41.66517091832724,-87.69650513737865
17031821500,Census Tract 8215,,0,0.0,0.0,36705.0,Q1 (lowest),1437,90.11830201809326,29.249291784702542,35.3,45.5,20.6,1.6204708284362708,4197000,Chicago,No court,41.651376782836735,-87.63659435843357
17031410200,Census Tract 4102,Hyde Park,0,0.0,0.0,62591.0,Q2,1157,26.27484874675886,22.80542986425339,14.0,26.2,15.5,0.0250298456981267,64827,Chicago,No court,41.80167085916463,-87.59426506355798
17031222900,Census Tract 2229,Logan Square,1,9.46969696969697,11.859625343999411,89630.0,Q3,1056,5.965909090909091,5.492424242424242,20.4,30.4,15.1,0.0843196956897097,218387,Chicago,Has court,41.91556435214301,-87.72007440938823
17031825400,Census Tract 8254,,0,0.0,0.0,94743.0,Q3,5643,4.731525784157363,7.399425287356322,19.5,28.9,15.3,2.8745384148497983,7445020,Chicago,No court,41.56540314864273,-87.77802716458658
17031803608,Census Tract 8036.08,,0,0.0,0.0,126574.0,Q4 (highest),8323,6.427970683647723,13.901237534542831,19.1,27.9,14.6,5.99829497279524,15535512,Chicago,No court,42.144728113084824,-88.07741095113978
17031830005,Census Tract 8300.05,,0,0.0,0.0,84375.0,Q3,3576,76.56599552572708,14.132278123233466,23.0,34.0,12.3,2.7055387901411128,7007313,Chicago,No court,41.51788111539092,-87.69214319649646
17031824505,Census Tract 8245.05,,0,0.0,0.0,74205.0,Q2,6124,5.486610058785107,4.127764127764127,19.8,28.4,15.6,1.0438662264072267,2703601,Chicago,No court,41.60807670070489,-87.76864112248933
17031824800,Census Tract 8248,,0,0.0,0.0,71313.0,Q2,6868,21.141525917297617,9.429206819866568,28.1,34.2,16.3,1.7861148391421118,4626016,Chicago,No court,41.62445853579823,-87.68526433758451
17031200200,Census Tract 2002,Hermosa,1,2.1579628830384117,3.1635991420377096,65599.0,Q2,4634,3.7548554164868366,16.91842900302115,31.8,35.0,16.3,0.3160956730301453,818684,Chicago,Has court,41.92785226905629,-87.73562827295532
17031190900,Census Tract 1909,Belmont Cragin,0,0.0,0.0,64375.0,Q2,1720,9.476744186046512,10.58139534883721,28.3,32.1,13.6,0.1214820300325715,314637,Chicago,No court,41.92792260972525,-87.74410483158343
17031191200,Census Tract 1912,Belmont Cragin,0,0.0,0.0,64688.0,Q2,3767,1.8316963100610568,20.72844134975897,36.8,37.1,18.2,0.272424814323464,705577,Chicago,No court,41.92014322902477,-87.76082695396428
17031200100,Census Tract 2001,Hermosa,1,2.7005130974885225,4.428374556733041,72417.0,Q2,3703,0.945179584120983,19.096452328159646,29.1,33.8,15.2,0.225816490269453,584862,Chicago,Has court,41.93505525752474,-87.73762264710896
17031230400,Census Tract 2304,Humboldt Park,0,0.0,0.0,91771.0,Q3,2206,10.788757932910244,19.62828649138713,29.8,35.4,15.4,0.1306998333583012,338511,Chicago,No court,41.911820201081476,-87.72155193810806
17031200300,Census Tract 2003,Hermosa,0,0.0,0.0,39740.0,Q1 (lowest),1821,10.598572213069742,26.908292147171885,29.5,34.4,15.4,0.0967834600005868,250668,Chicago,No court,41.92348054196371,-87.7341263764247
17031222700,Census Tract 2227,Logan Square,0,0.0,0.0,86473.0,Q3,2120,6.179245283018868,18.705378391242267,22.4,31.9,17.3,0.0868478927315493,224935,Chicago,No court,41.915500897423904,-87.71020576333262
17031230100,Census Tract 2301,Humboldt Park,0,0.0,0.0,89773.0,Q3,1484,11.05121293800539,26.68463611859838,21.6,31.8,15.8,0.064224235787965,166340,Chicago,No court,41.912008027487765,-87.70436547646109
17031230200,Census Tract 2302,Humboldt Park,0,0.0,0.0,78056.0,Q2,1897,10.43753294675804,6.642066420664207,22.0,30.2,15.4,0.0827351323635476,214283,Chicago,No court,41.91186877382346,-87.71008438364542
17031230300,Census Tract 2303,Humboldt Park,1,9.98003992015968,24.323018697820313,67337.0,Q2,1002,14.471057884231536,18.263473053892216,30.5,35.0,17.3,0.0411133178995423,106483,Chicago,Has court,41.91178659080935,-87.71498836649354
17031230500,Census Tract 2305,Humboldt Park,1,2.994908655286014,4.918386685732624,35727.0,Q1 (lowest),3339,21.83288409703504,23.39023659778377,37.1,38.4,17.1,0.2033187026349157,526593,Chicago,Has court,41.91168918010153,-87.7339433798404
17031030900,Census Tract 309,Andersonville,0,0.0,0.0,97375.0,Q3,2976,5.712365591397849,4.368438875719607,14.6,26.2,13.1,0.1578061365535284,408716,Chicago,No court,41.97979515371347,-87.67144544661227
17031031000,Census Tract 310,Uptown,0,0.0,0.0,117114.0,Q4 (highest),3797,2.712667895707137,5.339028296849974,13.0,25.3,13.4,0.1640536558470541,424897,Chicago,No court,41.972437058242946,-87.67110936198573
17031823603,Census Tract 8236.03,,0,0.0,0.0,84323.0,Q3,1991,45.655449522852834,18.834756403817178,32.5,37.9,17.1,0.8358776179657975,2164913,Chicago,No court,41.65006907226955,-87.71115884490071
17031980000,Census Tract 9800,O'Hare,0,,0.0,,,0,,,,,,7.679651025410156,19890204,Chicago,No court,41.98028212527933,-87.90384042449492
17031822400,Census Tract 8224,,0,0.0,0.0,67692.0,Q2,6318,4.131054131054131,17.94871794871795,27.7,33.7,18.5,0.922091530926012,2388206,Chicago,No court,41.722941919829694,-87.78847127006054
17031815702,Census Tract 8157.02,,0,0.0,0.0,147993.0,Q4 (highest),5006,0.4994007191370355,1.2185377546943668,14.6,26.1,12.1,1.2862190867293597,3331292,Chicago,No court,41.82788127136267,-87.81922306103013
17031600600,Census Tract 6006,Bridgeport,1,3.702332469455757,6.571338681768129,72210.0,Q2,2701,0.0,12.62495372084413,29.5,26.9,14.6,0.152175994637813,394134,Chicago,Has court,41.84238527193596,-87.6555817583142
17031817900,Census Tract 8179,,0,0.0,0.0,63207.0,Q2,5965,68.51634534786253,8.790650406504065,29.5,38.5,16.4,1.2774673087288435,3308625,Chicago,No court,41.85877629440312,-87.8450002462208
17031811900,Census Tract 8119,,0,0.0,0.0,218500.0,Q4 (highest),5910,6.802030456852792,3.5528942115768465,14.3,24.3,13.2,1.379330715045784,3572450,Chicago,No court,41.90084589610875,-87.81892773561479
17031420600,Census Tract 4206,Woodlawn,0,0.0,0.0,43063.0,Q1 (lowest),2590,89.34362934362935,36.75675675675676,36.0,46.1,22.2,0.094057964747327,243609,Chicago,No court,41.78301351215574,-87.6132776944952
17031110100,Census Tract 1101,Jefferson Park,0,0.0,0.0,94141.0,Q3,5763,0.7808433107756376,7.159110799929984,18.7,27.2,13.5,0.7120978938898559,1844325,Chicago,No court,41.9874756936133,-87.76967355462155
17031031400,Census Tract 314,Uptown,1,2.0959966464053656,1.7390943506701924,87500.0,Q3,4771,6.623349402640956,4.901960784313726,13.4,24.6,12.3,0.5750119305572072,1489274,Chicago,Has court,41.9625703318427,-87.6405208673502
17031071500,Census Tract 715,Lincoln Park,1,1.6739203213927016,2.8910439730941904,123663.0,Q4 (highest),5974,1.690659524606629,2.0087043856712423,9.4,22.1,13.3,0.3458958111002831,895866,Chicago,Has court,41.91491349699402,-87.62676245971713
17031071800,Census Tract 718,Old Town,0,0.0,0.0,232807.0,Q4 (highest),2773,8.43851424450054,4.075009015506671,11.7,24.4,12.4,0.1248538603267659,323370,Chicago,No court,41.91458551396282,-87.64596598534575
17031080100,Census Tract 801,Gold Coast,0,0.0,0.0,116983.0,Q4 (highest),6181,0.420643908752629,9.464487946934153,12.7,22.9,11.4,0.1024892779426005,265446,Chicago,No court,41.907548786122454,-87.62678998462535
17031080300,Census Tract 803,Old Town,1,1.649348507339601,7.1644795078339385,157882.0,Q4 (highest),6063,0.7422068283028204,8.279729506844797,10.2,23.4,14.3,0.1395774806678641,361504,Chicago,Has court,41.907489911695535,-87.63579873819849
17031080400,Census Tract 804,Old Town,0,0.0,0.0,,,5986,63.18075509522218,27.735753908219863,24.4,35.9,19.7,0.1263484618461552,327241,Chicago,No court,41.90741240558806,-87.64090154950055
17031160100,Census Tract 1601,Irving Park,1,3.770739064856712,4.362959481563463,111602.0,Q4 (highest),2652,0.0,5.052790346907994,21.1,29.5,14.6,0.229202220241947,593631,Chicago,Has court,41.96462819017767,-87.74279561014563
17031160200,Census Tract 1602,Irving Park,1,2.891844997108155,2.706681144168538,128288.0,Q4 (highest),3458,6.130711393869288,10.787172011661808,16.9,27.4,13.2,0.369456151920395,956887,Chicago,Has court,41.95879316199792,-87.73839796284847
17031160300,Census Tract 1603,Irving Park,1,2.8208744710860367,6.077244719342622,76083.0,Q2,3545,4.992947813822285,14.59054209919262,19.9,28.8,14.7,0.1645482527332173,426178,Chicago,Has court,41.95726819625437,-87.73089576787218
17031160400,Census Tract 1604,Irving Park,0,0.0,0.0,72593.0,Q2,5200,6.903846153846153,15.557692307692308,22.9,31.0,15.7,0.2537973148910342,657332,Chicago,No court,41.95736577434252,-87.72282382876296
17031051300,Census Tract 513,North Center,0,0.0,0.0,199890.0,Q4 (highest),3028,3.533685601056803,1.6182298546895642,10.4,24.0,12.8,0.1243685298928025,322113,Chicago,No court,41.93599718047072,-87.67583954381017
17031150200,Census Tract 1502,Portage Park,0,0.0,0.0,94021.0,Q3,7056,3.018707482993197,13.231733371314627,21.5,29.5,15.1,0.5122730298364316,1326781,Chicago,No court,41.96067493111605,-87.7524131309287
17031150300,Census Tract 1503,Portage Park,1,1.43843498273878,1.9524813589936307,88125.0,Q3,6952,0.9062140391254316,6.609777263523286,19.3,28.3,14.2,0.5121687822491842,1326511,Chicago,Has court,41.96051809270906,-87.76228594798707
17031140800,Census Tract 1408,Albany Park,0,0.0,0.0,100250.0,Q3,6219,0.6110307123331725,11.609583534330278,16.7,26.9,13.6,0.2758178802372829,714365,Chicago,No court,41.96449508998387,-87.70276420376143
17031231200,Census Tract 2312,Humboldt Park,1,1.754078231889142,3.944100116648443,31629.0,Q1 (lowest),5701,70.47886335730573,50.4999122960884,41.6,45.0,20.7,0.2535432596598903,656674,Chicago,Has court,41.899061400460845,-87.72131534423326
17031231100,Census Tract 2311,Humboldt Park,0,0.0,0.0,59745.0,Q2,1505,56.87707641196014,18.33887043189369,33.8,40.2,18.4,0.0681010877270473,176381,Chicago,No court,41.89925425194319,-87.71506836256549
17031242400,Census Tract 2424,Ukrainian Village,1,3.1416902293433866,7.895053223269481,110129.0,Q4 (highest),3183,1.413760603204524,8.066052715147666,11.5,24.7,14.6,0.1266615907100728,328052,Chicago,Has court,41.89942194937812,-87.68449000674887
17031242500,Census Tract 2425,Ukrainian Village,0,0.0,0.0,93279.0,Q3,3333,8.16081608160816,11.508176862507572,17.1,28.7,15.6,0.119619859242591,309814,Chicago,No court,41.899445532547325,-87.68931910638942
17031430200,Census Tract 4302,South Shore,0,0.0,0.0,34072.0,Q1 (lowest),5139,91.1461373808134,30.92041253162094,32.3,43.9,18.7,0.2553479012257972,661348,Chicago,No court,41.76976128060318,-87.58135086622278
17031120200,Census Tract 1202,"Sauganash,Forest Glen",3,6.684491978609626,3.24480744880948,155481.0,Q4 (highest),4488,0.9581105169340464,0.9803921568627452,15.6,24.5,11.5,0.9245540905981032,2394584,Chicago,Has court,41.99453234734186,-87.75761154658812
17031120300,Census Tract 1203,"Sauganash,Forest Glen",1,1.4098406880022556,1.260290023760713,137043.0,Q4 (highest),7093,0.2960665444804737,6.120141342756184,17.0,24.6,11.9,0.7934681550648112,2055073,Chicago,Has court,41.99111234964114,-87.74006575148807
17031120400,Census Tract 1204,"Sauganash,Forest Glen",0,0.0,0.0,117404.0,Q4 (highest),3832,3.02713987473904,6.993736951983298,20.5,26.8,13.6,0.4110818274061501,1064697,Chicago,No court,41.97723576292971,-87.75216259449283
17031340300,Census Tract 3403,Armour Square,0,0.0,0.0,50543.0,Q1 (lowest),1751,0.0,13.363792118789265,31.3,20.1,12.1,0.0824698801693289,213596,Chicago,No court,41.842804645150395,-87.6357882237474
17031340500,Census Tract 3405,Armour Square,0,0.0,0.0,61018.0,Q2,1613,5.517668939863609,33.41599504029758,32.2,24.8,13.3,0.1681270337932067,435447,Chicago,No court,41.83451818044223,-87.63291692850277
17031340600,Census Tract 3406,Armour Square,1,6.788866259334692,5.215714072827011,20588.0,Q1 (lowest),1473,84.31771894093686,55.14655760054533,43.9,49.2,23.4,0.1917283014438676,496574,Chicago,Has court,41.82728646166219,-87.63265160454756
17031430300,Census Tract 4303,South Shore,0,0.0,0.0,53807.0,Q1 (lowest),2659,97.78112072207595,21.356196414653155,31.3,44.1,20.7,0.1568088346355272,406133,Chicago,No court,41.76971639686329,-87.58936011962872
17031824005,Census Tract 8240.05,,0,0.0,0.0,146206.0,Q4 (highest),5651,0.0,2.8667492479207217,16.7,26.5,14.1,4.241628146539675,10985766,Chicago,No court,41.66333170829996,-88.01438419508919
17031804509,Census Tract 8045.09,,0,0.0,0.0,94740.0,Q3,6445,5.632273079906905,11.33938525242873,31.4,32.0,16.7,0.8321262492335871,2155197,Chicago,No court,42.00441382244711,-88.16512092838929
17031804511,Census Tract 8045.11,,0,0.0,0.0,82667.0,Q3,2206,2.5838621940163193,16.86310063463282,26.5,30.4,15.4,0.3535518311281751,915695,Chicago,No court,41.99226547096204,-88.15220880610391
17031804609,Census Tract 8046.09,,0,0.0,0.0,107809.0,Q4 (highest),5711,1.3657853265627735,4.762738574680441,16.5,21.3,11.4,1.4890648141999114,3856660,Chicago,No court,42.03157921889877,-88.04460726675501
17031804608,Census Tract 8046.08,,0,0.0,0.0,123889.0,Q4 (highest),3890,2.570694087403599,4.087403598971722,18.1,24.2,12.4,1.0478535035683565,2713928,Chicago,No court,42.03533593243717,-88.07061365314982
17031806202,Census Tract 8062.02,,0,0.0,0.0,76995.0,Q2,4923,1.990656104001625,9.961137246880751,23.4,28.0,14.6,0.4650017683479615,1204349,Chicago,No court,42.037610144885065,-87.88889194092721
17031839100,Census Tract 8391,Loop,0,0.0,0.0,139943.0,Q4 (highest),7989,9.475528852171736,6.017277330950253,11.6,22.1,14.0,0.425396179441758,1101771,Chicago,No court,41.88102813647396,-87.63274576901246
17031833100,Census Tract 8331,West Loop,3,3.368137420006736,8.41987750484389,168125.0,Q4 (highest),8907,5.939148983945212,5.146476642913698,11.0,23.4,13.2,0.3562997203075844,922812,Chicago,Has court,41.8790776728036,-87.65704585101493
17031838100,Census Tract 8381,United Center,3,18.844221105527637,9.474780140183496,,,1592,49.30904522613066,33.83647798742138,27.2,37.2,15.8,0.3166300384403325,820068,Chicago,Has court,41.87867010829997,-87.6716928505684
17031833300,Census Tract 8333,"Little Italy, Uic",0,0.0,0.0,90806.0,Q3,2741,2.261948194089748,22.422018348623855,15.0,21.5,14.6,0.1842981511883452,477330,Chicago,No court,41.87169458300139,-87.65412373420169
17031838200,Census Tract 8382,"Little Italy, Uic",1,5.797101449275363,2.2496399690781645,105667.0,Q3,1725,25.91304347826087,8.657587548638132,15.2,19.7,14.6,0.444515573045126,1151290,Chicago,Has court,41.87041483114621,-87.67512594532063
17031510300,Census Tract 5103,South Deering,2,4.523863379325944,1.7509685300821505,30875.0,Q1 (lowest),4421,98.68807961999548,36.49851632047478,38.3,45.5,19.3,1.142224983281776,2958349,Chicago,Has court,41.71573740643548,-87.57497712281803
17031520100,Census Tract 5201,East Side,1,4.85201358563804,1.0031566659100997,58713.0,Q2,2061,2.6686074721009216,17.806889859291605,39.2,37.7,18.1,0.9968532672738252,2581838,Chicago,Has court,41.72029914376405,-87.53048599561137
17031590700,Census Tract 5907,Mckinley Park,0,0.0,0.0,77344.0,Q2,2728,1.3929618768328444,10.410557184750733,27.7,29.3,15.4,0.3358432548722233,869830,Chicago,No court,41.826806728658056,-87.6637641547629
17031600400,Census Tract 6004,Bridgeport,0,0.0,0.0,63497.0,Q2,4053,6.094251171971379,15.840118430792003,31.6,23.8,14.1,0.1263438286200554,327229,Chicago,No court,41.84171835840582,-87.64393217402709
17031770202,Census Tract 7702.02,,0,0.0,0.0,89615.0,Q3,4428,0.6549232158988257,18.542737038766933,23.0,29.2,14.6,4.2322311918047495,10961428,Chicago,No court,42.02439850637033,-88.01749563596925
17031770602,Census Tract 7706.02,,0,0.0,0.0,85913.0,Q3,4795,0.9801876955161626,3.795272175233138,27.2,29.0,15.2,2.08117180465701,5390210,Chicago,No court,42.01239430331476,-87.90448915781971
17031806104,Census Tract 8061.04,,0,0.0,0.0,46382.0,Q1 (lowest),4719,16.804407713498623,24.535066099036523,27.5,30.4,15.4,1.7966870888977091,4653398,Chicago,No court,42.05988493703814,-87.87892445639196
17031802506,Census Tract 8025.06,,0,0.0,0.0,83971.0,Q3,2456,3.460912052117264,10.689514483884128,25.8,30.5,15.2,1.4300572048982467,3703831,Chicago,No court,42.12995403669156,-87.89776398218729
17031802505,Census Tract 8025.05,,0,0.0,0.0,79389.0,Q3,6347,0.3781314006617299,8.712487899322362,24.2,28.2,15.3,2.723478255497709,7053776,Chicago,No court,42.120924821920134,-87.91118134807223
17031802404,Census Tract 8024.04,,0,0.0,0.0,77988.0,Q2,7564,2.168164992067689,12.22583265637693,23.4,28.4,14.2,0.985266341002352,2551828,Chicago,No court,42.14775040712933,-87.94403305679347
17031803017,Census Tract 8030.17,,0,0.0,0.0,103529.0,Q3,6083,0.6575702778234425,7.930750206100577,17.7,25.5,13.3,1.1465006787676235,2969423,Chicago,No court,42.119171116875926,-87.99825977983899
17031804714,Census Tract 8047.14,,0,0.0,0.0,110950.0,Q4 (highest),3400,3.823529411764706,3.5882352941176467,17.3,25.7,13.6,0.8891971700254981,2303010,Chicago,No court,42.0631797405086,-88.09474257558237
17031804403,Census Tract 8044.03,,0,0.0,0.0,81100.0,Q3,7108,7.89251547552054,6.547365431046727,24.3,30.0,15.2,1.624934169579164,4208560,Chicago,No court,42.051997909149314,-88.24259533896053
17031804406,Census Tract 8044.06,,0,0.0,0.0,73024.0,Q2,5668,4.393083980239944,18.383658969804618,31.8,33.9,17.0,2.7228249706176246,7052084,Chicago,No court,42.01576375862239,-88.25323747215482
17031804716,Census Tract 8047.16,,0,0.0,0.0,109856.0,Q4 (highest),4660,2.6609442060085837,6.866952789699571,18.7,23.1,12.1,0.8866612509401588,2296442,Chicago,No court,42.04202185644267,-88.11419279312325
17031806201,Census Tract 8062.01,,0,0.0,0.0,75563.0,Q2,4583,11.128082042330352,9.360680776783765,19.5,26.5,13.6,0.2424026675027066,627820,Chicago,No court,42.045445939977114,-87.8897883101238
17031820606,Census Tract 8206.06,,0,0.0,0.0,96875.0,Q3,3831,5.507700339336988,8.726415094339622,20.1,29.2,15.0,1.3450077760978043,3483554,Chicago,No court,41.73774886104829,-87.85429410394595
17031820604,Census Tract 8206.04,,0,0.0,0.0,51029.0,Q1 (lowest),3551,0.1126443255421008,25.851872711912137,27.8,34.2,19.8,1.1297959681666478,2926158,Chicago,No court,41.74987807736281,-87.82686535548265
17031824116,Census Tract 8241.16,,0,0.0,0.0,81232.0,Q3,5141,4.473837774751994,8.344680023341763,19.1,28.2,14.8,3.093934025949155,8013252,Chicago,No court,41.6266133590794,-87.86830365896272
17031824114,Census Tract 8241.14,,0,0.0,0.0,138870.0,Q4 (highest),5330,1.3133208255159476,6.416510318949344,16.1,25.7,13.0,2.3718136918008885,6142969,Chicago,No court,41.617318275816515,-87.87962292644544
17031823806,Census Tract 8238.06,,0,0.0,0.0,63843.0,Q2,4004,3.7212787212787215,12.712287712287711,21.7,30.1,16.5,1.12426080738598,2911822,Chicago,No court,41.688098030247886,-87.80601252357879
17031824003,Census Tract 8240.03,,0,0.0,0.0,110645.0,Q4 (highest),6074,0.3621995390187685,1.4461072809820077,16.6,26.4,13.9,1.4701442632166637,3807656,Chicago,No court,41.66359747079296,-87.98573072000961
17031824122,Census Tract 8241.22,,0,0.0,0.0,144738.0,Q4 (highest),5805,4.25495262704565,3.962101636520241,17.2,26.7,13.9,1.5355461106383506,3977046,Chicago,No court,41.57995256886096,-87.81785453271202
17031063100,Census Tract 631,Lake View,0,0.0,0.0,97347.0,Q3,2357,2.800169707254985,8.315655494272379,10.3,22.6,15.2,0.061631559682902,159625,Chicago,No court,41.93823193903282,-87.64677988247378
17031640400,Census Tract 6404,Clearing,1,2.9824038174768863,1.940145848705377,93488.0,Q3,3353,1.4315538323889054,8.529674917983895,23.5,30.3,15.0,0.5154251679930564,1334945,Chicago,Has court,41.78117830136127,-87.79124739686101
17031640500,Census Tract 6405,Clearing,0,0.0,0.0,76250.0,Q2,4162,1.4175876982220088,8.096063382025253,23.9,30.7,15.1,0.2555675933633669,661917,Chicago,No court,41.77568235531827,-87.79098786029078
17031640600,Census Tract 6406,Clearing,0,0.0,0.0,74773.0,Q2,4387,0.4103031684522452,7.660359944623904,22.6,30.9,14.5,0.2547336126653868,659757,Chicago,No court,41.776036108935656,-87.77142981876794
17031640700,Census Tract 6407,Clearing,1,3.007518796992481,3.9415911318354206,78533.0,Q3,3325,1.5338345864661656,7.24812030075188,25.9,32.1,15.1,0.2537046503690364,657092,Chicago,Has court,41.77641093526372,-87.75193560550355
17031640800,Census Tract 6408,Clearing,0,0.0,0.0,40556.0,Q1 (lowest),1456,1.2362637362637363,18.337912087912088,32.8,36.3,16.4,0.1261662216195596,326769,Chicago,No court,41.77482419504215,-87.73974224575205
17031650100,Census Tract 6501,West Lawn,0,0.0,0.0,65852.0,Q2,4263,1.102509969505043,12.190336031395631,31.2,34.4,15.5,0.2600096988866358,673422,Chicago,No court,41.78237660898072,-87.71785492533068
17031650200,Census Tract 6502,West Lawn,0,0.0,0.0,93041.0,Q3,6748,0.0,6.135151155898043,28.5,33.4,14.9,0.3826554408746295,991073,Chicago,No court,41.782222120717286,-87.73022519147763
17031062500,Census Tract 625,Lake View,0,0.0,0.0,169917.0,Q4 (highest),1463,0.4784688995215311,11.346548188653452,12.4,26.2,14.5,0.0621636084800392,161003,Chicago,No court,41.94148802612662,-87.67110725178321
17031062600,Census Tract 626,Lake View,1,4.233700254022016,7.848067972461941,177045.0,Q4 (highest),2362,1.397121083827265,4.191363251481795,10.3,23.5,13.0,0.1274198953817546,330016,Chicago,Has court,41.93597520220608,-87.6709842607829
17031062700,Census Tract 627,Lake View,1,3.450655624568668,7.966791552085834,136667.0,Q4 (highest),2898,1.621808143547274,8.700173310225304,10.4,23.2,13.5,0.12552104488515,325098,Chicago,Has court,41.93608628484741,-87.6661103226328
17031062800,Census Tract 628,Lake View,1,2.655337227827934,7.954239875188492,166741.0,Q4 (highest),3766,0.7966011683483802,2.748865759274086,9.0,22.3,13.9,0.1257191153009203,325611,Chicago,Has court,41.936158698495476,-87.66126479864029
17031062900,Census Tract 629,Lake View,1,2.3121387283236996,7.9510898262417875,181429.0,Q4 (highest),4325,5.687861271676301,2.4277456647398843,9.3,21.8,14.5,0.1257689224814941,325740,Chicago,Has court,41.9362370422038,-87.65641126095656
17031063000,Census Tract 630,Lake View,0,0.0,0.0,103250.0,Q3,3017,3.646005966191581,10.00997672098437,9.4,21.6,14.8,0.1252326265604319,324351,Chicago,No court,41.936310301766376,-87.65156173453342
17031062400,Census Tract 624,Lake View,0,0.0,0.0,158542.0,Q4 (highest),1763,3.3465683494044245,8.961996596710154,12.1,23.7,14.3,0.0629099439842964,162936,Chicago,No court,41.94155555969448,-87.66628816416133
17031063200,Census Tract 632,Lake View,0,0.0,0.0,77183.0,Q2,6481,7.776577688628299,2.526906878802059,10.5,21.3,12.4,0.1416141696409404,366779,Chicago,No court,41.93916552998904,-87.63464320345828
17031063400,Census Tract 634,Lake View,0,0.0,0.0,116765.0,Q4 (highest),2395,5.260960334029228,5.052192066805845,9.7,22.1,14.5,0.0613331027016341,158852,Chicago,No court,41.9346595824628,-87.64673000892329
17031090300,Census Tract 903,Edison Park,1,7.331378299120235,5.442957956632664,117768.0,Q4 (highest),1364,0.0,7.6523031203566125,16.2,27.1,13.1,0.183723631151959,475842,Chicago,Has court,41.99911270572568,-87.81636458416983
17031100100,Census Tract 1001,Norwood Park,1,1.7914725904693658,2.190479573471901,109242.0,Q4 (highest),5582,0.0179147259046936,11.053385883195988,17.8,27.7,13.9,0.4565210340742891,1182384,Chicago,Has court,41.98958415845322,-87.78301360609623
17031100300,Census Tract 1003,Norwood Park,3,4.770233741453331,3.33391573435305,74250.0,Q2,6289,1.5900779138177772,11.911448868329751,21.6,26.7,13.0,0.8998427791943437,2330582,Chicago,Has court,41.98873303850588,-87.80426022102034
17031808301,Census Tract 8083.01,,0,0.0,0.0,70880.0,Q2,6102,1.6879711569977056,12.251824198201255,23.7,24.3,12.4,1.4777091631312578,3827249,Chicago,No court,42.03334090692745,-87.78514129903856
17031808302,Census Tract 8083.02,,0,0.0,0.0,86161.0,Q3,4487,2.206373969244484,14.946140035906645,20.5,23.5,12.2,0.5368874295942684,1390532,Chicago,No court,42.0322816147759,-87.7667893977647
17031808600,Census Tract 8086,,0,0.0,0.0,159583.0,Q4 (highest),2385,2.0964360587002098,4.1928721174004195,13.7,24.2,11.9,1.4721033456525667,3812730,Chicago,No court,42.06023296048793,-87.78560855167443
17031808702,Census Tract 8087.02,,0,0.0,0.0,58011.0,Q2,5338,8.935931060322218,28.793774319066145,16.2,19.4,22.7,0.3631476284832208,940548,Chicago,No court,42.055542130346325,-87.67188331578161
17031811401,Census Tract 8114.01,,0,0.0,0.0,89948.0,Q3,4786,2.528207271207689,8.697470206983066,27.5,31.3,15.9,0.5624195942220581,1456660,Chicago,No court,41.93357610259338,-87.87070541849033
17031811301,Census Tract 8113.01,,0,0.0,0.0,73171.0,Q2,4155,2.382671480144404,4.909747292418772,28.1,31.7,15.6,1.1370612527934492,2944975,Chicago,No court,41.91599477077465,-87.88329464010121
17031750600,Census Tract 7506,Morgan Park,2,5.46448087431694,3.935105405097428,58494.0,Q2,3660,92.34972677595628,27.90633608815427,32.6,41.8,17.2,0.508245598049103,1316350,Chicago,Has court,41.68863114142259,-87.65204932766167
17031812600,Census Tract 8126,,0,0.0,0.0,78929.0,Q3,3598,29.294052251250697,8.435754189944134,15.7,28.6,13.8,0.2429320135846189,629191,Chicago,No court,41.883548763275655,-87.77966606616499
17031803008,Census Tract 8030.08,,0,0.0,0.0,148947.0,Q4 (highest),4725,2.4550264550264553,2.9629629629629632,15.5,24.5,11.9,0.971629212181678,2516508,Chicago,No court,42.11811335419131,-87.9704674099918
17031805110,Census Tract 8051.10,,0,0.0,0.0,104129.0,Q3,4265,3.798358733880422,6.336681013868962,19.3,24.7,12.2,0.7487359014790802,1939217,Chicago,No court,42.06282330810441,-87.97446667519075
17031805111,Census Tract 8051.11,,0,0.0,0.0,57265.0,Q2,7638,8.156585493584707,8.636921817437576,24.4,29.0,15.5,1.490625439191224,3860702,Chicago,No court,42.031282189237345,-87.94372795648084
17031805112,Census Tract 8051.12,,0,0.0,0.0,85216.0,Q3,3366,4.337492572786691,5.88235294117647,22.2,24.8,12.7,1.1566169418545569,2995624,Chicago,No court,42.02267983348464,-87.9322770527376
17031805201,Census Tract 8052.01,,0,0.0,0.0,112656.0,Q4 (highest),3831,1.2007308796658835,17.102272727272727,23.4,24.5,12.3,0.7072542421045966,1831780,Chicago,No court,42.06086242355173,-87.83074471312246
17031820300,Census Tract 8203,,0,0.0,0.0,69306.0,Q2,6000,0.6,11.3,31.8,34.3,17.0,0.5361762293879354,1388690,Chicago,No court,41.791981813924174,-87.80703279039449
17031820400,Census Tract 8204,,0,0.0,0.0,56250.0,Q1 (lowest),4896,14.215686274509803,12.83258288988948,33.5,35.8,16.6,0.975396797205238,2526266,Chicago,No court,41.782107700603845,-87.8126326124331
17031820902,Census Tract 8209.02,,0,0.0,0.0,107750.0,Q4 (highest),6019,1.4952649941850806,11.207471647765177,29.8,32.9,17.3,0.8755133228416502,2267569,Chicago,No court,41.75399066395845,-87.75301792984584
17031821001,Census Tract 8210.01,,0,0.0,0.0,62069.0,Q2,5150,3.1844660194174756,16.446601941747574,28.1,32.5,18.0,0.7620857702815611,1973793,Chicago,No court,41.742172095997155,-87.79136103292375
17031827805,Census Tract 8278.05,,0,0.0,0.0,97361.0,Q3,2541,84.84848484848484,17.158598976780794,25.4,37.3,15.0,1.1029630253113143,2856661,Chicago,No court,41.583940355327286,-87.60107362865823
17031828000,Census Tract 8280,,0,0.0,0.0,67939.0,Q2,5072,41.81782334384858,6.121224244848969,21.2,32.0,15.0,0.9786894765535592,2534794,Chicago,No court,41.57323031533828,-87.54176115418674
17031828100,Census Tract 8281,,0,0.0,0.0,64782.0,Q2,5051,46.60463274599089,24.213027123341913,27.5,36.2,17.1,0.9093354872686668,2355168,Chicago,No court,41.5634411634113,-87.53562973839328
17031828202,Census Tract 8282.02,,0,0.0,0.0,59464.0,Q2,5368,57.93591654247392,23.025335320417287,27.8,37.3,17.1,0.9295618358077334,2407554,Chicago,No court,41.5610693102026,-87.56585303549429
17031283100,Census Tract 2831,"Little Italy, Uic",2,7.451564828614008,23.924549565153132,61806.0,Q2,2684,19.821162444113263,28.390461997019372,22.4,26.9,16.7,0.083596140213777,216513,Chicago,Has court,41.869274106116784,-87.6640920122828
17031283800,Census Tract 2838,"Little Italy, Uic",1,2.7987685418415897,6.88390858977562,86103.0,Q3,3573,55.55555555555556,18.052057094878258,23.4,34.5,16.9,0.1452663101141781,376238,Chicago,Has court,41.86341689475597,-87.65375472002759
17031410700,Census Tract 4107,Hyde Park,0,0.0,0.0,57000.0,Q2,2623,28.28821959588258,28.478841021730844,19.3,27.7,17.0,0.1003568356301264,259923,Chicago,No court,41.798049342890906,-87.594199555527
17031410800,Census Tract 4108,Hyde Park,0,0.0,0.0,63091.0,Q2,2768,18.569364161849713,17.262773722627735,16.2,25.4,13.5,0.0963402147036974,249520,Chicago,No court,41.79796146757349,-87.58962479136791
17031031700,Census Tract 317,Uptown,2,3.2578595862518327,10.84861710906052,82774.0,Q3,6139,13.748167453982733,10.185491884730045,13.8,27.3,14.7,0.1843552943102439,477478,Chicago,Has court,41.96544661947014,-87.66319544208933
17031800400,Census Tract 8004,,0,0.0,0.0,250001.0,Q4 (highest),3779,0.0,1.190791214607039,10.8,22.8,10.6,1.1446581991885676,2964651,Chicago,No court,42.10942306661929,-87.72409018766233
17031071700,Census Tract 717,Old Town,0,0.0,0.0,149821.0,Q4 (highest),1564,4.667519181585678,7.933461292386436,11.6,24.3,12.4,0.0617578150941239,159952,Chicago,No court,41.9128666422033,-87.64107172085302
17031031800,Census Tract 318,Uptown,0,0.0,0.0,86159.0,Q3,1980,4.444444444444445,13.37386018237082,14.6,27.0,14.4,0.09079192644908,235150,Chicago,No court,41.96701142795688,-87.67062093013001
17031819000,Census Tract 8190,,0,0.0,0.0,185721.0,Q4 (highest),4550,0.2197802197802197,2.024471635150167,13.5,24.1,11.7,2.423470301792904,6276759,Chicago,No court,41.826282299608934,-87.8955075406704
17031823903,Census Tract 8239.03,,0,0.0,0.0,133654.0,Q4 (highest),4508,1.264418811002662,3.367394333488156,18.3,26.7,13.0,2.149837759866069,5568054,Chicago,No court,41.66064117828832,-87.81872908688257
17031815701,Census Tract 8157.01,,0,0.0,0.0,154696.0,Q4 (highest),3956,0.6825075834175935,7.886754297269969,15.6,26.7,12.2,0.7268798156593775,1882610,Chicago,No court,41.83671153396412,-87.8110758763126
17031811600,Census Tract 8116,,0,0.0,0.0,63311.0,Q2,5472,1.699561403508772,8.879453572087872,22.9,29.7,15.9,1.131841151387574,2931455,Chicago,No court,41.95118813476731,-87.8722009317828
17031802900,Census Tract 8029,,0,0.0,0.0,173654.0,Q4 (highest),5971,0.2679618154412996,3.2155417852955956,14.2,24.9,12.2,1.7557841966835368,4547460,Chicago,No court,42.09716165617184,-87.96901757471309
17031610400,Census Tract 6104,New City,0,0.0,0.0,35938.0,Q1 (lowest),2034,4.818092428711897,17.99410029498525,35.3,36.9,17.1,0.0630041529149942,163180,Chicago,No court,41.81039845569694,-87.66744912552305
17031050600,Census Tract 506,North Center,0,0.0,0.0,114940.0,Q4 (highest),2286,0.7874015748031495,5.730533683289589,11.1,24.5,13.8,0.1283071581798834,332314,Chicago,No court,41.95054775751128,-87.67618236992418
17031828503,Census Tract 8285.03,,0,0.0,0.0,44837.0,Q1 (lowest),4349,64.72752356863647,20.11318085357227,33.3,43.0,20.4,3.535187807819959,9156094,Chicago,No court,41.50308193369832,-87.55958726521078
17031050500,Census Tract 505,North Center,0,0.0,0.0,144250.0,Q4 (highest),5134,0.0389559797428905,1.7533606078316772,11.1,24.1,12.7,0.2519617851511281,652578,Chicago,No court,41.95044743317702,-87.6835072769511
17031823904,Census Tract 8239.04,,0,0.0,0.0,105500.0,Q3,3849,0.3377500649519355,6.625097427903351,19.5,26.8,12.5,1.4316545095961837,3707968,Chicago,No court,41.65726344892757,-87.80500597317447
17031820103,Census Tract 8201.03,,0,0.0,0.0,89834.0,Q3,4125,4.7272727272727275,6.968641114982578,18.8,28.1,14.4,1.179496198437985,3054881,Chicago,No court,41.79452240892852,-87.87312097290285
17031805801,Census Tract 8058.01,,0,0.0,0.0,111690.0,Q4 (highest),2354,0.0,4.715378079864061,16.8,25.7,12.4,0.7227288311760518,1871859,Chicago,No court,42.01883018281576,-87.86329621657158
17031140100,Census Tract 1401,Albany Park,0,0.0,0.0,92595.0,Q3,3622,1.3804527885146327,6.018774157923799,22.3,29.0,15.9,0.1090715478218432,282494,Chicago,No court,41.97108443289004,-87.70579415111742
17031140200,Census Tract 1402,Albany Park,0,0.0,0.0,68875.0,Q2,6528,7.674632352941177,19.93170381020849,25.8,28.9,17.2,0.152299933435985,394455,Chicago,No court,41.97069488881721,-87.71300426199412
17031140400,Census Tract 1404,Albany Park,0,0.0,0.0,98819.0,Q3,5795,1.363244176013805,11.406384814495254,21.8,26.6,13.4,0.4562024997799218,1181559,Chicago,No court,41.97153701640749,-87.73894298531286
17031140500,Census Tract 1405,Albany Park,0,0.0,0.0,70598.0,Q2,3080,3.636363636363636,7.1054354944335305,26.2,30.4,15.0,0.1748351729814964,452821,Chicago,No court,41.96536191638559,-87.7318319514797
17031071600,Census Tract 716,Old Town,0,0.0,0.0,242250.0,Q4 (highest),1814,3.693495038588754,5.402425578831313,12.0,24.1,12.4,0.0626138036160785,162169,Chicago,No court,41.91647216752675,-87.64118228526068
17031828505,Census Tract 8285.05,,0,0.0,0.0,108854.0,Q4 (highest),7112,58.239595050618675,12.89732770745429,22.5,33.7,14.4,4.7824935868428735,12386601,Chicago,No court,41.54321734883334,-87.56092873581798
17031830004,Census Tract 8300.04,,0,0.0,0.0,109949.0,Q4 (highest),6616,83.9328899637243,12.609835054724837,24.5,36.9,15.2,3.2521942186604726,8423144,Chicago,No court,41.51621165959676,-87.72882883201791
17031802002,Census Tract 8020.02,,0,0.0,0.0,131217.0,Q4 (highest),4881,0.9424298299528784,2.640192013964652,15.4,23.6,11.6,1.2497602305493307,3236864,Chicago,No court,42.073254507733694,-87.83208413831154
17031826202,Census Tract 8262.02,,0,0.0,0.0,56295.0,Q1 (lowest),5895,61.61153519932145,24.020356234096692,30.8,40.7,18.5,0.8422714699836447,2181473,Chicago,No court,41.59314014737947,-87.536298896069
17031671400,Census Tract 6714,Englewood,0,0.0,0.0,29469.0,Q1 (lowest),1507,57.39880557398806,42.88563829787234,43.8,46.7,21.0,0.1913622765819764,495626,Chicago,No court,41.773792202464705,-87.67622885931691
17031818401,Census Tract 8184.01,,0,0.0,0.0,80841.0,Q3,3142,29.503500954805855,7.049180327868852,24.7,32.8,15.4,2.6400373283582783,6837665,Chicago,No court,41.86141683602189,-87.90312458674296
17031801605,Census Tract 8016.05,,0,0.0,0.0,181136.0,Q4 (highest),5680,0.2640845070422535,5.352112676056338,15.6,22.8,10.8,1.8218045797895588,4718452,Chicago,No court,42.131589170202965,-87.86702023022634
17031800700,Census Tract 8007,,0,0.0,0.0,250001.0,Q4 (highest),4981,0.5019072475406545,2.271813429835143,12.3,23.1,10.8,1.5383140771308592,3984215,Chicago,No court,42.08470561471193,-87.74258184264279
17031062300,Census Tract 623,Lake View,0,0.0,0.0,244286.0,Q4 (highest),1567,0.9572431397574984,5.2329291640076585,9.5,22.6,13.8,0.063054346197743,163310,Chicago,No court,41.941627776786994,-87.66144316990932
17031823102,Census Tract 8231.02,,0,0.0,0.0,57500.0,Q2,3881,2.8600876062870393,30.19840247358928,27.4,34.3,18.6,1.407859032551502,3646338,Chicago,No court,41.68584274694572,-87.77891268358735
17031630400,Census Tract 6304,Gage Park,0,0.0,0.0,58147.0,Q2,6390,0.2660406885758998,8.309859154929578,35.8,36.3,17.2,0.2541509844833258,658248,Chicago,No court,41.79725452881888,-87.69878109743803
17031822802,Census Tract 8228.02,,0,0.0,0.0,111648.0,Q4 (highest),3535,3.4229137199434225,2.5466893039049237,18.0,27.2,14.3,0.5038644966694826,1305003,Chicago,No court,41.69756083732284,-87.72787287857567
17031827902,Census Tract 8279.02,,0,0.0,0.0,61862.0,Q2,4183,51.99617499402343,15.963566634707574,30.2,39.5,18.0,1.5021189287363494,3890470,Chicago,No court,41.58473089071062,-87.54497784909755
17031829902,Census Tract 8299.02,,0,0.0,0.0,91585.0,Q3,7161,87.12470325373552,9.398128752967462,21.4,35.3,14.1,4.952376999430113,12826597,Chicago,No court,41.53821635174817,-87.72665699609666
17031260200,Census Tract 2602,Garfield Park,0,0.0,0.0,51125.0,Q1 (lowest),1274,87.36263736263736,16.95583596214511,36.6,43.3,20.9,0.1268156454778941,328451,Chicago,No court,41.88432436870322,-87.72823016882283
17031010100,Census Tract 101,Rogers Park,0,0.0,0.0,69460.0,Q2,3726,36.95652173913043,14.006065618968844,24.2,35.7,17.3,0.1465300225329229,379511,Chicago,No court,42.02125523197245,-87.66983016903473
17031060200,Census Tract 602,Lake View,1,4.5892611289582375,8.137476867779528,91081.0,Q3,2179,6.287287746672786,6.424965580541533,11.3,24.5,13.7,0.1228882141538879,318279,Chicago,Has court,41.957903695846,-87.6715174679772
17031221200,Census Tract 2212,Logan Square,0,0.0,0.0,126481.0,Q4 (highest),3168,14.172979797979798,16.098484848484848,15.2,27.5,15.8,0.1275762667626259,330421,Chicago,No court,41.921083133799215,-87.70464989338866
17031826500,Census Tract 8265,,0,0.0,0.0,58496.0,Q2,5487,90.63240386367778,24.767632586112633,30.1,41.9,18.2,1.364893582518529,3535058,Chicago,No court,41.63011361124568,-87.61544353144373
17031825302,Census Tract 8253.02,,0,0.0,0.0,103010.0,Q3,5101,4.528523818859047,6.60654773573809,18.5,28.9,15.4,2.253876079734732,5837512,Chicago,No court,41.58116637004656,-87.75740527027611
17031824107,Census Tract 8241.07,,0,0.0,0.0,90781.0,Q3,7550,4.754966887417218,8.754966887417218,20.3,27.4,13.8,1.4723963972033849,3813489,Chicago,No court,41.60841786803693,-87.81331101279079
17031830202,Census Tract 8302.02,,0,0.0,0.0,90105.0,Q3,3680,63.17934782608695,25.29182879377432,26.3,38.1,16.9,1.21631837676468,3150250,Chicago,No court,41.49205567376383,-87.6918873869075
17031061200,Census Tract 612,Wrigleyville,0,0.0,0.0,118398.0,Q4 (highest),2065,6.392251815980629,6.27431906614786,10.5,22.6,15.5,0.0674404669056381,174670,Chicago,No court,41.949059917612864,-87.66164269452238
17031801100,Census Tract 8011,,0,0.0,0.0,241174.0,Q4 (highest),4833,0.0206910821435961,1.5544041450777202,11.3,23.4,10.7,0.7232323084122397,1873163,Chicago,No court,42.07518293868296,-87.71496993608756
17031801200,Census Tract 8012,,0,0.0,0.0,250001.0,Q4 (highest),3576,0.0,0.0,12.3,22.4,10.0,0.7486934302398313,1939107,Chicago,No court,42.08431981271635,-87.69211437758185
17031811402,Census Tract 8114.02,,0,0.0,0.0,79617.0,Q3,4181,1.3872279359005024,5.6741028128031035,27.2,31.1,15.7,0.6247812731178677,1618176,Chicago,No court,41.9266486877938,-87.874822691951
17031813400,Census Tract 8134,,0,0.0,0.0,71899.0,Q2,8115,3.561306223043746,13.979566409170197,34.0,35.5,17.0,0.428578433568032,1110013,Chicago,No court,41.86098150431377,-87.76664179034641
17031813200,Census Tract 8132,,0,0.0,0.0,136042.0,Q4 (highest),4437,9.420779806175345,7.18954248366013,15.0,27.4,13.1,0.4309687921333998,1116204,Chicago,No court,41.869061671099985,-87.79696892093291
17031821401,Census Tract 8214.01,,0,0.0,0.0,51707.0,Q1 (lowest),2250,91.02222222222224,20.286609941782356,31.3,42.6,17.7,0.3297297130334194,853996,Chicago,No court,41.666210225364885,-87.65787356286302
17031805702,Census Tract 8057.02,,0,0.0,0.0,160536.0,Q4 (highest),2211,0.0,2.4423337856173677,13.3,24.1,11.5,0.6471628439977328,1676144,Chicago,No court,41.992056360841445,-87.84683010695959
17031805802,Census Tract 8058.02,,0,0.0,0.0,136415.0,Q4 (highest),5219,1.0538417321325924,3.528960490985807,14.2,24.8,12.1,0.6744050551585568,1746701,Chicago,No court,42.014647398767416,-87.84701535544241
17031821402,Census Tract 8214.02,,0,0.0,0.0,74375.0,Q2,3468,78.719723183391,4.036908881199539,24.8,37.7,15.7,0.6474462429941761,1676878,Chicago,No court,41.66229352768922,-87.65218465139806
17031821600,Census Tract 8216,,0,0.0,0.0,83088.0,Q3,4224,47.51420454545455,5.634469696969697,21.6,33.5,15.3,1.3719133061620363,3553239,Chicago,No court,41.73002173712369,-87.69932920981559
17031821700,Census Tract 8217,,0,0.0,0.0,99679.0,Q3,4867,11.69098006985823,7.417300184918842,18.6,29.1,14.9,0.5988502649433125,1551015,Chicago,No court,41.721174498173625,-87.71535475609895
17031290900,Census Tract 2909,North Lawndale,1,2.343566908835247,2.599095229684816,46189.0,Q1 (lowest),4267,96.90649168033748,39.44223107569721,38.1,46.8,22.5,0.3847492729696045,996496,Chicago,Has court,41.862410315106544,-87.73245668751481
17031291200,Census Tract 2912,North Lawndale,0,0.0,0.0,24555.0,Q1 (lowest),1532,99.02088772845951,31.135770234986943,35.8,46.4,23.0,0.1270808976721127,329138,Chicago,No court,41.86266119850849,-87.71287458655664
17031421200,Census Tract 4212,Woodlawn,0,0.0,0.0,45972.0,Q1 (lowest),1865,95.44235924932975,12.332439678284182,43.2,50.0,20.5,0.125772397401069,325749,Chicago,No court,41.77066216236715,-87.60894745404624
17031806001,Census Tract 8060.01,,0,0.0,0.0,60694.0,Q2,5273,11.18907642708136,13.180352740375495,24.8,25.7,13.7,0.7087824345132101,1835738,Chicago,No court,42.06036001224235,-87.84914666354207
17031801300,Census Tract 8013,,0,0.0,0.0,148967.0,Q4 (highest),4516,0.7307351638618246,9.426321709786276,14.1,24.6,11.0,0.7234774832933589,1873798,Chicago,No court,42.0741033648792,-87.69704059899414
17031801400,Census Tract 8014,,0,0.0,0.0,168306.0,Q4 (highest),3005,3.4608985024958407,3.926788685524126,13.0,22.3,10.1,0.5537828746696896,1434291,Chicago,No court,42.071142011501486,-87.76560083724458
17031801603,Census Tract 8016.03,,0,0.0,0.0,82135.0,Q3,3707,12.355004046398706,12.224448897795591,23.2,24.2,12.6,3.1012796198283543,8032277,Chicago,No court,42.08719421756928,-87.87787891246315
17031801701,Census Tract 8017.01,,0,0.0,0.0,214303.0,Q4 (highest),3492,0.0,1.6652311225954637,12.5,22.6,10.8,0.8369282019839475,2167634,Chicago,No court,42.12648733161083,-87.84294213011128
17031806004,Census Tract 8060.04,,0,0.0,0.0,75704.0,Q2,8790,1.205915813424346,10.848335098246851,25.3,26.1,13.7,1.039806362037199,2693086,Chicago,No court,42.047252256524125,-87.83582123330648
17031806300,Census Tract 8063,,0,0.0,0.0,101078.0,Q3,4325,7.00578034682081,4.323699421965318,18.0,27.5,13.8,0.77677618583561,2011841,Chicago,No court,42.037918039007245,-87.90237998661841
17031806400,Census Tract 8064,,0,0.0,0.0,120869.0,Q4 (highest),2463,1.3398294762484777,4.263093788063337,17.8,26.8,13.8,0.4415815826173712,1143691,Chicago,No court,42.028241106975145,-87.88387440603329
17031806501,Census Tract 8065.01,,0,0.0,0.0,86813.0,Q3,2577,4.46255335661622,8.808692277842454,27.0,29.2,15.0,0.3223790998259451,834958,Chicago,No court,42.01579634961847,-87.8910650514247
17031240700,Census Tract 2407,Humboldt Park,0,0.0,0.0,96250.0,Q3,1578,12.864385297845374,13.181242078580482,17.5,28.3,14.4,0.0640435399700693,165872,Chicago,No court,41.912087780791275,-87.69459863700419
17031240900,Census Tract 2409,Humboldt Park,3,26.97841726618705,8.110118594072592,98145.0,Q3,1112,13.219424460431656,5.877034358047016,17.4,27.6,13.0,0.3699082775673092,958058,Chicago,Has court,41.90471618683242,-87.70188668146228
17031829200,Census Tract 8292,,0,0.0,0.0,57796.0,Q2,5930,22.006745362563237,27.622259696458684,33.3,38.5,17.4,1.0188147589873002,2638718,Chicago,No court,41.50925741168377,-87.6483161578688
17031829301,Census Tract 8293.01,,0,0.0,0.0,88750.0,Q3,3844,44.823100936524455,8.982511923688394,25.1,35.0,15.3,1.2626158885678236,3270160,Chicago,No court,41.518378425790424,-87.66377825151979
17031829302,Census Tract 8293.02,,0,0.0,0.0,51725.0,Q1 (lowest),3109,54.87294950144741,37.8657487091222,36.3,43.1,20.1,0.7417080696898982,1921015,Chicago,No court,41.50494335374242,-87.66627870848694
17031829401,Census Tract 8294.01,,0,0.0,0.0,54875.0,Q1 (lowest),871,71.87141216991964,10.070257611241216,29.8,38.4,17.8,0.4241371002491131,1098510,Chicago,No court,41.496945411095254,-87.65976126979756
17031805202,Census Tract 8052.02,,0,0.0,0.0,100288.0,Q3,3996,2.3523523523523524,3.5069885641677256,16.8,23.6,12.5,0.6053889052767812,1567950,Chicago,No court,42.059652738487344,-87.81474172247653
17031805301,Census Tract 8053.01,,0,0.0,0.0,129063.0,Q4 (highest),3146,0.0,3.1240038253108064,21.0,22.9,12.1,0.4088335544411788,1058874,Chicago,No court,42.04497401757264,-87.81965230152073
17031805302,Census Tract 8053.02,,0,0.0,0.0,109122.0,Q4 (highest),3890,0.8226221079691516,2.082262210796915,19.9,23.3,11.9,0.5984359773095473,1549942,Chicago,No court,42.04976500083004,-87.81344251873185
17031805401,Census Tract 8054.01,,0,0.0,0.0,131019.0,Q4 (highest),4407,1.7245291581574766,2.47333787156796,17.9,25.1,12.7,1.0084262938669986,2611812,Chicago,No court,42.03307681322183,-87.8259769026255
17031770400,Census Tract 7704,,0,0.0,0.0,86806.0,Q3,4473,5.119606528057232,6.934470377019748,21.9,28.5,15.4,1.9983069419626656,5175591,Chicago,No court,42.02395940141333,-87.97459221067979
17031800100,Census Tract 8001,,0,0.0,0.0,250001.0,Q4 (highest),2449,2.1641486320947325,2.8583095140873827,11.9,23.5,10.8,1.2235408040500573,3168956,Chicago,No court,42.13815177275251,-87.74881957673615
17031800300,Census Tract 8003,,0,0.0,0.0,250001.0,Q4 (highest),3251,0.0,2.0602218700475436,11.6,23.3,10.8,1.2488629290946522,3234540,Chicago,No court,42.11308297204019,-87.75517772533291
17031170900,Census Tract 1709,Dunning,0,0.0,0.0,61771.0,Q2,1922,3.433922996878252,28.04370447450572,28.9,34.4,16.9,0.1237762491563667,320579,Chicago,No court,41.936195821297346,-87.81160567916316
17031171000,Census Tract 1710,Dunning,1,1.593879502709595,1.8592358146469696,82790.0,Q3,6274,1.7213898629263629,8.718520879821485,21.2,29.3,14.1,0.5378553877469703,1393039,Chicago,Has court,41.941807111526664,-87.79652375431047
17031171100,Census Tract 1711,Dunning,0,0.0,0.0,94830.0,Q3,4144,2.8957528957528957,7.939189189189189,27.5,31.7,16.1,0.2572008055635779,666147,Chicago,No court,41.94205282159248,-87.78128650541638
17031180100,Census Tract 1801,Montclare,0,0.0,0.0,97301.0,Q3,6875,5.978181818181818,14.198813056379825,25.4,31.3,14.9,0.4124938030600914,1068354,Chicago,No court,41.93448502717123,-87.79863170566627
17031040900,Census Tract 409,Lincoln Square,0,0.0,0.0,92167.0,Q3,2009,2.488800398208064,3.6831483350151366,11.9,24.7,13.2,0.1242681433273049,321853,Chicago,No court,41.96318465788292,-87.68385442540638
17031050200,Census Tract 502,North Center,2,3.7223152801042247,7.94166680720518,124167.0,Q4 (highest),5373,1.0050251256281406,4.727340405732366,13.3,25.1,12.7,0.2518363019442561,652253,Chicago,Has court,41.95774056555574,-87.68371677634354
17031050300,Census Tract 503,North Center,0,0.0,0.0,166681.0,Q4 (highest),2725,1.0275229357798166,4.674273095325727,13.7,25.8,13.0,0.1467307956639181,380031,Chicago,No court,41.95767809759068,-87.69151855848949
17031818600,Census Tract 8186,,0,0.0,0.0,98125.0,Q3,4727,3.596361328538185,5.515485787017395,15.3,26.2,12.7,0.9567882167793827,2478070,Chicago,No court,41.840240873503255,-87.86549689006361
17031804807,Census Tract 8048.07,,0,0.0,0.0,104453.0,Q3,5528,0.0,6.315389005136009,19.4,27.0,14.6,0.9130026857267292,2364666,Chicago,No court,42.01038019944662,-88.11998960926218
17031801800,Census Tract 8018,,0,0.0,0.0,191625.0,Q4 (highest),6339,5.016564126833885,6.768696749763333,13.4,22.6,10.1,4.1402956307133465,10723316,Chicago,No court,42.11492033880257,-87.78776721282185
17031190100,Census Tract 1901,Belmont Cragin,0,0.0,0.0,53717.0,Q1 (lowest),2403,2.4136496046608404,6.533499791926759,33.0,34.5,16.0,0.1220654304189826,316148,Chicago,No court,41.93521763866275,-87.7443888733132
17031222200,Census Tract 2222,Bucktown,0,0.0,0.0,188065.0,Q4 (highest),2183,0.9161704076958316,4.770642201834862,10.0,23.5,13.4,0.0892181739838176,231074,Chicago,No court,41.91590952789829,-87.68382618099291
17031222500,Census Tract 2225,Logan Square,0,0.0,0.0,155878.0,Q4 (highest),1374,2.911208151382824,5.91672753834916,13.0,25.8,14.3,0.0620369669666423,160675,Chicago,No court,41.91568254747798,-87.69958742224284
17031222600,Census Tract 2226,Logan Square,0,0.0,0.0,94688.0,Q3,1552,5.541237113402062,7.216494845360824,17.0,28.3,15.8,0.0620095537122179,160604,Chicago,No court,41.915638779755255,-87.70447981083757
17031251500,Census Tract 2515,Austin,1,2.209456473707468,3.7869418621312834,47491.0,Q1 (lowest),4526,74.74591250552363,24.830393487109905,33.5,42.6,19.6,0.2640653161327388,683926,Chicago,Has court,41.89110350714657,-87.76035377374997
17031251600,Census Tract 2516,Austin,0,0.0,0.0,34332.0,Q1 (lowest),4418,64.53146220009054,30.217292892711633,39.1,45.9,20.9,0.1856325203051133,480786,Chicago,No court,41.8914065052047,-87.7518037239849
17031251700,Census Tract 2517,Austin,1,8.417508417508417,5.322020733373745,57037.0,Q2,1188,79.7979797979798,27.52525252525253,32.8,40.7,18.7,0.1878985539701342,486655,Chicago,Has court,41.891384395212576,-87.74447927528361
17031251800,Census Tract 2518,Austin,0,0.0,0.0,36681.0,Q1 (lowest),5641,93.12178691721326,34.5158371040724,41.5,48.5,22.7,0.385229970177468,997741,Chicago,No court,41.88414361586754,-87.74788851034711
17031251900,Census Tract 2519,Austin,0,0.0,0.0,35047.0,Q1 (lowest),5355,85.67693744164332,37.3109243697479,39.8,48.7,23.4,0.2441910927772638,632452,Chicago,No court,41.8838116360415,-87.76009447553598
17031252000,Census Tract 2520,Austin,0,0.0,0.0,30103.0,Q1 (lowest),5787,82.32244686365992,32.188765627751366,37.4,45.4,20.8,0.2411571018861863,624594,Chicago,No court,41.88367591605043,-87.76987979346161
17031680600,Census Tract 6806,Englewood,1,10.040160642570282,7.93340807312247,52237.0,Q1 (lowest),996,100.0,16.867469879518072,30.4,40.0,18.5,0.1260492326605374,326466,Chicago,Has court,41.783281142061774,-87.65216524560562
17031803010,Census Tract 8030.10,,0,0.0,0.0,120417.0,Q4 (highest),4439,3.897274160847038,2.0500112637981527,15.0,24.9,12.6,0.998289953466966,2585559,Chicago,No court,42.1503679877259,-87.98156505298637
17031804505,Census Tract 8045.05,,0,0.0,0.0,90985.0,Q3,3487,2.3515916260395753,4.01491253226269,19.2,27.7,15.2,1.1926101588115463,3088846,Chicago,No court,41.99361490058008,-88.17515557198115
17031804606,Census Tract 8046.06,,0,0.0,0.0,127202.0,Q4 (highest),6618,0.6044122091266244,4.653696498054475,17.1,24.7,12.6,1.9339649450113283,5008946,Chicago,No court,42.00932301050835,-88.04664002578686
17031804712,Census Tract 8047.12,,0,0.0,0.0,97446.0,Q3,5421,14.388489208633093,5.762081784386617,19.1,26.0,13.6,0.9150370580867556,2369935,Chicago,No court,42.035835703249006,-88.12756094151466
17031807800,Census Tract 8078,,0,0.0,0.0,156771.0,Q4 (highest),2666,2.363090772693173,3.473562331146276,18.4,23.1,12.0,0.9837512760676884,2547904,Chicago,No court,42.01515724365459,-87.76373063595882
17031808400,Census Tract 8084,,0,0.0,0.0,136645.0,Q4 (highest),4499,4.000889086463658,5.890197821738164,20.6,22.8,12.1,1.2176411628161985,3153676,Chicago,No court,42.048737994860694,-87.79385800448985
17031811100,Census Tract 8111,,0,0.0,0.0,70714.0,Q2,6915,0.1301518438177874,5.567606652205351,23.4,31.6,16.2,1.408866759228228,3648948,Chicago,No court,41.92707789094244,-87.83441580643547
17031130300,Census Tract 1303,North Park,1,2.028397565922921,3.591703265691586,69857.0,Q2,4930,5.618661257606491,11.845841784989858,22.0,25.4,13.6,0.2784194366923708,721103,Chicago,Has court,41.986558972467385,-87.7133914753396
17031190200,Census Tract 1902,Belmont Cragin,0,0.0,0.0,82551.0,Q3,5753,6.24022249261255,20.26956065114651,32.2,35.4,15.6,0.2548691345288086,660108,Chicago,No court,41.93511366979179,-87.75164892978421
17031190300,Census Tract 1903,Belmont Cragin,0,0.0,0.0,68281.0,Q2,5609,4.439293991798895,14.5302192904261,28.5,32.9,15.3,0.2549440383507568,660302,Chicago,No court,41.93498642161399,-87.76146345326028
17031190800,Census Tract 1908,Belmont Cragin,0,0.0,0.0,56311.0,Q1 (lowest),6326,3.177363262725261,10.82598235765838,33.6,35.6,16.4,0.2553359320583724,661317,Chicago,No court,41.92781863192134,-87.75136236760547
17031260100,Census Tract 2601,Garfield Park,0,0.0,0.0,21875.0,Q1 (lowest),1145,91.87772925764192,35.9825327510917,40.6,46.0,19.4,0.1256573389529217,325451,Chicago,No court,41.88437076493542,-87.72333017765632
17031242600,Census Tract 2426,Humboldt Park,0,0.0,0.0,85000.0,Q3,5351,12.035133619884132,17.342552793870304,19.5,29.9,16.5,0.1836854070366349,475743,Chicago,No court,41.90056013235445,-87.69419701935908
17031060400,Census Tract 604,Lake View,0,0.0,0.0,154038.0,Q4 (highest),3664,1.4737991266375543,3.802700468448608,9.3,22.7,13.5,0.1254944038350756,325029,Chicago,No court,41.9506732036877,-87.66653642575875
17031060500,Census Tract 605,Wrigleyville,0,0.0,0.0,60987.0,Q2,1212,7.1782178217821775,23.432343234323433,23.1,28.0,14.3,0.0881378600981935,228276,Chicago,No court,41.952719965822006,-87.6605008323298
17031240800,Census Tract 2408,Humboldt Park,0,0.0,0.0,103565.0,Q3,1573,8.709472345835982,13.200257566001287,17.2,28.9,14.7,0.0643153559012628,166576,Chicago,No court,41.912048358589225,-87.6994876390715
17031240600,Census Tract 2406,Wicker Park,0,0.0,0.0,166537.0,Q4 (highest),1814,6.339581036383682,14.837625979843224,14.1,26.6,15.0,0.0638531915977989,165379,Chicago,No court,41.91213415027697,-87.68971114874037
17031829000,Census Tract 8290,,0,0.0,0.0,,,853,91.7936694021102,55.2168815943728,43.3,49.0,23.0,0.8909396491412316,2307523,Chicago,No court,41.51032641458053,-87.62349499407908
17031410900,Census Tract 4109,,1,2.7107617240444566,6.68170185540627,75562.0,Q2,3689,23.99024125779344,15.225666122892877,15.7,27.7,13.3,0.149662469478623,387624,Chicago,Has court,41.797875354375606,-87.57666156627421
17031411000,Census Tract 4110,,0,0.0,0.0,69014.0,Q2,4051,31.32559861762528,24.52636968766001,18.9,27.8,13.6,0.287990523508217,745892,Chicago,No court,41.790715482074354,-87.57687263209937
17031411100,Census Tract 4111,Hyde Park,0,0.0,0.0,123611.0,Q4 (highest),2304,3.4288194444444446,9.226037929267042,13.3,21.2,13.9,0.1093920126270855,283324,Chicago,No court,41.790455289066664,-87.58970081603708
17031411200,Census Tract 4112,Hyde Park,0,0.0,0.0,93958.0,Q3,1662,7.9422382671480145,16.515973477998795,14.5,23.0,12.7,0.1555953154995312,402990,Chicago,No court,41.79056192890675,-87.59401711940222
17031460400,Census Tract 4604,South Chicago,1,2.532928064842958,3.969178192406422,70472.0,Q2,3948,95.33941236068895,23.35359675785208,28.8,41.4,17.2,0.2519413217358536,652525,Chicago,Has court,41.74449055811051,-87.56369222540243
17031460500,Census Tract 4605,South Chicago,0,0.0,0.0,54850.0,Q1 (lowest),5615,89.99109528049867,18.57524487978629,26.8,38.6,14.9,0.4931405087591139,1277228,Chicago,No court,41.7468819487111,-87.57260433920587
17031461000,Census Tract 4610,South Chicago,0,0.0,0.0,14311.0,Q1 (lowest),1212,61.71617161716172,40.87530966143683,47.8,44.5,16.2,0.2169349819381402,561859,Chicago,No court,41.72742489097303,-87.54648548712936
17031804804,Census Tract 8048.04,,0,0.0,0.0,80980.0,Q3,5995,4.670558798999166,10.3874415497662,21.3,27.6,14.8,1.8700727570938551,4843466,Chicago,No court,41.996449177648344,-88.12761024195655
17031830100,Census Tract 8301,,0,0.0,0.0,94095.0,Q3,2999,81.19373124374792,9.869956652217406,23.3,36.5,16.1,0.6166152121168129,1597026,Chicago,No court,41.50237149945783,-87.68776769525388
17031830201,Census Tract 8302.01,,0,0.0,0.0,51748.0,Q1 (lowest),5101,80.37639678494412,10.135267594589296,26.6,39.2,17.6,1.1198414818910358,2900376,Chicago,No court,41.48343286673129,-87.7086236509773
17031830300,Census Tract 8303,,0,0.0,0.0,41250.0,Q1 (lowest),5137,73.85633638310298,15.116052272283987,31.8,42.4,18.1,0.8848593120894769,2291775,Chicago,No court,41.483856750050094,-87.68106454547335
17031830400,Census Tract 8304,,0,0.0,0.0,63182.0,Q2,3916,67.7732379979571,19.979534407776924,28.4,39.1,18.2,0.9285201321396084,2404856,Chicago,No court,41.4749197064756,-87.69183573927343
17031812700,Census Tract 8127,,0,0.0,0.0,93375.0,Q3,3126,13.979526551503518,9.341010876519514,16.2,27.7,12.9,0.246693420973379,638933,Chicago,No court,41.88339343522445,-87.78947544819594
17031819200,Census Tract 8192,,0,0.0,0.0,83905.0,Q3,6550,3.6793893129770994,6.824427480916031,26.0,32.1,16.1,0.9560766304708748,2476227,Chicago,No court,41.81187906077606,-87.83003347794383
17031350100,Census Tract 3501,Douglas,0,0.0,0.0,65000.0,Q2,2566,23.616523772408417,24.70771628994544,16.4,25.2,13.1,0.2192581587250597,567876,Chicago,No court,41.841749299854065,-87.60842057618788
17031350400,Census Tract 3504,Douglas,2,12.383900928792569,25.712946876209955,20938.0,Q1 (lowest),1615,88.48297213622291,53.126934984520126,41.0,49.3,25.2,0.077781827560591,201454,Chicago,Has court,41.841929126668575,-87.62836949830448
17031351000,Census Tract 3510,Douglas,2,5.17196793379881,6.306407607656842,61347.0,Q2,3867,73.85570209464701,18.386346004654772,20.4,31.7,14.9,0.3171377628004454,821383,Chicago,Has court,41.834781566090136,-87.60597901814225
17031351400,Census Tract 3514,Douglas,1,6.090133982947624,7.994851168519278,30542.0,Q1 (lowest),1642,64.19001218026796,29.293544457978076,36.1,46.1,20.0,0.1250805023034855,323957,Chicago,Has court,41.82740193285881,-87.62409091997655
17031360200,Census Tract 3602,Oakland,1,5.353319057815846,11.161624519487685,28456.0,Q1 (lowest),1868,95.44967880085652,46.19914346895075,36.4,47.0,21.3,0.0895926930935587,232044,Chicago,Has court,41.82688551734436,-87.60988760387599
17031430400,Census Tract 4304,South Shore,0,0.0,0.0,38034.0,Q1 (lowest),2974,90.48419636852724,25.69585879158181,30.4,42.7,18.1,0.2114797443076956,547730,Chicago,No court,41.76219613451243,-87.5903098194601
17031430600,Census Tract 4306,South Shore,0,0.0,0.0,42487.0,Q1 (lowest),1972,90.4158215010142,23.884381338742394,30.1,42.5,18.1,0.1287106349527488,333359,Chicago,No court,41.76441328813644,-87.57137298777621
17031430800,Census Tract 4308,South Shore,0,0.0,0.0,47625.0,Q1 (lowest),1897,90.0896151818661,17.796610169491526,27.6,40.9,16.6,0.1266689266513976,328071,Chicago,No court,41.760750007806,-87.57129826090427
17031430500,Census Tract 4305,South Shore,0,0.0,0.0,36310.0,Q1 (lowest),4000,97.6,30.335365853658537,34.4,45.1,20.6,0.1323685669586113,342833,Chicago,No court,41.76431388102519,-87.58126994948844
17031430900,Census Tract 4309,South Shore,2,12.944983818770227,15.392864571880256,31357.0,Q1 (lowest),1545,96.89320388349516,29.449838187702262,32.7,43.6,18.2,0.1299303317235446,336518,Chicago,Has court,41.76064096185784,-87.58118514144213
17031030604,Census Tract 306.04,Edgewater,0,0.0,0.0,51032.0,Q1 (lowest),2793,18.33154314357322,19.76369495166487,18.9,26.8,13.3,0.0766760309314174,198590,Chicago,No court,41.98594492238067,-87.65276563075925
17031031502,Census Tract 315.02,Uptown,0,0.0,0.0,47674.0,Q1 (lowest),4630,38.38012958963283,40.36756756756757,25.7,36.1,18.1,0.0624346522068828,161705,Chicago,No court,41.96363265817102,-87.65236559117237
17031081402,Census Tract 814.02,,0,0.0,0.0,166824.0,Q4 (highest),6138,6.581948517432388,6.598240469208211,11.8,22.5,12.0,0.227655881031109,589626,Chicago,No court,41.892975840475486,-87.60893258436113
17031080201,Census Tract 802.01,Gold Coast,0,0.0,0.0,118417.0,Q4 (highest),3416,0.0,2.4004683840749412,12.8,22.8,11.9,0.0522685819393757,135375,Chicago,No court,41.909497569694565,-87.63100510505922
17031760802,Census Tract 7608.02,O'Hare,0,0.0,0.0,93313.0,Q3,2244,3.2085561497326207,5.303030303030303,20.5,27.5,14.0,2.389805280951109,6189567,Chicago,No court,41.95783207010122,-87.84721685208288
17031140601,Census Tract 1406.01,Albany Park,0,0.0,0.0,81833.0,Q3,2402,9.492089925062448,11.725293132328307,28.5,30.2,14.7,0.1050672821650138,272123,Chicago,No court,41.96464719222939,-87.72589086837726
17031070102,Census Tract 701.02,Lincoln Park,0,0.0,0.0,106062.0,Q4 (highest),2969,6.769956214213541,4.87720511933587,10.3,22.2,13.8,0.0481465551191742,124699,Chicago,No court,41.93058281269375,-87.64220207716541
17031210502,Census Tract 2105.02,Avondale,0,0.0,0.0,79857.0,Q3,4336,2.606088560885609,14.690959409594097,22.6,30.3,16.8,0.1335697308250076,345944,Chicago,No court,41.93378462674482,-87.72205243034684
17031610300,Census Tract 6103,New City,1,1.846040243677312,1.0865606922472486,49901.0,Q1 (lowest),5417,9.950156913420711,39.17944927000555,38.2,38.9,17.9,0.920335152131979,2383657,Chicago,Has court,41.816178003215754,-87.67510211828254
17031681000,Census Tract 6810,Englewood,0,0.0,0.0,27844.0,Q1 (lowest),2561,82.38969152674737,37.4853572823116,39.9,47.5,21.3,0.2519189278097041,652467,Chicago,No court,41.77603986876582,-87.64954794490035
17031681100,Census Tract 6811,Englewood,0,0.0,0.0,36083.0,Q1 (lowest),2105,92.0190023752969,27.648456057007127,37.2,46.6,21.1,0.2519077308466294,652438,Chicago,No court,41.7687665278746,-87.64935954801619
17031680500,Census Tract 6805,Englewood,1,7.0821529745042495,7.923942041755391,42639.0,Q1 (lowest),1412,66.71388101983003,24.40775305096913,39.1,47.3,21.6,0.1261998125087838,326856,Chicago,Has court,41.79056399147985,-87.65235243876256
17031803400,Census Tract 8034,,0,0.0,0.0,150530.0,Q4 (highest),7189,6.607316733899013,5.007650577270831,14.7,25.2,12.7,1.1880448866944555,3077022,Chicago,No court,42.074545460525265,-87.97118708345685
17031803500,Census Tract 8035,,0,0.0,0.0,142417.0,Q4 (highest),5267,0.3607366622365673,3.2862055789071456,13.9,24.0,11.5,1.139659334328962,2951704,Chicago,No court,42.07392850985992,-87.99406386065856
17031803604,Census Tract 8036.04,,0,0.0,0.0,93692.0,Q3,4407,2.745631949171772,14.692272096251736,20.1,28.0,14.3,0.9724558569383333,2518649,Chicago,No court,42.12988212892479,-88.04097695760697
17031540102,Census Tract 5401.02,Riverdale,2,5.686664771111743,0.9778973410697076,24583.0,Q1 (lowest),3517,99.1754336081888,53.223046206503135,41.9,49.4,24.7,2.045204456545745,5297055,Chicago,Has court,41.66733081966333,-87.60544919512073
17031700402,Census Tract 7004.02,Ashburn,0,0.0,0.0,98152.0,Q3,3453,61.16420503909645,6.545033304373009,26.0,36.6,16.2,0.4436097773425977,1148944,Chicago,No court,41.7382301203407,-87.71182339183002
17031020200,Census Tract 202,West Ridge,0,0.0,0.0,115559.0,Q4 (highest),7231,6.181717604757295,5.405029873558427,18.9,25.2,13.3,0.4795238433537144,1241961,Chicago,No court,42.0156902536203,-87.69951911777528
17031804202,Census Tract 8042.02,,0,0.0,0.0,179270.0,Q4 (highest),7724,0.5308130502330399,3.6396724294813465,15.0,22.9,11.1,5.2237296080136275,13529397,Chicago,No court,42.107877601534824,-88.13062304057615
17031804701,Census Tract 8047.01,,0,0.0,0.0,74976.0,Q2,5817,12.377514182568335,8.612099644128115,22.5,26.9,14.6,4.862431408948613,12593639,Chicago,No court,42.054555893108464,-88.15348629324507
17031803605,Census Tract 8036.05,,0,0.0,0.0,103409.0,Q3,6243,10.267499599551495,3.956431202947301,18.8,26.4,13.5,1.2322979874810231,3191637,Chicago,No court,42.1291607428608,-88.02487682785278
17031130200,Census Tract 1302,North Park,1,6.657789613848203,1.2475869437253793,103611.0,Q3,1502,0.0,13.049267643142477,21.3,26.4,12.5,0.801547343076493,2075998,Chicago,Has court,41.980849871574286,-87.73606600887014
17031804306,Census Tract 8043.06,,0,0.0,0.0,103068.0,Q3,6128,0.3263707571801566,4.993472584856397,24.1,30.6,15.8,0.979289479333495,2536348,Chicago,No court,42.021982186285626,-88.17400840323091
17031020400,Census Tract 204,West Ridge,0,0.0,0.0,81840.0,Q3,4325,25.502890173410403,15.527661552766157,22.5,30.4,14.3,0.2145094880748482,555577,Chicago,No court,42.00848802720408,-87.68591186055107
17031080202,Census Tract 802.02,Gold Coast,0,0.0,0.0,104129.0,Q3,4127,2.350375575478556,12.28026739291904,11.9,23.6,13.2,0.0599385016455674,155240,Chicago,No court,41.90585893524393,-87.63090096054172
17031813900,Census Tract 8139,,0,0.0,0.0,71152.0,Q2,6782,5.603066941905042,8.72347066167291,33.7,35.8,16.6,0.2652475609925606,686988,Chicago,No court,41.84650104458086,-87.76849095497407
17031822601,Census Tract 8226.01,,0,0.0,0.0,103411.0,Q3,4645,1.248654467168999,7.778738115816767,21.3,28.7,15.1,0.6919472213770874,1792135,Chicago,No court,41.70896315220803,-87.75381362023927
17031822701,Census Tract 8227.01,,0,0.0,0.0,76875.0,Q2,4783,17.206773991218903,9.78433598183882,21.4,30.3,14.0,0.4162420829749018,1078062,Chicago,No court,41.712376043723275,-87.73032689516351
17031822702,Census Tract 8227.02,,0,0.0,0.0,72104.0,Q2,3313,6.821611832176274,4.1955931180199215,21.2,29.0,15.1,0.5014710492867148,1298804,Chicago,No court,41.70569055189155,-87.73057973383547
17031822801,Census Tract 8228.01,,0,0.0,0.0,97500.0,Q3,3201,6.4667291471415185,1.8119337706966572,16.9,27.3,13.9,0.44434877690553,1150858,Chicago,No court,41.695400296102605,-87.7382048989008
17031823002,Census Tract 8230.02,,0,0.0,0.0,93125.0,Q3,4684,5.871050384286934,13.591609589041097,22.3,30.8,17.0,0.7752410435878467,2007865,Chicago,No court,41.69607391321242,-87.76948624782662
17031805109,Census Tract 8051.09,,0,0.0,0.0,101754.0,Q3,4468,1.0743061772605194,4.3351302785265045,18.5,25.1,12.6,0.993430857594707,2572974,Chicago,No court,42.05507254614992,-87.97609894987286
17031030800,Census Tract 308,Andersonville,0,0.0,0.0,96719.0,Q3,4404,4.291553133514987,8.66916588566073,13.7,25.6,12.9,0.2190797795202139,567414,Chicago,No court,41.97991232853296,-87.66418803779435
17031031100,Census Tract 311,Uptown,0,0.0,0.0,83352.0,Q3,4699,13.598638008086828,16.35969664138678,15.4,27.2,15.2,0.2123426826688,549965,Chicago,No court,41.97266845509865,-87.66386619988262
17031811702,Census Tract 8117.02,,0,0.0,0.0,71514.0,Q2,5669,1.2524254718645262,11.435652327845638,30.0,33.9,16.4,1.051134213749253,2722425,Chicago,No court,41.92644652216918,-87.90460084630865
17031812100,Census Tract 8121,,0,0.0,0.0,123393.0,Q4 (highest),4750,31.17894736842105,6.4,15.3,28.6,12.9,0.401882170882645,1040870,Chicago,No court,41.902504843413254,-87.77985471514862
17031821800,Census Tract 8218,,0,0.0,0.0,95455.0,Q3,5364,21.17822520507084,3.1506338553318423,18.4,30.0,14.4,0.829121216005634,2147414,Chicago,No court,41.719498524934195,-87.70042304174824
17031821900,Census Tract 8219,,0,0.0,0.0,101071.0,Q3,5043,14.673805274638111,5.070993914807302,18.3,29.1,14.4,0.7355381569335456,1905035,Chicago,No court,41.71223937426931,-87.69698090658115
17031822000,Census Tract 8220,,0,0.0,0.0,59265.0,Q2,4244,0.7304429783223374,8.176248821866164,23.6,31.1,16.4,0.4788971995237043,1240338,Chicago,No court,41.73124836785936,-87.73113375649937
17031822101,Census Tract 8221.01,,0,0.0,0.0,81942.0,Q3,4482,2.8112449799196786,8.433734939759036,24.5,31.4,16.2,0.7186087348667253,1861188,Chicago,No court,41.72415777799278,-87.74561758929183
17031828601,Census Tract 8286.01,,0,0.0,0.0,101382.0,Q3,4271,20.463591664715523,5.607695917409667,17.6,29.7,14.2,1.1266693127535723,2918060,Chicago,No court,41.54895886834002,-87.6608613898178
17031828602,Census Tract 8286.02,,0,0.0,0.0,105199.0,Q3,4335,45.32871972318339,9.641740803077663,20.8,32.7,14.1,0.9014895049706794,2334847,Chicago,No court,41.547803400623806,-87.64472837908134
17031828701,Census Tract 8287.01,,0,0.0,0.0,60129.0,Q2,4330,68.84526558891454,26.839426191577974,27.4,38.9,17.6,2.622456938024423,6792132,Chicago,No court,41.54313940627169,-87.62526537186699
17031828702,Census Tract 8287.02,,0,0.0,0.0,85417.0,Q3,3823,64.47815851425582,9.81029810298103,25.3,37.7,15.8,4.257511231712271,11026903,Chicago,No court,41.53783972135094,-87.59905804446068
17031822900,Census Tract 8229,,0,0.0,0.0,76419.0,Q2,1978,11.02123356926188,12.891809908998988,22.2,29.8,16.5,0.3143836959862362,814250,Chicago,No court,41.727693737429874,-87.79476972346616
17031283200,Census Tract 2832,"Little Italy, Uic",0,0.0,0.0,64223.0,Q2,1799,49.47192884936076,13.674263479710952,18.4,28.2,15.4,0.0913313111875421,236547,Chicago,No court,41.86957902503929,-87.65920235044891
17031100500,Census Tract 1005,Norwood Park,1,1.7866714311238163,1.320011518300592,117583.0,Q4 (highest),5597,0.87546900125067,0.7325352867607646,17.2,25.4,12.9,0.7575691470385191,1962095,Chicago,Has court,41.97804515780776,-87.8197312890846
17031801607,Census Tract 8016.07,,0,0.0,0.0,152500.0,Q4 (highest),5616,2.581908831908832,2.9584744252361435,16.4,22.0,10.5,2.1540335322016935,5578921,Chicago,No court,42.08941842903516,-87.85892356506056
17031804106,Census Tract 8041.06,,0,0.0,0.0,147500.0,Q4 (highest),7309,0.1915446709536188,3.7296037296037294,16.3,23.0,11.9,1.5389920725501431,3985971,Chicago,No court,42.08792054054653,-88.05009232557833
17031801606,Census Tract 8016.06,,0,0.0,0.0,168298.0,Q4 (highest),7340,0.7629427792915531,2.3841961852861036,15.0,21.8,10.2,2.4255984969814532,6282271,Chicago,No court,42.1162414015834,-87.86822088009528
17031550100,Census Tract 5501,Hegewisch,0,0.0,0.0,52174.0,Q1 (lowest),6251,18.317069268916978,12.562009921587457,32.0,35.8,17.0,2.7758761816657067,7189486,Chicago,No court,41.66506456586355,-87.5353325152806
17031320101,Census Tract 3201.01,Loop,0,0.0,0.0,129221.0,Q4 (highest),9208,9.23110338835795,3.5982171975214694,13.4,22.3,11.6,0.1798178215497523,465726,Chicago,No court,41.88493065219858,-87.6170157127858
17031829904,Census Tract 8299.04,,0,0.0,0.0,79411.0,Q3,4383,45.65366187542779,3.2626055213324205,20.9,29.7,12.1,4.309676724370924,11162011,Chicago,No court,41.546680087829664,-87.76734220682523
17031804204,Census Tract 8042.04,,0,0.0,0.0,149545.0,Q4 (highest),5202,1.5763168012302962,8.54768500197863,15.9,23.9,11.4,23.879421449056903,61847415,Chicago,No court,42.1166707353254,-88.1956836978755
17031804316,Census Tract 8043.16,,0,0.0,0.0,118048.0,Q4 (highest),4581,0.4365858982754856,6.614276358873608,21.9,26.1,13.5,1.2537027198581614,3247075,Chicago,No court,42.02625396875582,-88.2006616000211
17031804514,Census Tract 8045.14,,0,0.0,0.0,116250.0,Q4 (highest),5537,1.643489254108723,4.334477153693336,18.7,24.3,12.6,2.578116964248483,6677292,Chicago,No court,41.99422645221492,-88.23335724887475
17031330103,Census Tract 3301.03,Near South Side,2,2.2596316800361542,10.163471763861038,122957.0,Q4 (highest),8851,22.799683651564795,13.77245508982036,13.7,27.1,13.4,0.1967831511188469,509666,Chicago,Has court,41.85647960419486,-87.62341722505033
17031380600,Census Tract 3806,Grand Boulevard,2,3.819709702062643,6.174768206710263,35804.0,Q1 (lowest),5236,67.79984721161192,32.010021198689536,32.1,42.6,19.7,0.3238987979867088,838894,Chicago,Has court,41.82015101951258,-87.62293558264577
17031330102,Census Tract 3301.02,Near South Side,0,0.0,0.0,110464.0,Q4 (highest),10062,25.91930033790499,0.9441462929835024,11.7,23.0,12.7,0.1555327669471827,402828,Chicago,No court,41.86357211553256,-87.62398831496843
17031330101,Census Tract 3301.01,Museum Campus,0,0.0,0.0,181013.0,Q4 (highest),5060,4.229249011857707,5.988142292490119,13.2,23.1,11.1,0.7270076154792995,1882941,Chicago,No court,41.859305999289255,-87.61247105776127
17031460800,Census Tract 4608,South Chicago,1,2.134927412467976,3.7907773910548945,33048.0,Q1 (lowest),4684,57.79248505550811,40.02665482007997,47.0,47.6,23.2,0.2637981334276452,683234,Chicago,Has court,41.73560036387277,-87.55318417386525
17031806005,Census Tract 8060.05,,0,0.0,0.0,103636.0,Q3,2561,6.2475595470519325,8.121827411167512,23.4,23.8,14.0,0.2256971846973808,584553,Chicago,No court,42.04353470144368,-87.85068269451592
17031806006,Census Tract 8060.06,,0,0.0,0.0,64015.0,Q2,4292,0.0,12.022367194780989,26.2,23.2,13.2,0.2526212476660123,654286,Chicago,No court,42.050634237012986,-87.85022250161589
17031804203,Census Tract 8042.03,,0,0.0,0.0,235417.0,Q4 (highest),3331,1.9213449414590211,1.981386970879616,15.3,20.7,10.0,5.7482559764755665,14887914,Chicago,No court,42.08904150144468,-88.16070732180039
17031803614,Census Tract 8036.14,,0,0.0,0.0,61120.0,Q2,4063,9.229633275904504,18.75461481663795,28.7,33.4,18.0,0.2814399140073236,728926,Chicago,No court,42.136333805303344,-88.01121538891212
17031803616,Census Tract 8036.16,,0,0.0,0.0,94786.0,Q3,5066,12.613501776549546,15.395395395395395,19.4,27.7,15.0,1.1632818375992475,3012886,Chicago,No court,42.130340101143744,-88.0597516990455
17031809402,Census Tract 8094.02,,0,0.0,0.0,60000.0,Q2,2844,1.4767932489451476,38.73668188736682,19.4,24.5,16.1,0.1313318826187611,340148,Chicago,No court,42.049031214768355,-87.68202897215029
17031828508,Census Tract 8285.08,,0,0.0,0.0,29207.0,Q1 (lowest),4077,61.49129261712043,28.596101653096472,33.4,41.9,18.6,2.6447060758582666,6849757,Chicago,No court,41.52042594511256,-87.54539264855117
17031828507,Census Tract 8285.07,,0,0.0,0.0,83630.0,Q3,4436,61.27141568981064,3.719567177637511,23.7,35.1,15.5,1.7555428828241677,4546835,Chicago,No court,41.53048701393244,-87.53490030641498
17031824126,Census Tract 8241.26,,0,0.0,0.0,173056.0,Q4 (highest),5451,1.6327279398275545,8.89745000917263,16.7,27.2,13.8,1.2631050800235368,3271427,Chicago,No court,41.567490066525465,-87.83116094527372
17031824508,Census Tract 8245.08,,0,0.0,0.0,70703.0,Q2,3310,5.981873111782477,12.084592145015106,21.0,28.5,14.5,1.396954348823238,3618095,Chicago,No court,41.61631491638853,-87.7914769692189
17031814000,Census Tract 8140,,0,0.0,0.0,68438.0,Q2,4689,1.727447216890595,12.6232741617357,33.1,36.1,16.0,0.2409872169291904,624154,Chicago,No court,41.84537389487715,-87.77541922311721
17031814100,Census Tract 8141,,0,0.0,0.0,59360.0,Q2,4449,1.2362328613171498,13.50865363002922,35.1,36.2,17.3,0.5019818624642276,1300127,Chicago,No court,41.84228041373613,-87.76304269210196
17031814200,Census Tract 8142,,0,0.0,0.0,73108.0,Q2,7709,0.0129718510831495,12.056551904699568,31.9,34.4,16.0,0.9457819881790958,2449564,Chicago,No court,41.835649869657914,-87.74561551907412
17031814300,Census Tract 8143,,0,0.0,0.0,54539.0,Q1 (lowest),4920,2.90650406504065,19.59349593495935,38.5,38.2,18.1,0.3502460243059041,907133,Chicago,No court,41.83420035273942,-87.75825012330118
17031814400,Census Tract 8144,,0,0.0,0.0,71514.0,Q2,7810,2.2151088348271446,16.064887493458922,32.2,34.3,16.1,0.6428813569792602,1665055,Chicago,No court,41.82768612806811,-87.76354759877124
17031823101,Census Tract 8231.01,,0,0.0,0.0,55637.0,Q1 (lowest),4037,1.6101065147386673,16.2744612335893,26.3,32.8,18.5,0.630839602345648,1633867,Chicago,No court,41.690850266892134,-87.7928455947934
17031823302,Census Tract 8233.02,,0,0.0,0.0,55850.0,Q1 (lowest),5781,30.911606988410313,8.496618692561125,25.3,34.3,16.4,2.1349743705376243,5529558,Chicago,No court,41.66164171989434,-87.72311495070339
17031823303,Census Tract 8233.03,,0,0.0,0.0,69020.0,Q2,4582,19.64207769532955,20.798777826276737,25.8,34.0,17.5,0.775648381382462,2008920,Chicago,No court,41.67774494665395,-87.7279111041688
17031823500,Census Tract 8235,,0,0.0,0.0,77304.0,Q2,4228,20.245979186376537,7.7584148961566015,24.2,32.7,15.4,0.4296822996863306,1112872,Chicago,No court,41.66560382917141,-87.68317908527219
17031815800,Census Tract 8158,,0,0.0,0.0,128571.0,Q4 (highest),1784,2.6345291479820627,5.326460481099656,18.0,27.4,13.2,0.7600270734845104,1968461,Chicago,No court,41.83154773479896,-87.83699942468387
17031815900,Census Tract 8159,,0,0.0,0.0,81146.0,Q3,5109,26.463104325699742,10.751627539948707,17.9,30.6,13.9,0.2559231934665334,662838,Chicago,No court,41.88323733152531,-87.80972472432869
17031816000,Census Tract 8160,,0,0.0,0.0,91527.0,Q3,3212,21.606475716064757,10.80323785803238,15.7,27.9,14.2,0.4876072784893211,1262897,Chicago,No court,41.87637580523915,-87.81634729304068
17031816200,Census Tract 8162,,0,0.0,0.0,92943.0,Q3,4543,5.50297160466652,3.643634747833815,22.5,28.7,12.9,0.7414879914501534,1920445,Chicago,No court,41.9036197097534,-87.8408287881419
17031824507,Census Tract 8245.07,,0,0.0,0.0,84504.0,Q3,3740,7.219251336898395,6.122994652406417,21.5,29.5,15.7,1.985719238853616,5142989,Chicago,No court,41.59529302564913,-87.77483337179932
17031824602,Census Tract 8246.02,,0,0.0,0.0,79637.0,Q3,6739,9.511797002522629,1.5729336696839296,21.2,30.0,16.1,1.3925666837066426,3606731,Chicago,No court,41.61740748569133,-87.73849873557074
17031824701,Census Tract 8247.01,,0,0.0,0.0,48869.0,Q1 (lowest),3456,8.449074074074074,17.857142857142858,25.9,33.7,17.3,0.6696857282736445,1734478,Chicago,No court,41.628171594947766,-87.71864983723479
17031824702,Census Tract 8247.02,,0,0.0,0.0,61549.0,Q2,5576,12.195121951219512,14.57038391224863,25.9,33.3,17.0,0.8504410059042744,2202632,Chicago,No court,41.62199002759347,-87.7084837949644
17031825200,Census Tract 8252,,0,0.0,0.0,75170.0,Q2,1754,16.419612314709237,14.04816513761468,24.3,31.8,16.3,0.9141899499148258,2367741,Chicago,No court,41.59670635567062,-87.72723586048731
17031210100,Census Tract 2101,Avondale,3,7.078810759792355,9.292914747577193,115705.0,Q4 (highest),4238,2.2180273714016043,6.052694042250177,17.5,27.5,14.3,0.3228265922467594,836117,Chicago,Has court,41.942868114642096,-87.7013309285354
17031210400,Census Tract 2104,Avondale,0,0.0,0.0,64665.0,Q2,2763,4.705030763662686,31.221889055472264,32.0,35.6,17.9,0.162760985765185,421549,Chicago,No court,41.9357450224559,-87.73030573030141
17031230700,Census Tract 2307,Humboldt Park,0,0.0,0.0,33994.0,Q1 (lowest),6020,11.86046511627907,51.93772211880183,43.6,43.2,19.3,0.2498424703126037,647089,Chicago,No court,41.90632297290309,-87.72153968934849
17031230800,Census Tract 2308,Humboldt Park,0,0.0,0.0,71328.0,Q2,1082,1.6635859519408502,13.876040703052729,28.6,33.9,15.3,0.0789204428746388,204403,Chicago,No court,41.90583962225872,-87.7149530158603
17031230900,Census Tract 2309,Humboldt Park,0,0.0,0.0,80756.0,Q3,4850,7.958762886597938,17.718092858630023,24.3,32.4,16.0,0.1744120049977065,451725,Chicago,No court,41.90669181884312,-87.71035050011785
17031820502,Census Tract 8205.02,,0,0.0,0.0,63909.0,Q2,5737,5.94387310440997,9.18013856812933,25.4,30.7,16.0,1.407695325229306,3645914,Chicago,No court,41.753860305192546,-87.80480616998183
17031820901,Census Tract 8209.01,,0,0.0,0.0,73245.0,Q2,5155,0.0969932104752667,5.68380213385063,25.9,30.6,16.2,4.463891338492688,11561425,Chicago,No court,41.76289811965864,-87.77452187889969
17031550200,Census Tract 5502,Hegewisch,0,0.0,0.0,72232.0,Q2,2720,1.5441176470588236,7.573529411764706,25.1,31.8,14.8,1.966780541068144,5093938,Chicago,No court,41.65338259702628,-87.56403152860793
17031823200,Census Tract 8232,,0,0.0,0.0,85054.0,Q3,4562,8.833844804910127,7.088888888888889,22.3,29.7,15.2,2.8967029963073188,7502426,Chicago,No court,41.67594736972333,-87.75381894828513
17031823304,Census Tract 8233.04,,0,0.0,0.0,51040.0,Q1 (lowest),5652,18.241330502477,11.479185119574844,25.5,33.5,16.7,1.371924117022936,3553267,Chicago,No court,41.681429740299514,-87.70274947975327
17031822602,Census Tract 8226.02,,0,0.0,0.0,73194.0,Q2,7729,13.856902574718594,21.05058869193945,23.4,30.9,15.8,0.9566245094571868,2477646,Chicago,No court,41.699141943618855,-87.75321602922683
17031670500,Census Tract 6705,Englewood,1,8.496176720475786,4.160663395952411,29856.0,Q1 (lowest),1177,57.34919286321155,51.57179269328802,42.9,46.5,21.0,0.2403462873187057,622494,Chicago,Has court,41.78657828083678,-87.67640438563643
17031820104,Census Tract 8201.04,,0,0.0,0.0,85703.0,Q3,4727,6.156124391791834,7.737969048123808,19.6,28.3,14.0,1.2655108826759045,3277658,Chicago,No court,41.78215344816833,-87.87710183238057
17031820700,Census Tract 8207,,0,0.0,0.0,67307.0,Q2,6957,0.1868621532269656,11.601330825980035,25.6,32.4,15.1,1.9243054407974092,4983928,Chicago,No court,41.81829916339186,-87.77301151048177
17031580800,Census Tract 5808,Brighton Park,0,0.0,0.0,67679.0,Q2,1988,0.0,8.299798792756539,31.0,32.9,15.7,0.0707702120627585,183294,Chicago,No court,41.81021971389726,-87.68664360022214
17031811800,Census Tract 8118,,0,0.0,0.0,96343.0,Q3,5513,4.008706693270452,4.941804999045984,27.2,29.9,14.3,1.426773792002125,3695327,Chicago,No court,41.91411210600554,-87.9064379798324
17031770300,Census Tract 7703,,0,0.0,0.0,80568.0,Q3,6855,4.945295404814004,7.240017551557701,19.3,27.6,14.5,5.551964333425483,14379521,Chicago,No court,42.01829557709584,-87.98935218363691
17031804603,Census Tract 8046.03,,0,0.0,0.0,94792.0,Q3,6433,12.637960516088915,6.2529310614350475,19.7,25.3,14.3,4.5749706176244835,11849119,Chicago,No court,42.05370568740885,-88.05396643130535
17031220602,Census Tract 2206.02,Logan Square,0,0.0,0.0,71207.0,Q2,4414,7.227004984141368,13.492063492063492,15.7,26.9,15.4,0.1751513906628138,453640,Chicago,No court,41.92939604864104,-87.7120859988095
17031230600,Census Tract 2306,Humboldt Park,1,1.2029351617947792,2.56209701192815,57220.0,Q2,8313,29.9771442319259,15.252182347235694,40.6,41.3,19.1,0.3903052832677217,1010886,Chicago,Has court,41.9061549343082,-87.73399855925337
17031242300,Census Tract 2423,Ukrainian Village,0,0.0,0.0,106919.0,Q4 (highest),3186,1.820464532328939,7.699711260827718,13.0,25.9,15.5,0.1267635216842703,328316,Chicago,No court,41.899506545420515,-87.67960033612401
17031242200,Census Tract 2422,East Village,1,2.4570024570024573,7.920791715853278,168311.0,Q4 (highest),4070,2.9975429975429972,4.766584766584766,10.8,24.0,14.7,0.1262500057915326,326986,Chicago,Has court,41.89958936752496,-87.67471876526042
17031032100,Census Tract 321,Uptown,0,0.0,0.0,71804.0,Q2,7122,17.031732659365346,14.661492022423458,17.3,28.3,16.0,0.1664208482819225,431028,Chicago,No court,41.95815388295838,-87.65301789121118
17031807700,Census Tract 8077,,0,0.0,0.0,67500.0,Q2,6298,10.273102572245158,24.622716441620337,26.8,28.1,14.2,0.6552520706659645,1697095,Chicago,No court,42.02076391926387,-87.75421961053414
17031807900,Census Tract 8079,,0,0.0,0.0,110346.0,Q4 (highest),4295,5.774155995343422,4.292045719617448,18.9,22.8,11.3,0.7775055328441676,2013730,Chicago,No court,42.0041887956183,-87.74877964190755
17031030601,Census Tract 306.01,Edgewater,0,0.0,0.0,51136.0,Q1 (lowest),3768,26.2208067940552,17.502100252030246,21.9,29.8,14.6,0.0578265227483679,149770,Chicago,No court,41.98890765612937,-87.6549358843052
17031081202,Census Tract 812.02,,0,0.0,0.0,158100.0,Q4 (highest),3526,3.3465683494044245,6.267725467952354,12.1,22.0,9.6,0.0788887824962895,204321,Chicago,No court,41.90614082818039,-87.6218049188613
17031063303,Census Tract 633.03,Lake View,0,0.0,0.0,104813.0,Q3,1281,1.639344262295082,10.094637223974765,16.2,21.6,9.6,0.0913482996832417,236591,Chicago,No court,41.93473115457627,-87.63466130938232
17031220901,Census Tract 2209.01,Logan Square,2,6.997900629811057,17.66173863233409,83681.0,Q3,2858,14.940517844646608,15.44943820224719,26.8,33.4,16.3,0.1132391346986935,293288,Chicago,Has court,41.91918162886307,-87.72124829472126
17031210602,Census Tract 2106.02,Avondale,0,0.0,0.0,93589.0,Q3,4233,4.5594141270966215,11.693834160170091,22.3,30.2,16.0,0.1472543502132056,381387,Chicago,No court,41.93416298466337,-87.71257199315879
17031220601,Census Tract 2206.01,Logan Square,0,0.0,0.0,130500.0,Q4 (highest),1684,5.403800475059382,2.019002375296912,12.8,24.8,13.5,0.0730200294364298,189121,Chicago,No court,41.925825208963694,-87.71288365533428
17031040401,Census Tract 404.01,Lincoln Square,0,0.0,0.0,103750.0,Q3,3364,2.5564803804994054,5.666567253206084,14.9,26.4,14.1,0.1489566747027399,385796,Chicago,No court,41.97206673735019,-87.68608162783082
17031252202,Census Tract 2522.02,Austin,1,2.052545155993432,4.063070440476527,45839.0,Q1 (lowest),4872,97.14696223316912,29.884583676834296,35.3,44.9,20.2,0.2461192870391677,637446,Chicago,Has court,41.8767584443406,-87.7445832414308
17031252102,Census Tract 2521.02,Austin,0,0.0,0.0,51992.0,Q1 (lowest),6123,85.18699983668137,16.15221296749959,36.6,45.4,20.6,0.2589822809989853,670761,Chicago,No court,41.87659901043624,-87.75982756991897
17031804508,Census Tract 8045.08,,0,0.0,0.0,56319.0,Q1 (lowest),2392,10.702341137123746,23.160535117056856,28.3,33.3,16.9,0.3614070798783623,936040,Chicago,No court,42.007319273328534,-88.18009983623374
17031770901,Census Tract 7709.01,,0,0.0,0.0,95313.0,Q3,4574,0.2842151289899431,5.457746478873239,20.7,26.5,14.2,0.4784068497614661,1239068,Chicago,No court,41.97055591951992,-87.81686040738944
17031832400,Census Tract 8324,Logan Square,0,0.0,0.0,128000.0,Q4 (highest),3640,6.071428571428571,4.8591938155715075,12.9,25.1,14.7,0.1247306937329439,323051,Chicago,No court,41.9157411008667,-87.69225648429946
17031832900,Census Tract 8329,"Little Italy, Uic",0,0.0,0.0,80951.0,Q3,2054,6.2317429406037,31.7429406037001,19.3,23.6,15.8,0.1562107623664665,404584,Chicago,No court,41.87417505967809,-87.66193484552119
17031840300,Census Tract 8403,Mckinley Park,1,2.690341673392521,3.1165286282758298,74722.0,Q2,3717,3.5781544256120528,14.608555286521389,31.9,29.8,14.8,0.3208698264239062,831049,Chicago,Has court,41.832097139451776,-87.68188109222346
17031823805,Census Tract 8238.05,,0,0.0,0.0,70938.0,Q2,3004,2.1637816245006656,3.016949152542373,18.9,27.5,14.8,0.5591937105500103,1448305,Chicago,No court,41.68736180525157,-87.82435477220929
17031825600,Census Tract 8256,,0,0.0,0.0,56563.0,Q2,5340,70.37453183520599,21.179775280898877,30.5,39.5,17.7,2.413063689870378,6249806,Chicago,No court,41.59300460929691,-87.69791516420209
17031190701,Census Tract 1907.01,Belmont Cragin,0,0.0,0.0,67868.0,Q2,2661,2.029312288613303,6.614054866591506,27.6,32.9,15.0,0.1072854391603358,277868,Chicago,No court,41.929795910307014,-87.76142166252468
17031600700,Census Tract 6007,Bridgeport,0,0.0,0.0,68237.0,Q2,3091,1.552895503073439,16.721097322011758,29.1,26.3,15.2,0.1726845838667978,447251,Chicago,No court,41.84083140580563,-87.66074501263894
17031600900,Census Tract 6009,Bridgeport,2,5.246589716684156,13.54876138114307,62049.0,Q2,3812,6.9517313746065055,16.583573865127264,28.9,29.3,16.8,0.147614969644647,382321,Chicago,Has court,41.83651292219009,-87.65314280651633
17031821200,Census Tract 8212,,0,0.0,0.0,38163.0,Q1 (lowest),5241,47.49093684411372,22.62773722627737,31.0,38.8,17.5,1.136318392208767,2943051,Chicago,No court,41.668391743469265,-87.67229757311878
17031801702,Census Tract 8017.02,,0,0.0,0.0,173750.0,Q4 (highest),4841,3.098533360875852,2.2350993377483444,13.4,23.7,11.5,1.2874183200848808,3334398,Chicago,No court,42.12446462672003,-87.82690462440522
17031838600,Census Tract 8386,North Lawndale,0,0.0,0.0,14701.0,Q1 (lowest),1620,79.69135802469137,35.955831608005525,37.0,44.5,21.9,0.0950780466936526,246251,Chicago,No court,41.86782326682578,-87.70082362410216
17031839600,Census Tract 8396,Douglas,1,4.796163069544365,7.919169064341253,68880.0,Q2,2085,86.42685851318946,21.778846153846153,30.8,40.3,16.2,0.126275874637257,327053,Chicago,Has court,41.827442891998,-87.6192486271976
17031834900,Census Tract 8349,Englewood,3,26.737967914438503,11.896249525372658,20086.0,Q1 (lowest),1122,95.18716577540108,36.096256684491976,40.1,45.5,21.3,0.2521803189821729,653144,Chicago,Has court,41.7722988906087,-87.65673611591552
17031030603,Census Tract 306.03,Edgewater,0,0.0,0.0,54415.0,Q1 (lowest),2163,26.16736014794267,12.944983818770226,17.3,28.4,15.9,0.0447878522989295,116000,Chicago,No court,41.98547624568191,-87.65839788835892
17031040100,Census Tract 401,Lincoln Square,0,0.0,0.0,94318.0,Q3,3899,12.259553731726085,5.172413793103448,15.2,26.9,13.4,0.761589628986698,1972508,Chicago,No court,41.983330657423735,-87.68199336836305
17031040300,Census Tract 403,Lincoln Square,1,3.327787021630616,3.4415518148622573,79896.0,Q3,3005,3.2945091514143092,14.57044673539519,22.9,27.6,13.6,0.2905665972197555,752564,Chicago,Has court,41.97680136808408,-87.7019748520212
17031816300,Census Tract 8163,,0,0.0,0.0,64177.0,Q2,4679,2.6501389185723445,21.474496356622375,32.9,35.3,16.8,0.356820958243822,924162,Chicago,No court,41.90425009134617,-87.85770953159346
17031816401,Census Tract 8164.01,,0,0.0,0.0,71250.0,Q2,3842,0.8589276418532015,4.633507853403141,33.2,34.7,17.0,0.2544969320321175,659144,Chicago,No court,41.8955766204836,-87.86033460662587
17031816402,Census Tract 8164.02,,0,0.0,0.0,57785.0,Q2,4966,4.691904953685058,8.061575855782865,39.9,39.4,18.9,0.3975539655009985,1029660,Chicago,No court,41.89438377270149,-87.85098208623529
17031816600,Census Tract 8166,,0,0.0,0.0,71280.0,Q2,4372,1.7612076852698992,11.96248856358646,37.1,37.2,17.3,0.335816613822149,869761,Chicago,No court,41.90321636306228,-87.880840599251
17031061000,Census Tract 610,Lake View,1,4.5024763619991,14.98696879918526,116500.0,Q4 (highest),2221,1.6208914903196758,12.246735704637551,11.8,23.8,16.0,0.0667246334732052,172816,Chicago,Has court,41.949220564806005,-87.65197028062649
17031210700,Census Tract 2107,Avondale,0,0.0,0.0,100151.0,Q3,3670,1.2534059945504086,6.185286103542234,16.9,27.2,14.5,0.1920101560316109,497304,Chicago,No court,41.93570290885092,-87.70384008428003
17031817500,Census Tract 8175,,0,0.0,0.0,61371.0,Q2,4105,51.32764920828258,20.064484126984127,33.6,39.3,17.5,0.7290045359283518,1888113,Chicago,No court,41.88029321719791,-87.83582361731754
17031818300,Census Tract 8183,,0,0.0,0.0,69583.0,Q2,6212,46.90920798454604,5.193296830927493,26.9,34.5,15.5,1.2251940935633678,3173238,Chicago,No court,41.877272212418475,-87.89877544378828
17031291600,Census Tract 2916,North Lawndale,0,0.0,0.0,125050.0,Q4 (highest),1482,4.790823211875844,19.958988380041013,28.0,34.4,17.0,0.0850737532374667,220340,Chicago,No court,41.85764149965414,-87.69221584334237
17031400400,Census Tract 4004,Washington Park,0,0.0,0.0,40029.0,Q1 (lowest),1962,90.62181447502547,35.12544802867383,31.3,43.6,20.7,0.126233789500183,326944,Chicago,No court,41.79112620081165,-87.61832105487284
17031816500,Census Tract 8165,,0,0.0,0.0,61396.0,Q2,3902,2.3321373654536135,12.532034853921068,29.9,33.8,16.0,1.3464093269930208,3487184,Chicago,No court,41.89816773760031,-87.88111106320936
17031805701,Census Tract 8057.01,,0,0.0,0.0,176577.0,Q4 (highest),5258,1.8448079117535183,2.8337771015595283,13.7,24.4,11.9,1.0637867820237006,2755195,Chicago,No court,42.00297054368649,-87.85102997505142
17031804803,Census Tract 8048.03,,0,0.0,0.0,92693.0,Q3,5367,4.490404322712875,13.39668343581144,19.2,26.9,14.2,2.1848614742616568,5658765,Chicago,No court,41.99956225611216,-88.0881164885416
17031191100,Census Tract 1911,Belmont Cragin,1,1.5885623510722795,3.1491781093414297,53683.0,Q1 (lowest),6295,3.7648927720413026,33.41311632359981,38.2,38.5,17.9,0.3175431700841857,822433,Chicago,Has court,41.919629342283635,-87.75097635157915
17031804105,Census Tract 8041.05,,0,0.0,0.0,149381.0,Q4 (highest),4372,2.950594693504117,1.303751143641354,15.1,24.0,12.4,4.935469971289442,12782808,Chicago,No court,42.0799943984142,-88.09637352168339
17031120100,Census Tract 1201,"Sauganash,Forest Glen",5,12.183235867446394,4.641979822528582,157543.0,Q4 (highest),4104,0.2923976608187134,2.4378231962570793,14.5,25.4,12.1,1.0771266121696317,2789745,Chicago,Has court,42.001982200550216,-87.77500735427233
17031804705,Census Tract 8047.05,,0,0.0,0.0,78160.0,Q3,4426,7.27519204699503,1.5617822691777674,23.1,27.6,14.8,0.7417933982705711,1921236,Chicago,No court,42.056276732449525,-88.1185691626211
17031803603,Census Tract 8036.03,,0,0.0,0.0,179401.0,Q4 (highest),6291,0.8742648227626768,1.5052041633306643,13.8,22.3,10.9,3.9044207926832097,10112403,Chicago,No court,42.12036155119112,-88.09537114932188
17031820101,Census Tract 8201.01,,0,0.0,0.0,139018.0,Q4 (highest),7754,2.1924168171266443,3.728813559322034,16.5,24.9,11.5,2.692470003722025,6973465,Chicago,No court,41.7762935659942,-87.90323198982664
17031828300,Census Tract 8283,,0,0.0,0.0,55069.0,Q1 (lowest),2949,54.83214649033571,12.071888775856223,22.1,32.3,14.6,4.511224376329157,11684017,Chicago,No court,41.569974305682855,-87.61207581753543
17031824900,Census Tract 8249,,0,0.0,0.0,70000.0,Q2,2963,49.983125210934865,15.909090909090908,30.3,38.7,17.6,2.1437871526817887,5552383,Chicago,No court,41.609502103339345,-87.69771246742329
17031827801,Census Tract 8278.01,,0,0.0,0.0,86956.0,Q3,4845,65.34571723426212,18.79077859939104,27.2,37.2,16.1,1.0971741954016776,2841668,Chicago,No court,41.60122646448986,-87.60816143820833
17031801500,Census Tract 8015,,0,0.0,0.0,139797.0,Q4 (highest),6110,3.1751227495908347,4.721402534282243,16.0,24.0,11.1,3.908499962161987,10122968,Chicago,No court,42.140417130345526,-87.81388522856933
17031806002,Census Tract 8060.02,,0,0.0,0.0,69354.0,Q2,7545,3.92312789927104,10.64770059384063,22.9,25.1,13.7,0.8942751858309769,2316162,Chicago,No court,42.04842072316925,-87.86656083998308
17031811701,Census Tract 8117.01,,0,0.0,0.0,74899.0,Q2,3135,0.0,23.183279742765272,30.9,34.1,16.4,2.7954507897333887,7240184,Chicago,No court,41.94212913555823,-87.90299396926254
17031823803,Census Tract 8238.03,,0,0.0,0.0,93951.0,Q3,7458,2.882810404934298,11.75827180749248,23.4,29.6,15.7,2.070258240578721,5361944,Chicago,No court,41.69702158194798,-87.82678085595767
17031820800,Census Tract 8208,,0,0.0,0.0,85036.0,Q3,3422,0.6136762127410871,4.354178842781999,28.7,33.3,16.5,2.174673396170175,5632378,Chicago,No court,41.806526574188176,-87.77580549696746
17031300800,Census Tract 3008,Little Village,0,0.0,0.0,31161.0,Q1 (lowest),4177,0.0,45.726598036868566,46.5,42.4,19.1,0.1258098493120431,325846,Chicago,No court,41.84811086323606,-87.70758180472795
17031060900,Census Tract 609,Lake View,2,2.7620494406849883,10.379340608256223,86987.0,Q3,7241,3.5768540256870596,7.802789669935092,12.0,24.1,13.0,0.1926904680639447,499066,Chicago,Has court,41.9506903738558,-87.64047124084989
17031770601,Census Tract 7706.01,,0,0.0,0.0,84314.0,Q3,3557,1.0683159966263704,5.674615152429822,22.3,25.9,13.6,1.0687091986526578,2767944,Chicago,No court,42.02914522779261,-87.90874246490115
17031806103,Census Tract 8061.03,,0,0.0,0.0,110101.0,Q4 (highest),5282,2.290798939795532,2.5976488433826317,19.5,25.4,13.4,1.0466002159083363,2710682,Chicago,No court,42.05883351265514,-87.91181353994209
17031802610,Census Tract 8026.10,,0,0.0,0.0,136786.0,Q4 (highest),2021,1.3359722909450766,2.127659574468085,18.0,24.0,12.3,0.4946741065981773,1281200,Chicago,No court,42.097699959078184,-87.89548910166121
17031802609,Census Tract 8026.09,,0,0.0,0.0,69446.0,Q2,6769,0.5613827744127641,7.412398921832884,23.5,28.1,15.3,0.3760762598127867,974033,Chicago,No court,42.105360214250595,-87.89967100762738
17031804610,Census Tract 8046.10,,0,0.0,0.0,72346.0,Q2,2681,0.484893696381947,8.616187989556137,20.5,25.4,13.7,0.6321461721058167,1637251,Chicago,No court,42.0222277793261,-88.05260102050418
17031770201,Census Tract 7702.01,,0,0.0,0.0,90717.0,Q3,6125,4.587755102040816,3.4159960584660864,20.0,26.1,13.6,1.0857000109653017,2811950,Chicago,No court,41.997968204408515,-88.01736737999579
17031803100,Census Tract 8031,,0,0.0,0.0,150208.0,Q4 (highest),3551,0.5913827090960293,2.3943661971830985,14.3,25.1,12.8,0.6710965456210608,1738132,Chicago,No court,42.10039313611254,-87.9864133347628
17031310600,Census Tract 3106,Lower West Side,3,5.841121495327103,14.301661540500394,75604.0,Q2,5136,4.439252336448598,11.351246105919005,23.9,30.8,15.6,0.2097658367529116,543291,Chicago,Has court,41.85633306430807,-87.65956370300141
17031310700,Census Tract 3107,Lower West Side,0,0.0,0.0,72684.0,Q2,1448,3.867403314917127,17.196132596685082,27.2,33.4,16.1,0.0617902476768232,160036,Chicago,No court,41.85599034050741,-87.66490611817082
17031310800,Census Tract 3108,Lower West Side,0,0.0,0.0,72059.0,Q2,4294,0.5822077317186772,19.981369352585,26.0,31.3,16.1,0.1284878539977791,332782,Chicago,No court,41.855933721307615,-87.66857374611118
17031020602,Census Tract 206.02,West Ridge,0,0.0,0.0,87804.0,Q3,5175,8.85024154589372,14.59783449342614,21.5,25.8,13.4,0.1899726948541846,492027,Chicago,No court,42.001315618722785,-87.69363728155903
17031310900,Census Tract 3109,Lower West Side,3,5.9171597633136095,16.02358385508179,76758.0,Q2,5070,5.996055226824457,25.877712031558183,30.1,34.5,16.7,0.1872240334704253,484908,Chicago,Has court,41.85577165360454,-87.67467409535566
17031510100,Census Tract 5101,South Deering,0,0.0,0.0,71276.0,Q2,3659,10.713309647444657,18.68464501926252,31.9,35.1,15.5,0.8292107917102318,2147646,Chicago,No court,41.713102870536055,-87.54989037857099
17031510200,Census Tract 5102,South Deering,1,3.1867431485022304,2.026680313565675,48917.0,Q1 (lowest),3138,67.49521988527725,20.395156150414277,34.2,41.8,17.5,0.4934177301207573,1277946,Chicago,Has court,41.714265432947386,-87.56004956750648
17031561100,Census Tract 5611,Garfield Ridge,2,3.466204506065858,3.918308190739285,107857.0,Q4 (highest),5770,2.045060658578856,1.4038128249566724,21.4,29.0,13.9,0.5104243726225759,1321993,Chicago,Has court,41.78886975988777,-87.77190984680213
17031240200,Census Tract 2402,Wicker Park,0,0.0,0.0,172019.0,Q4 (highest),1914,3.761755485893417,7.0669500531349625,14.1,25.1,14.3,0.0641269380398673,166088,Chicago,No court,41.9124416730476,-87.67018161625874
17031824105,Census Tract 8241.05,,0,0.0,0.0,107027.0,Q4 (highest),7101,1.4504999295873822,3.055907618645261,16.9,26.4,13.6,1.7022268056840415,4408747,Chicago,No court,41.637823178603895,-87.83749222446386
17031611800,Census Tract 6118,New City,0,0.0,0.0,50250.0,Q1 (lowest),1396,29.36962750716333,7.593123209169055,33.8,39.0,18.7,0.12656776788155,327809,Chicago,No court,41.79764778873271,-87.6671137779296
17031815600,Census Tract 8156,,0,0.0,0.0,82063.0,Q3,5519,1.1777495923174488,3.6230558096980783,23.3,30.7,14.5,1.2594000435523254,3261831,Chicago,No court,41.84496814201844,-87.8240394454107
17031818000,Census Tract 8180,,0,0.0,0.0,53384.0,Q1 (lowest),4186,37.93597706641184,12.359281437125748,26.3,34.9,15.5,1.358746835892676,3519138,Chicago,No court,41.854359841184625,-87.85843998612519
17031812000,Census Tract 8120,,0,0.0,0.0,138945.0,Q4 (highest),5579,2.437712851765549,0.9527233507100488,14.4,25.2,11.8,1.10041204824115,2850054,Chicago,No court,41.887672927838175,-87.82005952555964
17031829402,Census Tract 8294.02,,0,0.0,0.0,59461.0,Q2,3030,68.01980198019803,16.402640264026402,27.9,38.2,17.0,2.096957205979333,5431094,Chicago,No court,41.48186197118097,-87.66192164366858
17031050100,Census Tract 501,North Center,0,0.0,0.0,114063.0,Q4 (highest),2277,2.3276240667545016,3.60122968818621,12.7,25.9,14.5,0.129202915225862,334634,Chicago,No court,41.957845127543536,-87.67637298529931
17031610800,Census Tract 6108,New City,0,0.0,0.0,125250.0,Q4 (highest),1572,0.0,10.031948881789138,22.0,29.1,16.4,0.1283778148779067,332497,Chicago,No court,41.812712007011505,-87.6384045714684
17031611300,Census Tract 6113,New City,0,0.0,0.0,48351.0,Q1 (lowest),3567,10.204653770675638,20.82982898794505,38.2,38.3,17.5,0.1262666081850572,327029,Chicago,No court,41.80493627476779,-87.66730385787689
17031611400,Census Tract 6114,New City,1,2.538715410002539,7.92969178155588,32056.0,Q1 (lowest),3939,0.0253871541000253,49.581111957349584,49.9,45.6,20.6,0.126108306293311,326619,Chicago,Has court,41.80489295100371,-87.67216606768893
17031611500,Census Tract 6115,New City,0,0.0,0.0,42353.0,Q1 (lowest),3565,7.601683029453016,21.525724423418097,43.7,40.3,18.1,0.1959205988599175,507432,Chicago,No court,41.80538195202902,-87.67873106836133
17031611900,Census Tract 6119,New City,3,17.554125219426567,12.688120630783777,39375.0,Q1 (lowest),1709,53.01345816266823,28.788765359859568,41.8,45.6,21.7,0.236441636023024,612381,Chicago,Has court,41.797743083280515,-87.65982263907897
17031681200,Census Tract 6812,Englewood,0,0.0,0.0,23250.0,Q1 (lowest),2009,87.4066699850672,45.57721139430285,42.2,48.8,23.1,0.3068481398369413,794733,Chicago,No court,41.76918931180492,-87.638497580659
17031810302,Census Tract 8103.02,,0,0.0,0.0,121629.0,Q4 (highest),3233,16.20785648004949,4.209844559585492,16.4,27.7,12.5,0.3018651051665104,781827,Chicago,No court,42.02941300666556,-87.69471726492684
17031810400,Census Tract 8104,,0,0.0,0.0,148750.0,Q4 (highest),5692,0.8784258608573436,3.3907238229093464,16.4,26.0,13.1,0.8954670832451733,2319249,Chicago,No court,41.98757413486942,-87.82943868549637
17031672000,Census Tract 6720,Englewood,1,3.2679738562091503,2.6027623576513528,45192.0,Q1 (lowest),3060,77.97385620915033,21.016393442622952,37.0,42.9,19.5,0.3842071855159174,995092,Chicago,Has court,41.7611983245043,-87.67112812678796
17031710900,Census Tract 7109,Auburn Gresham,1,4.743833017077799,2.6136467302017867,48867.0,Q1 (lowest),2108,96.20493358633776,35.199240986717264,31.3,43.3,19.2,0.3826071781027557,990948,Chicago,Has court,41.74214629911677,-87.6396894817038
17031711000,Census Tract 7110,Auburn Gresham,1,2.8960324355632783,3.958059655417982,55197.0,Q1 (lowest),3453,90.87749782797567,20.677671589921808,36.0,44.0,19.4,0.2526490470226117,654358,Chicago,Has court,41.739643657245445,-87.64858106720008
17031819802,Census Tract 8198.02,,0,0.0,0.0,196125.0,Q4 (highest),2396,0.0,1.5442404006677797,12.4,23.8,11.4,0.670419322406127,1736378,Chicago,No court,41.79720188606728,-87.89490533950747
17031819900,Census Tract 8199,,0,0.0,0.0,235402.0,Q4 (highest),3188,0.0941028858218318,1.5056461731493098,12.3,24.0,11.4,0.8072284504793072,2090712,Chicago,No court,41.80418104674053,-87.90715786658184
17031820000,Census Tract 8200,,0,0.0,0.0,250001.0,Q4 (highest),2143,0.0,2.006532897806813,13.4,23.1,11.8,0.6684834061007232,1731364,Chicago,No court,41.80141152382275,-87.9139505276346
17031827400,Census Tract 8274,,0,0.0,0.0,34492.0,Q1 (lowest),2935,64.12265758091993,20.44952100221076,37.9,43.4,18.5,1.099786562717665,2848434,Chicago,No court,41.60537429067444,-87.66595225144412
17031827600,Census Tract 8276,,0,0.0,0.0,45064.0,Q1 (lowest),2807,83.2205201282508,21.44157262468147,37.1,45.2,19.4,0.874978957431463,2266185,Chicago,No court,41.59204564188609,-87.66414100353795
17031282700,Census Tract 2827,"Little Italy, Uic",0,0.0,0.0,88646.0,Q3,2221,38.63124718595227,13.300045392646393,18.4,29.5,15.8,0.1696135271669212,439297,Chicago,No court,41.871366868861806,-87.68868122492769
17031282800,Census Tract 2828,"Little Italy, Uic",0,0.0,0.0,85000.0,Q3,1669,10.60515278609946,13.84062312762133,21.9,28.6,16.6,0.0634767419771829,164404,Chicago,No court,41.87026839530552,-87.68491363569868
17031400300,Census Tract 4003,Washington Park,7,54.221533694810226,13.084986406130124,71288.0,Q2,1291,90.3950426026336,16.653696498054472,26.3,40.8,18.6,0.5349642546606393,1385551,Chicago,Has court,41.79310422490885,-87.6131830257534
17031400500,Census Tract 4005,Washington Park,1,3.4542314335060453,7.941118936437027,24659.0,Q1 (lowest),2895,97.34024179620036,43.52331606217616,35.3,46.5,21.7,0.1259268382710653,326149,Chicago,Has court,41.79104146933947,-87.62317914622955
17031400800,Census Tract 4008,Washington Park,0,0.0,0.0,22648.0,Q1 (lowest),3384,97.01536643026006,71.45390070921985,46.2,52.8,25.6,0.1904707666599227,493317,Chicago,No court,41.782863300673334,-87.62055800627418
17031410100,Census Tract 4101,,0,0.0,0.0,58667.0,Q2,2192,50.09124087591241,15.00912408759124,17.4,30.1,14.8,0.0852903565576365,220901,Chicago,No court,41.80150187741049,-87.5793432974531
17031410500,Census Tract 4105,Hyde Park,0,0.0,0.0,73041.0,Q2,3267,52.372206917661465,29.12922218779051,20.8,31.3,17.1,0.1015491191464979,263011,Chicago,No court,41.797830877089815,-87.60374228499694
17031410600,Census Tract 4106,Hyde Park,0,0.0,0.0,48071.0,Q1 (lowest),2378,24.85281749369218,34.284377923292794,21.0,28.6,17.1,0.0973923431305473,252245,Chicago,No court,41.79796875621742,-87.59894215267491
17031460100,Census Tract 4601,South Chicago,0,0.0,0.0,48207.0,Q1 (lowest),2405,71.22661122661123,21.76188399476668,31.6,42.1,18.1,1.1444280822922732,2964055,Chicago,No court,41.746146989963336,-87.53572874177263
17031805105,Census Tract 8051.05,,0,0.0,0.0,82800.0,Q3,7236,4.906025428413488,7.476506357103372,23.4,28.4,15.2,1.1319064026551475,2931624,Chicago,No court,42.05967732337467,-88.01515924960027
17031020901,Census Tract 209.01,West Ridge,1,1.5857913098636218,5.335538974335733,52378.0,Q1 (lowest),6306,24.78591817316841,25.59467174119886,30.4,32.1,17.0,0.1874224899883706,485422,Chicago,Has court,41.9942267725442,-87.68607836963903
17031691300,Census Tract 6913,Grand Crossing,1,4.056795131845842,4.000308905593817,55203.0,Q1 (lowest),2465,95.57809330628804,24.746450304259636,30.5,42.6,16.7,0.2499806948912504,647447,Chicago,Has court,41.75468109473708,-87.61984715195781
17031010202,Census Tract 102.02,Rogers Park,0,0.0,0.0,55119.0,Q1 (lowest),2609,36.37408968953622,22.9020979020979,23.8,33.9,15.5,0.1356195472720336,351253,Chicago,No court,42.016047611755155,-87.67332566371044
17031570100,Census Tract 5701,Archer Heights,0,0.0,0.0,73462.0,Q2,1358,0.0,23.5640648011782,33.5,34.1,16.0,0.5883208725291391,1523744,Chicago,No court,41.81620063958159,-87.71891318671622
17031570200,Census Tract 5702,Archer Heights,0,0.0,0.0,,,2082,0.0,5.187319884726225,27.7,30.1,14.3,0.6810406071379481,1763887,Chicago,No court,41.81438005827141,-87.73071820767962
17031570300,Census Tract 5703,Archer Heights,1,1.649892756970797,2.6423946123466715,60139.0,Q2,6061,0.0164989275697079,8.085671592229787,30.0,32.9,15.6,0.3784446105541801,980167,Chicago,Has court,41.8041448520412,-87.73079090816522
17031570400,Census Tract 5704,Archer Heights,2,11.210762331838565,11.178437169554805,72263.0,Q2,1784,0.5605381165919282,10.039259674705551,32.3,32.8,16.4,0.1789158868689739,463390,Chicago,Has court,41.80499209937769,-87.71913039075491
17031570500,Census Tract 5705,Archer Heights,0,0.0,0.0,74899.0,Q2,2736,5.1535087719298245,5.971810089020772,29.1,31.5,15.7,0.1635521091217411,423598,Chicago,No court,41.798601489025415,-87.73245521544627
17031690400,Census Tract 6904,Grand Crossing,0,0.0,0.0,46313.0,Q1 (lowest),3217,96.92259869443582,15.95744680851064,30.3,41.4,18.8,0.251381473582117,651075,Chicago,No court,41.76925900891923,-87.62020386941192
17031691400,Census Tract 6914,Grand Crossing,0,0.0,0.0,35495.0,Q1 (lowest),2793,92.69602577873256,28.15186246418338,37.1,47.1,20.3,0.2535471206816402,656684,Chicago,No court,41.75484549030819,-87.61016852133871
17031691500,Census Tract 6915,Grand Crossing,1,5.574136008918617,3.839738362870299,24101.0,Q1 (lowest),1794,95.20624303232998,45.20624303232999,40.2,48.9,21.3,0.2604344112791256,674522,Chicago,Has court,41.75505281750009,-87.6002665897047
17031150501,Census Tract 1505.01,Portage Park,0,0.0,0.0,126806.0,Q4 (highest),3914,0.2810424118548799,4.701073071027082,17.9,26.3,12.8,0.2698051110661517,698792,Chicago,No court,41.964476262608265,-87.78196386850112
17031150401,Census Tract 1504.01,Portage Park,0,0.0,0.0,93616.0,Q3,4974,1.1258544431041415,11.43948532368315,22.7,29.3,15.0,0.2849518993910396,738022,Chicago,No court,41.96456765642533,-87.77226481413318
17031150502,Census Tract 1505.02,Portage Park,0,0.0,0.0,69869.0,Q2,3943,0.1268069997463859,6.492518387014963,22.3,29.2,14.9,0.2643189852617078,684583,Chicago,No court,41.95677846361506,-87.78184136033425
17031110502,Census Tract 1105.02,Jefferson Park,0,0.0,0.0,80762.0,Q3,3443,0.9875108916642464,6.82544292767935,19.7,27.2,14.2,0.2507073391845831,649329,Chicago,No court,41.970286504129085,-87.75985231944274
17031150402,Census Tract 1504.02,Portage Park,0,0.0,0.0,102094.0,Q3,3907,3.5321218326081394,9.572562068082927,23.5,30.6,15.2,0.2557957797487865,662508,Chicago,No court,41.95679796554898,-87.77204361339044
17031140302,Census Tract 1403.02,Albany Park,1,2.942907592701589,6.2451485339506165,75806.0,Q2,3398,6.2978222483814,11.342216444588884,26.1,28.0,14.6,0.160124294012173,414720,Chicago,Has court,41.9724937891552,-87.72375609513992
17031140301,Census Tract 1403.01,Albany Park,0,0.0,0.0,71648.0,Q2,2960,3.952702702702702,25.17838939857289,37.0,32.3,18.2,0.0633705638790604,164129,Chicago,No court,41.96920551707815,-87.7231695039366
17031700302,Census Tract 7003.02,Ashburn,0,0.0,0.0,86000.0,Q3,5626,14.57518663348738,17.063633131887666,28.6,33.8,15.9,0.5095193491243974,1319649,Chicago,No court,41.73836512143637,-87.7313064229641
17031580501,Census Tract 5805.01,Brighton Park,1,2.1877050973528767,5.26295169644617,52757.0,Q1 (lowest),4571,1.2688689564646685,9.56618464961068,31.0,32.1,15.4,0.1900074440499338,492117,Chicago,Has court,41.81998598473183,-87.6994961597908
17031580502,Census Tract 5805.02,Brighton Park,0,0.0,0.0,59803.0,Q2,5113,0.3520438098963426,28.456874633287697,36.1,35.4,16.6,0.1908950929502376,494416,Chicago,No court,41.8145617095003,-87.69931021606457
17031730201,Census Tract 7302.01,Washington Heights,3,5.644402634054563,7.779049930318613,61432.0,Q2,5315,93.84760112888053,12.535721089731378,28.3,40.1,17.0,0.3856512076503829,998832,Chicago,Has court,41.72686262076465,-87.65790155546897
17031301802,Census Tract 3018.02,Little Village,0,0.0,0.0,25513.0,Q1 (lowest),2491,0.0401445202729827,26.0537936571658,39.1,38.7,17.1,0.1332094974957413,345011,Chicago,No court,41.84518462855274,-87.72775914978695
17031440101,Census Tract 4401.01,Chatham,0,0.0,0.0,28326.0,Q1 (lowest),3987,95.20943064961124,36.0,39.7,48.3,23.0,0.145563608788921,377008,Chicago,No court,41.74862709756806,-87.60145118583598
17031301701,Census Tract 3017.01,Little Village,0,0.0,0.0,56460.0,Q1 (lowest),4167,0.0,14.974802015838732,35.5,35.8,16.0,0.1277121747282227,330773,Chicago,No court,41.84248052924663,-87.71962538618997
17031271500,Census Tract 2715,Garfield Park,0,0.0,0.0,50926.0,Q1 (lowest),1515,91.94719471947197,23.63036303630363,31.4,42.1,18.9,0.0628655422341725,162821,Chicago,No court,41.87178613894252,-87.71315591911576
17031292200,Census Tract 2922,North Lawndale,0,0.0,0.0,37028.0,Q1 (lowest),2488,81.39067524115757,18.086816720257236,34.9,44.4,21.2,0.1521860332943627,394160,Chicago,No court,41.85666651045234,-87.71573052464402
17031292400,Census Tract 2924,North Lawndale,0,0.0,0.0,40152.0,Q1 (lowest),1787,80.35814213766088,41.52210408505876,35.1,44.7,20.9,0.1276677729780987,330658,Chicago,No court,41.85523976940694,-87.72239916751506
17031292500,Census Tract 2925,North Lawndale,1,2.8985507246376816,2.6361227848577964,54968.0,Q1 (lowest),3450,71.47826086956522,20.63768115942029,32.2,41.7,18.4,0.3793450008262586,982499,Chicago,Has court,41.85516132967272,-87.73224282893236
17031811302,Census Tract 8113.02,,0,0.0,0.0,58426.0,Q2,3611,5.677097756854057,9.159034138218152,33.6,36.3,17.7,1.54329633959694,3997119,Chicago,No court,41.916082925983766,-87.85953778340914
17031802802,Census Tract 8028.02,,0,0.0,0.0,114955.0,Q4 (highest),6455,0.4027885360185902,1.881218905472637,16.4,26.0,13.3,1.3793785917154828,3572574,Chicago,No court,42.07166678714056,-87.94324663354163
17031800800,Census Tract 8008,,0,0.0,0.0,105688.0,Q3,2250,0.5333333333333333,9.508928571428571,16.7,24.6,11.2,1.6017047183230193,4148396,Chicago,No court,42.09458525198817,-87.7592940008704
17031808800,Census Tract 8088,,0,0.0,0.0,160789.0,Q4 (highest),3844,1.8990634755463056,5.321637426900585,12.4,22.8,12.0,0.7460169699627952,1932175,Chicago,No court,42.0654873111338,-87.68270421575193
17031810701,Census Tract 8107.01,,0,0.0,0.0,72418.0,Q2,5035,0.0,11.936444885799403,24.1,31.2,15.9,0.2431544084374136,629767,Chicago,No court,41.93091166438021,-87.81147494910174
17031810702,Census Tract 8107.02,,0,0.0,0.0,73750.0,Q2,4053,3.2075006168270415,6.277447687935934,23.1,29.6,14.8,0.2649332738221181,686174,Chicago,No court,41.92527518041622,-87.81599505474374
17031810600,Census Tract 8106,,0,0.0,0.0,80677.0,Q3,4806,1.4148980441115273,5.076987099459009,20.7,27.4,14.7,0.5925737879866625,1534759,Chicago,No court,41.96422459565132,-87.79610022422419
17031817200,Census Tract 8172,,0,0.0,0.0,47147.0,Q1 (lowest),4368,67.92582417582418,19.826007326007325,35.8,42.4,19.3,0.4212015654126583,1090907,Chicago,No court,41.883006300452806,-87.85452594429636
17031817400,Census Tract 8174,,0,0.0,0.0,98214.0,Q3,3477,16.077077940753522,11.417888984756974,28.0,34.4,15.4,0.422552150820776,1094405,Chicago,No court,41.89300040617135,-87.83825613660164
17031817600,Census Tract 8176,,0,0.0,0.0,50582.0,Q1 (lowest),3676,84.41240478781285,21.731936017650305,36.4,43.9,19.8,0.3994389163193034,1034542,Chicago,No court,41.87009970960352,-87.83844342721271
17031691200,Census Tract 6912,Grand Crossing,1,4.952947003467063,2.58206622083448,34444.0,Q1 (lowest),2019,97.82070331847449,36.30510153541357,35.3,46.1,20.0,0.3872867364636438,1003068,Chicago,Has court,41.75443890903864,-87.63218057678037
17031691100,Census Tract 6911,Grand Crossing,1,3.147623544224111,3.832800339774145,55170.0,Q1 (lowest),3177,99.71671388101984,20.537974683544306,32.3,42.5,19.4,0.2609058420347893,675743,Chicago,Has court,41.76171350998859,-87.62987205742742
17031730100,Census Tract 7301,Washington Heights,2,8.19336337566571,7.88487421436302,57200.0,Q2,2441,95.08398197460058,24.293322408848834,30.4,41.2,17.0,0.2536502099623627,656951,Chicago,Has court,41.72519523695588,-87.63842557275544
17031730300,Census Tract 7303,Washington Heights,0,0.0,0.0,45278.0,Q1 (lowest),946,98.62579281183932,15.567567567567568,33.1,44.1,18.0,0.1148155898791809,297371,Chicago,No court,41.72746940402383,-87.66456671690257
17031730400,Census Tract 7304,Washington Heights,1,2.553626149131767,2.015234935465498,88365.0,Q3,3916,96.98672114402451,13.80721043211455,29.1,39.0,15.9,0.4962200597068403,1285204,Chicago,Has court,41.71784069933061,-87.65264796146488
17031190601,Census Tract 1906.01,Belmont Cragin,0,0.0,0.0,73607.0,Q2,4062,3.225012309207287,4.27900074202325,30.6,33.0,15.9,0.2664236282175825,690034,Chicago,No court,41.927414617961375,-87.78046060766414
17031191301,Census Tract 1913.01,Belmont Cragin,0,0.0,0.0,65240.0,Q2,4999,5.061012202440488,12.622524504900982,33.4,35.5,16.5,0.2606170376078962,674995,Chicago,No court,41.92015218092197,-87.78026544916037
17031200402,Census Tract 2004.02,Hermosa,0,0.0,0.0,77091.0,Q2,4894,1.7776869636289334,9.624029423784226,31.3,33.8,15.8,0.1491145904923111,386205,Chicago,No court,41.91963483149526,-87.72967896483499
17031200401,Census Tract 2004.01,Hermosa,1,3.260515161395501,6.429720839591376,73384.0,Q2,3067,6.292794261493316,14.957264957264956,32.6,35.5,16.2,0.1555277476189079,402815,Chicago,Has court,41.91982848514917,-87.73754189740521
17031220902,Census Tract 2209.02,Logan Square,0,0.0,0.0,78304.0,Q3,3154,3.6778693722257447,15.0285351934052,26.8,33.8,16.5,0.127531092808152,330304,Chicago,No court,41.922711188935565,-87.72183572975253
17031210501,Census Tract 2105.01,Avondale,0,0.0,0.0,74886.0,Q2,2814,2.4520255863539444,28.073916133617622,25.9,33.2,17.7,0.1208793245374109,313076,Chicago,No court,41.93740129202504,-87.72233013678617
17031160601,Census Tract 1606.01,Irving Park,0,0.0,0.0,74310.0,Q2,3008,2.0279255319148937,3.4574468085106385,17.2,28.1,13.8,0.126653096462223,328030,Chicago,No court,41.959397988057965,-87.70329357642916
17031061901,Census Tract 619.01,Lake View,0,0.0,0.0,67063.0,Q2,3489,8.770421324161651,21.582115219260533,13.7,25.5,14.9,0.0618941091618957,160305,Chicago,No court,41.943230559524466,-87.64346790997867
17031840800,Census Tract 8408,Little Village,0,0.0,0.0,47572.0,Q1 (lowest),3271,0.0917150718434729,23.35677162947111,40.1,39.1,17.9,0.126903676773792,328679,Chicago,No court,41.84083300429376,-87.70737099118386
17031030703,Census Tract 307.03,Edgewater,0,0.0,0.0,68861.0,Q2,3081,16.098669263226224,19.831223628691983,20.6,29.1,14.4,0.0765602002789202,198290,Chicago,No court,41.97887487981332,-87.65787077928279
17031081403,Census Tract 814.03,Streeterville,0,0.0,0.0,117550.0,Q4 (highest),9407,10.268948655256724,10.77920697353035,12.2,23.0,13.1,0.1279114034505179,331289,Chicago,No court,41.89214244966706,-87.60985411841062
17031030702,Census Tract 307.02,Edgewater,0,0.0,0.0,60133.0,Q2,2201,5.17946388005452,15.856428895956384,18.0,25.8,11.2,0.0085552519934455,22158,Chicago,No court,41.98081482145483,-87.65452860256313
17031440102,Census Tract 4401.02,Chatham,0,0.0,0.0,36650.0,Q1 (lowest),3251,99.04644724700093,34.35865887419256,34.3,45.3,19.6,0.2422814314197594,627506,Chicago,No court,41.74093569006951,-87.60116366358919
17031440202,Census Tract 4402.02,Chatham,1,4.142502071251036,3.313284670038813,35079.0,Q1 (lowest),2414,95.44324772162386,20.28380634390651,27.8,40.0,14.8,0.3018152979859366,781698,Chicago,Has court,41.74095993202832,-87.60976203615895
17031824113,Census Tract 8241.13,,0,0.0,0.0,123026.0,Q4 (highest),6554,2.731156545620995,1.9987793713762587,16.3,25.9,13.2,2.955481647019214,7654662,Chicago,No court,41.622314588933264,-87.90169167049484
17031825304,Census Tract 8253.04,,0,0.0,0.0,94961.0,Q3,4172,0.3355704697986577,8.461909353905495,21.0,28.4,15.4,0.9019655689524432,2336080,Chicago,No court,41.573608599047326,-87.80398649975018
17031830008,Census Tract 8300.08,,0,0.0,0.0,113125.0,Q4 (highest),4100,85.8780487804878,3.707317073170731,18.7,35.0,14.0,4.568567885256611,11832536,Chicago,No court,41.48077214900256,-87.76122531050821
17031803012,Census Tract 8030.12,,0,0.0,0.0,79653.0,Q3,2198,3.4121929026387625,9.59963603275705,18.3,27.1,14.1,0.5678474185980784,1470718,Chicago,No court,42.1432823991071,-87.99523205856498
17031802607,Census Tract 8026.07,,0,0.0,0.0,132313.0,Q4 (highest),1205,0.0,2.904564315352697,16.0,25.6,13.2,0.7163230099907799,1855268,Chicago,No court,42.09887750427848,-87.9319458011393
17031830500,Census Tract 8305,Little Village,3,8.101539292465569,2.029874032278543,65795.0,Q2,3703,0.8911693221712126,10.559006211180124,34.3,35.2,15.9,1.4779242220427276,3827806,Chicago,Has court,41.830065438069425,-87.72395087510367
17031840100,Census Tract 8401,Bridgeport,0,0.0,0.0,66981.0,Q2,2810,3.345195729537367,17.259786476868328,29.2,22.4,14.3,0.1285550357762275,332956,Chicago,No court,41.841830907910456,-87.63920301190785
17031840400,Census Tract 8404,Mckinley Park,0,0.0,0.0,77768.0,Q2,3690,2.3577235772357725,9.94579945799458,29.2,26.3,13.7,0.3774291618339544,977537,Chicago,No court,41.83382653486198,-87.66752597645377
17031839200,Census Tract 8392,Douglas,4,17.167381974248926,15.917670232282292,39133.0,Q1 (lowest),2330,64.29184549356222,23.519313304721027,27.7,35.3,14.9,0.2512930561840441,650846,Chicago,Has court,41.84201087015634,-87.62203623461583
17031835500,Census Tract 8355,Fuller Park,3,18.714909544603863,8.50092449349791,20669.0,Q1 (lowest),1603,76.66874610106052,49.40736119775421,44.6,49.8,19.7,0.3529027933720156,914014,Chicago,Has court,41.81635429969574,-87.63253951148765
17031827700,Census Tract 8277,,0,0.0,0.0,56372.0,Q1 (lowest),2549,72.93056100431542,25.943396226415093,31.7,41.4,19.6,0.5283897068248965,1368523,Chicago,No court,41.58242741911264,-87.66575556544393
17031827802,Census Tract 8278.02,,0,0.0,0.0,81563.0,Q3,3258,74.12523020257828,11.381353289678827,27.5,38.1,16.5,0.7088025118263096,1835790,Chicago,No court,41.60070452558912,-87.59042630865726
17031827804,Census Tract 8278.04,,0,0.0,0.0,76010.0,Q2,2993,68.12562646174408,10.825258937520882,25.9,37.8,15.6,0.5804768207420266,1503428,Chicago,No court,41.59008911859,-87.59508717981538
17031450300,Census Tract 4503,Avalon Park,0,0.0,0.0,46207.0,Q1 (lowest),3217,93.96953683556109,14.454460677649983,30.7,40.7,16.6,0.5277132558143126,1366771,Chicago,No court,41.74194387568329,-87.57908940384544
17031460200,Census Tract 4602,South Chicago,1,4.659832246039143,4.314618795832625,29246.0,Q1 (lowest),2146,38.95619757688723,36.22377622377622,39.0,42.3,19.3,0.2317701858078107,600282,Chicago,Has court,41.74138721191276,-87.54701006752622
17031805106,Census Tract 8051.06,,0,0.0,0.0,82717.0,Q3,2928,0.1707650273224043,4.067321178120617,17.7,25.2,12.7,0.6572594158737415,1702294,Chicago,No court,42.06081823316054,-87.99829529551151
17031805107,Census Tract 8051.07,,0,0.0,0.0,84728.0,Q3,6080,7.467105263157895,17.088815789473685,22.1,28.7,15.3,1.2256713158516566,3174474,Chicago,No court,42.042560800376734,-87.97970033442968
17031805108,Census Tract 8051.08,,0,0.0,0.0,76573.0,Q2,6376,3.8582183186951062,10.131744040150563,20.2,26.0,14.3,0.580083768727886,1502410,Chicago,No court,42.044091844818304,-87.96752662295161
17031806700,Census Tract 8067,,0,0.0,0.0,115929.0,Q4 (highest),4343,4.812341699286208,2.9933225880727607,16.4,24.9,11.7,0.6837765271499328,1770973,Chicago,No court,42.05280832753805,-87.72280188446787
17031806801,Census Tract 8068.01,,0,0.0,0.0,76726.0,Q2,4299,11.211909746452664,14.431412544620091,22.6,24.5,12.3,0.8646700293592093,2239485,Chicago,No court,42.05638138669192,-87.73953789426925
17031806802,Census Tract 8068.02,,0,0.0,0.0,115000.0,Q4 (highest),3337,12.046748576565776,2.906802517231046,21.1,25.5,12.9,0.3724318413830488,964594,Chicago,No court,42.04437743670691,-87.73976960594518
17031806900,Census Tract 8069,,0,0.0,0.0,74036.0,Q2,5198,8.426317814544056,11.004232397075798,22.5,24.3,12.1,1.058034631820688,2740297,Chicago,No court,42.056765231966565,-87.7557144486214
17031807000,Census Tract 8070,,0,0.0,0.0,56599.0,Q2,5332,15.753938484621155,12.861299709020368,25.7,28.0,15.0,0.438449135671671,1135578,Chicago,No court,42.04444911879881,-87.75554003734229
17031242700,Census Tract 2427,Humboldt Park,0,0.0,0.0,80227.0,Q3,1918,14.389989572471324,18.561001042752867,21.6,32.6,16.2,0.0677887310674798,175572,Chicago,No court,41.89742540167593,-87.69937423526025
17031810800,Census Tract 8108,,0,0.0,0.0,97134.0,Q3,5060,0.7707509881422925,1.823226317875545,20.4,28.6,14.7,0.3821712687471911,989819,Chicago,No court,41.93229002812991,-87.82096745358962
17031810900,Census Tract 8109,,0,0.0,0.0,56292.0,Q1 (lowest),5899,3.814205797592813,7.571623465211459,22.8,30.6,15.1,0.4114613658441661,1065680,Chicago,No court,41.916528569091135,-87.81007247287886
17031811000,Census Tract 8110,,0,0.0,0.0,97868.0,Q3,3935,0.5590851334180432,5.489199491740788,19.1,27.9,13.2,0.6066734672129755,1571277,Chicago,No court,41.91566823753251,-87.81971640257291
17031140702,Census Tract 1407.02,Albany Park,0,0.0,0.0,78789.0,Q3,5318,1.4291086874764949,11.274787535410765,25.3,31.3,15.6,0.1649023084276838,427095,Chicago,No court,41.96354820996093,-87.71357531282777
17031140602,Census Tract 1406.02,Albany Park,1,2.2461814914645104,6.738092512617722,67321.0,Q2,4452,7.794249775381851,24.3801652892562,28.4,34.1,16.4,0.148409954022953,384380,Chicago,Has court,41.96465209633138,-87.72101658194882
17031140701,Census Tract 1407.01,Albany Park,0,0.0,0.0,107790.0,Q4 (highest),2846,4.075895994378074,6.781447645818693,25.3,29.2,15.6,0.088157937411293,228328,Chicago,No court,41.96703747902466,-87.71265244888542
17031160502,Census Tract 1605.02,Irving Park,0,0.0,0.0,85500.0,Q3,3911,6.929174124264893,10.125287650217336,24.8,31.0,15.4,0.1200341468763561,310887,Chicago,No court,41.95558410190804,-87.71308765177974
17031160602,Census Tract 1606.02,Irving Park,2,5.3604931653712145,9.076196600440497,96324.0,Q3,3731,1.50093808630394,13.07960332350576,20.4,29.3,14.6,0.2203566194129085,570721,Chicago,Has court,41.95657185293686,-87.70017370851393
17031151002,Census Tract 1510.02,Portage Park,0,0.0,0.0,78851.0,Q3,4712,1.0186757215619695,12.181663837011884,27.1,32.7,15.7,0.2460053868975454,637151,Chicago,No court,41.942491774888566,-87.74715538394562
17031151001,Census Tract 1510.01,Portage Park,0,0.0,0.0,91992.0,Q3,2642,0.0,12.206391990758569,26.4,32.1,15.3,0.1274658415405785,330135,Chicago,No court,41.94238266332585,-87.75435269944403
17031190402,Census Tract 1904.02,Belmont Cragin,0,0.0,0.0,60316.0,Q2,4706,0.254993625159371,15.108372290692731,31.3,33.4,16.1,0.2525031004004652,653980,Chicago,No court,41.93485963725666,-87.77123177067442
17031431301,Census Tract 4313.01,South Shore,0,0.0,0.0,36496.0,Q1 (lowest),3711,95.20344920506602,32.87523578550256,41.1,49.8,24.1,0.1559949312506467,404025,Chicago,No court,41.75353016621479,-87.56018712379176
17031431302,Census Tract 4313.02,South Shore,0,0.0,0.0,31981.0,Q1 (lowest),3783,82.89717155696538,56.27808617499339,37.5,48.9,23.0,0.1688884272822885,437419,Chicago,No court,41.75838548999829,-87.56278598064895
17031460302,Census Tract 4603.02,South Chicago,1,2.620545073375262,3.991769826395739,44306.0,Q1 (lowest),3816,75.4979035639413,22.68395976707253,31.3,42.5,19.1,0.2505154464036127,648832,Chicago,Has court,41.74708408893362,-87.55738790063553
17031460301,Census Tract 4603.01,South Chicago,0,0.0,0.0,41296.0,Q1 (lowest),2976,58.4005376344086,31.205432937181666,37.1,42.4,19.5,0.1874958494016188,485612,Chicago,No court,41.7400263550122,-87.55636732167167
17031700501,Census Tract 7005.01,Ashburn,0,0.0,0.0,64739.0,Q2,6386,91.59098026933918,27.283180026281208,33.3,43.0,17.2,0.6449219069740864,1670340,Chicago,No court,41.74621313942946,-87.69034229749482
17031700502,Census Tract 7005.02,Ashburn,1,2.905287623474724,1.503212187799084,97624.0,Q3,3442,83.93375944218478,7.107540173053152,24.9,36.4,14.2,0.6652420783416757,1722969,Chicago,Has court,41.73885196766826,-87.68876827183473
17031210601,Census Tract 2106.01,Avondale,0,0.0,0.0,90357.0,Q3,2606,1.7651573292402147,10.522273425499233,23.2,30.3,15.3,0.1056572462883997,273651,Chicago,No court,41.93763562476156,-87.71221399690532
17031812302,Census Tract 8123.02,,0,0.0,0.0,138793.0,Q4 (highest),2709,15.282392026578073,2.8015564202334633,14.2,26.1,11.9,0.2615405940104742,677387,Chicago,No court,41.89674686384291,-87.8015407052416
17031812802,Census Tract 8128.02,,0,0.0,0.0,86569.0,Q3,2751,23.155216284987276,6.688476917484551,15.2,27.6,14.0,0.1431450647647788,370744,Chicago,No court,41.88328901929151,-87.79717666793914
17031812801,Census Tract 8128.01,,0,0.0,0.0,72987.0,Q2,3302,30.375529981829196,13.08298001211387,18.2,29.7,14.4,0.1225391777876963,317375,Chicago,No court,41.88318784606665,-87.80241466166318
17031812301,Census Tract 8123.01,,0,0.0,0.0,93190.0,Q3,5461,12.140633583592749,5.514433752775721,13.9,24.6,12.2,0.2330176819352059,603513,Chicago,No court,41.889147628929685,-87.79845889075361
17031813802,Census Tract 8138.02,,0,0.0,0.0,67277.0,Q2,4537,2.799206524134891,22.659880504536403,33.1,35.8,15.9,0.2256454470059321,584419,Chicago,No court,41.847974640691575,-87.75398864815071
17031813701,Census Tract 8137.01,,0,0.0,0.0,58065.0,Q2,2727,6.0139347268060135,8.690869086908691,30.3,34.0,16.0,0.2577355570759401,667532,Chicago,No court,41.854883331168885,-87.75419507749646
17031820603,Census Tract 8206.03,,0,0.0,0.0,64699.0,Q2,5405,2.867715078630898,20.28011204481793,26.8,33.4,17.7,1.0316781390492928,2672034,Chicago,No court,41.75436969722769,-87.84332173353387
17031841100,Census Tract 8411,Chinatown,0,0.0,0.0,43527.0,Q1 (lowest),7661,3.1588565461428013,19.292520558673804,37.9,20.0,13.2,0.4314089486128893,1117344,Chicago,No court,41.85099348586654,-87.63510822889155
17031840200,Census Tract 8402,Bridgeport,1,4.549590536851683,3.1342316558863925,51771.0,Q1 (lowest),2198,0.272975432211101,29.708826205641493,36.5,25.4,15.4,0.3190574628144995,826355,Chicago,Has court,41.84470527654116,-87.64931674379733
17031221000,Census Tract 2210,Logan Square,0,0.0,0.0,89044.0,Q3,2541,4.092876820149548,11.92443919716647,22.8,31.5,17.2,0.0849629419132443,220053,Chicago,No court,41.92096043060236,-87.71525255727789
17031221100,Census Tract 2211,Logan Square,0,0.0,0.0,96514.0,Q3,4374,7.178783721993598,15.29184756391703,19.0,28.6,15.4,0.1699011732872893,440042,Chicago,No court,41.92102054216188,-87.71036087537797
17031020500,Census Tract 205,West Ridge,4,5.885815185403178,13.42555714376428,46458.0,Q1 (lowest),6796,16.83343143025309,32.77387854745194,33.8,33.5,17.5,0.2979392182512042,771659,Chicago,Has court,42.00131289158899,-87.6841982192203
17031612000,Census Tract 6120,New City,1,8.771929824561402,7.946918023632219,57396.0,Q2,1140,77.19298245614034,27.28070175438597,29.9,38.9,17.8,0.1258349459534175,325911,Chicago,Has court,41.79784666269462,-87.65253596918977
17031612100,Census Tract 6121,New City,0,0.0,0.0,25000.0,Q1 (lowest),751,62.45006657789614,24.63382157123835,36.0,42.1,19.2,0.1260071475234634,326357,Chicago,No court,41.79791281392257,-87.64768081050678
17031620100,Census Tract 6201,West Elsdon,0,0.0,0.0,85256.0,Q3,5117,2.5991792065663475,4.0062536642564,31.9,33.9,15.9,0.3233926180352959,837583,Chicago,No court,41.79801763398259,-87.7180256084312
17031620200,Census Tract 6202,West Elsdon,0,0.0,0.0,64107.0,Q2,1974,1.9250253292806483,3.4447821681864235,28.3,32.9,15.3,0.2228041211001749,577060,Chicago,No court,41.79552143055257,-87.72923376689532
17031620300,Census Tract 6203,West Elsdon,0,0.0,0.0,71319.0,Q2,7034,0.0142166619277793,12.16946261017913,28.4,32.1,15.0,0.3830840142888693,992183,Chicago,No court,41.78950251110978,-87.73044378139106
17031620400,Census Tract 6204,West Elsdon,0,0.0,0.0,62000.0,Q2,4443,0.0450146297546702,17.98334458699077,32.7,35.0,15.9,0.2533919076072939,656282,Chicago,No court,41.78963820803356,-87.71816816148487
17031810501,Census Tract 8105.01,,0,0.0,0.0,88194.0,Q3,5117,1.739300371311315,6.298096395301742,21.6,27.1,14.3,0.8774928686928279,2272696,Chicago,No court,41.96028083563418,-87.82598632776175
17031810502,Census Tract 8105.02,,0,0.0,0.0,82037.0,Q3,5947,0.6221624348410963,5.916637230660544,24.5,29.1,15.6,0.6926174947528715,1793871,Chicago,No court,41.95958481347642,-87.81045912013235
17031812200,Census Tract 8122,,0,0.0,0.0,236250.0,Q4 (highest),3658,12.02843083652269,4.814917895908712,13.9,26.0,11.2,0.572427362597819,1482580,Chicago,No court,41.905405380594246,-87.79468565876273
17031320400,Census Tract 3204,Loop,0,0.0,0.0,137917.0,Q4 (highest),3253,17.030433446049802,20.876826722338205,15.4,22.7,17.9,0.3104740253622797,804124,Chicago,No court,41.87770646540033,-87.6173616801619
17031580100,Census Tract 5801,Brighton Park,0,0.0,0.0,49323.0,Q1 (lowest),2227,3.9964077233947015,18.1859003143242,29.4,28.9,14.0,0.294726075950931,763337,Chicago,No court,41.8280550429019,-87.69074630522684
17031580200,Census Tract 5802,Brighton Park,1,3.194888178913738,3.548818402421429,36010.0,Q1 (lowest),3130,0.0,26.5814696485623,40.3,37.6,17.7,0.2817839310452403,729817,Chicago,Has court,41.82677185288627,-87.69934773107256
17031580300,Census Tract 5803,Brighton Park,0,0.0,0.0,83029.0,Q3,2399,1.2922050854522718,6.2526052521884115,28.4,30.4,14.6,0.1818618464641535,471020,Chicago,No court,41.82518758819369,-87.70893395344291
17031580400,Census Tract 5804,Brighton Park,0,0.0,0.0,56190.0,Q1 (lowest),4730,4.249471458773784,20.385795703638752,35.5,34.6,16.0,0.5081567945488551,1316120,Chicago,No court,41.81527548859858,-87.70918446663372
17031580600,Census Tract 5806,Brighton Park,1,1.8667164457718872,5.2557641185900685,67297.0,Q2,5357,1.1386970319208511,12.155834425922457,32.8,33.0,15.9,0.1902672908137026,492790,Chicago,Has court,41.81739795042835,-87.69203144990658
17031580700,Census Tract 5807,Brighton Park,0,0.0,0.0,59399.0,Q2,5741,10.956279393833828,33.09527956801951,39.4,36.2,17.5,0.2124009840972236,550116,Chicago,No court,41.81749365108809,-87.68684593379197
17031681300,Census Tract 6813,Englewood,2,9.510223490252022,7.213054854283085,21888.0,Q1 (lowest),2103,95.1022349025202,37.1849738468854,45.2,50.5,23.1,0.2772750298456981,718139,Chicago,Has court,41.76118071217607,-87.63984230266419
17031681400,Census Tract 6814,Englewood,0,0.0,0.0,51835.0,Q1 (lowest),1826,98.13800657174151,7.995618838992333,36.0,44.5,19.4,0.2495640906444354,646368,Chicago,No court,41.76152235548959,-87.64917056615236
17031690300,Census Tract 6903,Grand Crossing,0,0.0,0.0,34978.0,Q1 (lowest),1974,94.5288753799392,27.025316455696203,32.2,41.8,17.5,0.197947249176444,512681,Chicago,No court,41.76866938568239,-87.629009259886
17031690500,Census Tract 6905,Grand Crossing,0,0.0,0.0,57841.0,Q2,807,100.0,25.03097893432466,33.8,44.1,21.0,0.1247731649721929,323161,Chicago,No court,41.76817943658282,-87.61210313968236
17031690900,Census Tract 6909,Grand Crossing,0,0.0,0.0,36927.0,Q1 (lowest),3891,90.46517604728862,30.634798252377283,32.6,43.8,19.2,0.2530810953564263,655477,Chicago,No court,41.762142454542854,-87.61034470420371
17031691000,Census Tract 6910,Grand Crossing,1,4.166666666666667,3.992729806559823,64361.0,Q2,2400,87.95833333333334,24.708333333333332,28.9,41.9,16.4,0.2504552144643141,648676,Chicago,Has court,41.76196545351131,-87.62001506655388
17031700100,Census Tract 7001,Ashburn,0,0.0,0.0,79659.0,Q3,3819,49.6203194553548,15.606179628174916,30.9,39.8,17.6,0.8926064522306667,2311840,Chicago,No court,41.75359312814769,-87.69530904008417
17031700200,Census Tract 7002,Ashburn,0,0.0,0.0,74125.0,Q2,6914,14.564651431877351,21.353034912356947,32.7,36.4,16.7,0.6231963236895306,1614071,Chicago,No court,41.75298917030137,-87.72378373161985
17031070200,Census Tract 702,Lincoln Park,1,2.6308866087871614,7.586284870710361,101992.0,Q3,3801,2.999210734017364,6.677568819841919,11.0,22.8,14.9,0.1318168269505495,341404,Chicago,Has court,41.92907779871671,-87.64629298715856
17031070300,Census Tract 703,Sheffield & Depaul,0,0.0,0.0,178750.0,Q4 (highest),3618,2.0729684908789388,9.93771234428086,9.5,21.6,15.1,0.1252557926909314,324411,Chicago,No court,41.92904629324018,-87.65131030047525
17031070400,Census Tract 704,Sheffield & Depaul,0,0.0,0.0,205772.0,Q4 (highest),3282,0.9445460085313834,13.589274832419257,14.0,24.7,14.8,0.1252368736843568,324362,Chicago,No court,41.9289672676862,-87.65615631767112
17031070500,Census Tract 705,Lincoln Park,0,0.0,0.0,194408.0,Q4 (highest),3138,5.162523900573614,1.37221269296741,11.5,22.7,13.2,0.1179213957748066,305415,Chicago,No court,41.9289455250101,-87.6608922154575
17031070600,Census Tract 706,Lincoln Park,2,6.031363088057901,15.095105433097483,210469.0,Q4 (highest),3316,0.241254523522316,4.28226779252111,10.3,22.9,12.9,0.1324932779611334,343156,Chicago,Has court,41.92876277533574,-87.66567662255335
17031070700,Census Tract 707,Lincoln Park,0,0.0,0.0,146806.0,Q4 (highest),3673,7.949904710046283,10.835829022597332,13.2,24.3,14.1,0.2496339751381087,646549,Chicago,No court,41.929262435451434,-87.6738022982758
17031100400,Census Tract 1004,Norwood Park,0,0.0,0.0,144125.0,Q4 (highest),3403,0.1763150161622098,1.6749926535409934,16.8,26.5,13.5,0.3752137075538574,971799,Chicago,No court,41.98896890133418,-87.81804121049471
17031100600,Census Tract 1006,Norwood Park,0,0.0,0.0,84896.0,Q3,4888,1.8821603927986903,12.82733224222586,21.7,29.0,14.6,0.4951629119517156,1282466,Chicago,No court,41.979204828585985,-87.79740072463966
17031100700,Census Tract 1007,Norwood Park,0,0.0,0.0,131932.0,Q4 (highest),5247,2.954068991804841,6.594244330093386,20.7,27.7,14.0,0.4692110542597109,1215251,Chicago,No court,41.972123463158475,-87.79762950802422
17031110200,Census Tract 1102,Jefferson Park,1,3.5285815102328866,4.343773532376357,66429.0,Q2,2834,6.386732533521525,8.374733853797018,23.9,30.0,15.3,0.2302145801447728,596253,Chicago,Has court,41.980069905318686,-87.7734443163942
17031491200,Census Tract 4912,Roseland,0,0.0,0.0,60417.0,Q2,1732,94.39953810623555,16.13663133097762,35.5,42.9,17.9,0.2507702738391066,649492,Chicago,No court,41.6887764854826,-87.63743828208587
17031491300,Census Tract 4913,Roseland,0,0.0,0.0,39615.0,Q1 (lowest),2065,92.1549636803874,30.2574065080136,38.2,46.2,20.4,0.2494347464158135,646033,Chicago,No court,41.688896901011866,-87.62780358662054
17031491400,Census Tract 4914,Roseland,2,8.012820512820513,6.241920110282467,38491.0,Q1 (lowest),2496,94.43108974358977,22.552166934189405,32.7,43.6,18.9,0.3204142258574171,829869,Chicago,Has court,41.68912321392933,-87.61682146081172
17031500100,Census Tract 5001,Pullman,2,6.5231572080887155,1.9534731820453108,67708.0,Q2,3066,96.54272667971296,16.40574037834312,26.7,39.0,15.5,1.023817484868656,2651675,Chicago,Has court,41.71468407163208,-87.59502867046551
17031500200,Census Tract 5002,Pullman,0,0.0,0.0,40720.0,Q1 (lowest),1862,81.31041890440387,24.851431658562937,34.1,43.9,20.2,0.7885804876316029,2042414,Chicago,No court,41.700855347968826,-87.60030833667858
17031500300,Census Tract 5003,Pullman,1,5.515719801434088,3.6521295257003943,51336.0,Q1 (lowest),1813,29.50910093767237,26.254826254826252,26.9,36.9,15.4,0.2738128516425558,709172,Chicago,Has court,41.689315055053186,-87.6053697083891
17031560200,Census Tract 5602,Garfield Ridge,2,11.883541295306,7.824158030598944,73125.0,Q2,1683,34.93761140819964,7.18954248366013,32.6,38.1,16.4,0.2556185588504657,662049,Chicago,Has court,41.81133097811853,-87.74782724532741
17031560300,Census Tract 5603,Garfield Ridge,1,2.9420417769932334,3.9606381091611977,61979.0,Q2,3399,5.501618122977346,13.12150632538982,28.6,32.5,14.4,0.2524845674960656,653932,Chicago,Has court,41.80390754364607,-87.74798704341136
17031560700,Census Tract 5607,Garfield Ridge,0,0.0,0.0,80573.0,Q3,3836,0.0260688216892596,12.148070907194995,27.4,31.8,15.6,0.2553058160887232,661239,Chicago,No court,41.796462648006845,-87.75752018519911
17031802608,Census Tract 8026.08,,0,0.0,0.0,94583.0,Q3,5847,3.4889687018984095,6.858710562414267,18.4,25.3,12.4,1.691178878048856,4380133,Chicago,No court,42.10094848650325,-87.94888931474843
17031803015,Census Tract 8030.15,,0,0.0,0.0,103138.0,Q3,4376,0.2742230347349177,7.426873857404022,18.6,26.1,12.7,1.2765140224587914,3306156,Chicago,No court,42.1164127654279,-87.94962468164601
17031803014,Census Tract 8030.14,,0,0.0,0.0,81019.0,Q3,3467,1.7882895875396594,4.7591577732910295,21.0,28.2,14.4,0.4889018790820652,1266250,Chicago,No court,42.117020717780605,-87.93191084583017
17031818200,Census Tract 8182,,0,0.0,0.0,110391.0,Q4 (highest),4709,37.73624973455086,7.5825346112886045,20.8,31.7,14.1,0.7725367839542113,2000861,Chicago,No court,41.863515278122875,-87.87514183706104
17031818402,Census Tract 8184.02,,0,0.0,0.0,96092.0,Q3,3245,20.24653312788906,5.2080123266563945,19.0,28.5,12.8,0.4919169509665682,1274059,Chicago,No court,41.85189596325728,-87.89185954964316
17031818800,Census Tract 8188,,0,0.0,0.0,117321.0,Q4 (highest),5350,1.6822429906542056,3.514018691588785,16.4,27.5,13.8,0.7033102083870659,1821565,Chicago,No court,41.82712235714835,-87.8544214122855
17031818900,Census Tract 8189,,0,0.0,0.0,110000.0,Q4 (highest),4531,3.5091591260207458,3.983325613710051,19.1,26.1,13.1,0.5725609539503658,1482926,Chicago,No court,41.82758567105106,-87.86686263229905
17031160700,Census Tract 1607,Irving Park,3,4.711055276381909,10.040101150934303,89531.0,Q3,6368,4.789572864321609,8.571428571428571,23.4,28.9,14.4,0.2988017705101336,773893,Chicago,Has court,41.95040959580275,-87.70201493053378
17031221300,Census Tract 2213,Logan Square,0,0.0,0.0,87432.0,Q3,2912,5.975274725274725,17.72459243843219,16.1,27.4,16.6,0.1274538723731538,330104,Chicago,No court,41.921125677878,-87.699754060809
17031221500,Census Tract 2215,Logan Square,0,0.0,0.0,72292.0,Q2,2877,12.478275981925616,14.077163712200209,19.5,28.3,15.1,0.1177237114612114,304903,Chicago,No court,41.92164688912464,-87.6899513466696
17031221400,Census Tract 2214,Logan Square,0,0.0,0.0,108789.0,Q4 (highest),3005,3.427620632279534,8.019966722129784,15.2,26.8,15.2,0.1370786273913238,355032,Chicago,No court,41.92080131392346,-87.69453203932086
17031063301,Census Tract 633.01,Lake View,0,0.0,0.0,69188.0,Q2,2912,6.112637362637362,19.71153846153846,14.0,25.1,15.4,0.036232986407659,93843,Chicago,No court,41.93454073372269,-87.64302394598124
17031020802,Census Tract 208.02,West Ridge,1,1.1349449551696742,4.021614336267521,70044.0,Q2,8811,4.437634774713426,14.228799089356858,30.2,27.8,15.9,0.2486563644310321,644017,Chicago,Has court,41.994059242509536,-87.69463059959031
17031020702,Census Tract 207.02,West Ridge,0,0.0,0.0,76812.0,Q2,8476,4.86078338839075,13.985088985088986,25.5,25.8,15.0,0.2719406421960256,704323,Chicago,No court,41.99412565798377,-87.70489396838946
17031020801,Census Tract 208.01,West Ridge,0,0.0,0.0,73151.0,Q2,5448,14.115271659324522,11.2151248164464,23.1,27.5,14.0,0.253264879991722,655953,Chicago,No court,41.986808170771305,-87.69441487499974
17031040202,Census Tract 402.02,Lincoln Square,0,0.0,0.0,62500.0,Q2,7577,5.741058466411508,18.41856699500742,26.9,30.5,15.6,0.2272817480235429,588657,Chicago,No court,41.97985491329422,-87.6940960216372
17031040201,Census Tract 402.01,Lincoln Square,1,1.3875398917718884,3.590159866816927,103409.0,Q3,7207,2.997086166227279,9.17686318131257,14.9,25.9,14.0,0.2785391283666179,721413,Chicago,Has court,41.972580482639145,-87.69400051968006
17031040402,Census Tract 404.02,Lincoln Square,0,0.0,0.0,94541.0,Q3,4224,3.669507575757576,7.674031836540745,11.8,25.2,14.5,0.2326578347081145,602581,Chicago,No court,41.97254500870538,-87.67881808321181
17031031501,Census Tract 315.01,Uptown,0,0.0,0.0,51731.0,Q1 (lowest),4832,41.4114238410596,45.75846218136231,31.7,35.7,18.5,0.0615493199196289,159412,Chicago,No court,41.96728856744478,-87.65243426432005
17031081201,Census Tract 812.01,Streeterville,0,0.0,0.0,134246.0,Q4 (highest),4564,1.2708150744960562,4.723870378822456,12.3,22.1,11.3,0.0714767790429917,185124,Chicago,No court,41.89915380623647,-87.62621204438287
17031490901,Census Tract 4909.01,Roseland,0,0.0,0.0,32284.0,Q1 (lowest),2544,96.14779874213836,43.278301886792455,36.2,46.2,19.0,0.3264308560502983,845452,Chicago,No court,41.696058144476005,-87.61626764812614
17031490902,Census Tract 4909.02,Roseland,0,0.0,0.0,69471.0,Q2,4768,98.36409395973156,26.347051336444633,29.9,40.9,16.6,0.4618036840325129,1196066,Chicago,No court,41.70328008442671,-87.61532623564192
17031301801,Census Tract 3018.01,Little Village,0,0.0,0.0,48944.0,Q1 (lowest),4359,0.0458820830465703,23.743977976600135,34.5,36.4,16.1,0.2683166871815622,694937,Chicago,No court,41.84165975546384,-87.73505087248314
17031700301,Census Tract 7003.01,Ashburn,0,0.0,0.0,84667.0,Q3,6063,3.7275276265874977,10.473363021606469,29.0,33.2,16.0,0.4925532473509529,1275707,Chicago,No court,41.74562239997007,-87.7317116834997
17031301702,Census Tract 3017.02,Little Village,3,6.941230911614993,23.47499161603558,69000.0,Q2,4322,0.0,14.8112983622122,43.0,40.1,18.5,0.1277955727980206,330989,Chicago,Has court,41.83880617031676,-87.71952439699972
17031700401,Census Tract 7004.01,Ashburn,2,3.136762860727729,3.494013270566714,94313.0,Q3,6376,54.4228356336261,13.472396486825597,27.4,37.0,16.5,0.5724076713868944,1482529,Chicago,Has court,41.74553710539331,-87.7120354783427
17031803612,Census Tract 8036.12,,0,0.0,0.0,67500.0,Q2,3628,11.521499448732085,19.735391400220507,26.9,33.5,17.8,0.259790006749066,672853,Chicago,No court,42.149852412363984,-88.00879088310465
17031803702,Census Tract 8037.02,,0,0.0,0.0,112750.0,Q4 (highest),6131,5.137824172239439,7.774666447043321,16.0,25.2,12.5,1.3244030474272468,3430188,Chicago,No court,42.105686552643625,-88.05414617973415
17031804713,Census Tract 8047.13,,0,0.0,0.0,89857.0,Q3,4701,3.935332907891938,4.977664326738992,15.7,22.1,13.2,0.6316840078023528,1636054,Chicago,No court,42.053522646603234,-88.0899484611574
17031804309,Census Tract 8043.09,,0,0.0,0.0,89918.0,Q3,3205,4.05616224648986,6.794871794871795,25.0,30.2,15.4,0.7886685189275008,2042642,Chicago,No court,42.01257350840148,-88.15757245985914
17031804510,Census Tract 8045.10,,0,0.0,0.0,76222.0,Q2,4917,5.1657514744763064,11.598043212392987,28.6,32.5,16.0,0.5418453676233249,1403373,Chicago,No court,42.0000407112666,-88.15255547611581
17031837100,Census Tract 8371,Garfield Park,2,13.58695652173913,6.949536471819364,61351.0,Q2,1472,37.36413043478261,22.48641304347826,28.3,37.6,16.6,0.2877889781728718,745370,Chicago,Has court,41.88567353796756,-87.69872035085338
17031837400,Census Tract 8374,Garfield Park,1,5.13347022587269,4.379048102121904,45234.0,Q1 (lowest),1948,70.07186858316223,34.55200823892894,30.0,41.9,19.1,0.2283601313982922,591450,Chicago,Has court,41.8759747316847,-87.69380127146422
17031837800,Census Tract 8378,United Center,0,0.0,0.0,34688.0,Q1 (lowest),2542,65.97167584579071,30.578842315369258,23.7,38.3,17.9,0.3881732270574227,1005364,Chicago,No court,41.8847503511754,-87.68412718819161
17031837300,Census Tract 8373,Garfield Park,0,0.0,0.0,22197.0,Q1 (lowest),2530,94.78260869565216,48.11443433029909,38.6,47.7,22.3,0.1422778792797495,368498,Chicago,No court,41.871619053023274,-87.70555240666454
17031841500,Census Tract 8415,North Lawndale,0,0.0,0.0,24706.0,Q1 (lowest),2254,93.65572315882876,42.04761904761905,38.3,46.5,23.5,0.1669139007593857,432305,Chicago,No court,41.86162254159939,-87.70791321500774
17031838700,Census Tract 8387,North Lawndale,0,0.0,0.0,24074.0,Q1 (lowest),3703,75.34431541992979,45.12557385903322,46.0,51.1,25.0,0.2540880498288023,658085,Chicago,No court,41.86257753282845,-87.72018510808631
17031430101,Census Tract 4301.01,South Shore,0,0.0,0.0,37917.0,Q1 (lowest),3825,98.87581699346406,29.09803921568627,35.6,47.1,21.3,0.1262874577025067,327083,Chicago,No court,41.769853241720504,-87.5739530158369
17031804109,Census Tract 8041.09,,0,0.0,0.0,160298.0,Q4 (highest),3234,1.7934446505875077,2.315112540192926,15.7,23.8,11.2,0.9141374400190272,2367605,Chicago,No court,42.07549665034042,-88.03673159563289
17031804611,Census Tract 8046.11,,0,0.0,0.0,77320.0,Q2,4405,4.313280363223609,7.81462971376647,17.8,25.7,12.9,0.9873937639865512,2557338,Chicago,No court,42.018828261284845,-88.06778340900522
17031824004,Census Tract 8240.04,,0,0.0,0.0,104842.0,Q3,4846,2.1873710276516714,8.818380743982495,19.8,26.5,13.3,8.764740994938972,22700574,Chicago,No court,41.68339911776787,-87.94681019459703
17031824006,Census Tract 8240.06,,0,0.0,0.0,151643.0,Q4 (highest),5866,2.9151039890896695,2.5741561541084215,15.2,25.5,12.9,5.886048120686273,15244794,Chicago,No court,41.65291448128876,-87.95205900087167
17031252101,Census Tract 2521.01,Austin,3,18.47290640394089,9.39025197897154,50139.0,Q1 (lowest),1624,93.96551724137932,18.130132659507264,28.6,41.0,17.9,0.3194802446961144,827450,Chicago,Has court,41.87550255732852,-87.76958440127086
17031010501,Census Tract 105.01,Rogers Park,0,0.0,0.0,48250.0,Q1 (lowest),3519,18.243819266837168,11.139528275078147,16.8,29.8,15.3,0.0780439909374097,202133,Chicago,No court,42.009411979416406,-87.66395828856932
17031020701,Census Tract 207.01,West Ridge,2,11.983223487118035,8.75889590054718,101250.0,Q3,1669,7.249850209706412,8.698260347930415,18.7,23.9,11.9,0.2283392818808426,591396,Chicago,Has court,41.9868915585546,-87.7036896926014
17031730202,Census Tract 7302.02,Washington Heights,0,0.0,0.0,81250.0,Q3,2968,97.8099730458221,4.545454545454546,26.7,38.8,15.5,0.3369486653992219,872693,Chicago,No court,41.72643003715612,-87.64854250966825
17031010201,Census Tract 102.01,Rogers Park,1,1.3178703215603584,5.134138412255384,49639.0,Q1 (lowest),7588,31.35213494992093,24.967009765109527,30.6,38.4,18.9,0.1947746476045448,504464,Chicago,Has court,42.016007710903885,-87.68014844809414
17031760801,Census Tract 7608.01,O'Hare,0,0.0,0.0,75625.0,Q2,4931,4.5021293855201785,13.952536824877251,19.2,25.8,14.6,0.5019571519250282,1300063,Chicago,No court,41.98348668800627,-87.8448497400656
17031839000,Census Tract 8390,Loop,0,0.0,0.0,95565.0,Q3,10337,11.115410660733287,14.188919888401754,14.0,23.9,14.8,0.1876078190323661,485902,Chicago,No court,41.87104359155796,-87.6314011654861
17031440201,Census Tract 4402.01,Chatham,0,0.0,0.0,38257.0,Q1 (lowest),5748,98.36464857341684,32.32428670842032,32.2,43.9,18.7,0.2051955453075458,531454,Chicago,No court,41.74820975059758,-87.61007386116998
17031540101,Census Tract 5401.01,Riverdale,4,9.952724558347848,3.085794111646097,16176.0,Q1 (lowest),4019,93.97860164219956,56.65588454839512,43.2,51.3,27.2,1.2962627626073944,3357305,Chicago,Has court,41.65021982681616,-87.59979212902067
17031802004,Census Tract 8020.04,,0,0.0,0.0,43708.0,Q1 (lowest),6053,1.8503221543036512,28.82610158089472,26.4,27.1,14.2,0.4142725757802739,1072961,Chicago,No court,42.06930317421686,-87.85372570459955
17031560800,Census Tract 5608,Garfield Ridge,0,0.0,0.0,105886.0,Q3,5871,0.0,4.0669856459330145,21.7,29.0,14.1,0.5100981162847087,1321148,Chicago,No court,41.79620554303343,-87.77216591899338
17031560900,Census Tract 5609,Garfield Ridge,0,0.0,0.0,106487.0,Q4 (highest),5120,0.0390625,7.987470634299139,21.8,29.8,14.3,0.509369155378326,1319260,Chicago,No court,41.79577008272389,-87.79165139091667
17031561000,Census Tract 5610,Garfield Ridge,0,0.0,0.0,85741.0,Q3,5749,0.0,6.366324578187512,22.3,29.4,14.4,0.5128413722380181,1328253,Chicago,No court,41.78850207783339,-87.7915032586577
17031841300,Census Tract 8413,Lower West Side,0,0.0,0.0,69327.0,Q2,4157,4.787106086119798,18.978805394990367,24.4,32.2,14.7,0.5194479665542852,1345364,Chicago,No court,41.84407722376567,-87.68301754320247
17031840700,Census Tract 8407,Little Village,0,0.0,0.0,106250.0,Q4 (highest),3669,5.4238212046879255,3.803009575923392,23.0,30.3,14.2,0.2090843664140529,541526,Chicago,No court,41.85293023118955,-87.69426644591424
17031841700,Census Tract 8417,Little Village,0,0.0,0.0,45854.0,Q1 (lowest),1216,32.15460526315789,24.753289473684212,32.7,38.6,16.4,0.103009743674488,266794,Chicago,No court,41.853130123316944,-87.70418180892116
17031250600,Census Tract 2506,Austin,0,0.0,0.0,81458.0,Q3,4298,80.1768264308981,19.84463276836158,31.7,41.2,16.9,0.2501034753828975,647765,Chicago,No court,41.90569348654267,-87.77063030977452
17031250700,Census Tract 2507,Austin,0,0.0,0.0,50924.0,Q1 (lowest),6226,74.25313202698362,28.90076845973939,39.4,45.0,19.9,0.2557224203355382,662318,Chicago,No court,41.905820672206744,-87.76081279400087
17031250800,Census Tract 2508,Austin,1,3.690036900369003,4.506592008853145,65884.0,Q2,2710,69.26199261992619,18.74538745387454,34.1,42.0,18.3,0.2218971670911216,574711,Chicago,Has court,41.90618551648635,-87.7514741093786
17031251000,Census Tract 2510,Austin,0,0.0,0.0,35568.0,Q1 (lowest),1317,65.67957479119211,40.77448747152619,39.5,44.3,20.6,0.180292341122816,466955,Chicago,No court,41.89869451823605,-87.74489245114064
17031251100,Census Tract 2511,Austin,0,0.0,0.0,40584.0,Q1 (lowest),4492,75.75690115761353,30.249665626393224,38.0,43.8,19.7,0.1916823552850438,496455,Chicago,No court,41.8986248201227,-87.75201116981333
17031801901,Census Tract 8019.01,,0,0.0,0.0,91938.0,Q3,4594,1.3278188942098388,12.653425574648516,21.2,26.3,11.9,1.5100981162847087,3911136,Chicago,No court,42.09383229105987,-87.80506056870854
17031801902,Census Tract 8019.02,,0,0.0,0.0,199609.0,Q4 (highest),3645,0.0,0.4690949227373068,14.2,24.8,11.8,1.225988305737324,3175295,Chicago,No court,42.086535407062875,-87.78336745975734
17031802100,Census Tract 8021,,0,0.0,0.0,169625.0,Q4 (highest),3710,1.2398921832884098,11.312584573748309,14.9,25.4,12.4,0.7123623738797246,1845010,Chicago,No court,42.0722617927027,-87.81154438063022
17031802200,Census Tract 8022,,0,0.0,0.0,182827.0,Q4 (highest),4852,0.2473206924979389,2.0256304257957836,12.1,22.7,10.5,1.713265080764853,4437336,Chicago,No court,42.07294418107194,-87.78811705846046
17031271800,Census Tract 2718,Garfield Park,0,0.0,0.0,51550.0,Q1 (lowest),793,86.12862547288776,4.287515762925599,23.8,36.8,18.4,0.0795316426176492,205986,Chicago,No court,41.87149640601199,-87.69848966244578
17031280100,Census Tract 2801,West Loop,0,0.0,0.0,148319.0,Q4 (highest),7867,4.423541375365451,2.529553832464726,9.0,21.6,13.1,0.224601812826932,581716,Chicago,No court,41.885395855247026,-87.64287809588042
17031280400,Census Tract 2804,United Center,0,0.0,0.0,36681.0,Q1 (lowest),1268,77.7602523659306,21.451104100946377,31.8,41.6,20.4,0.1938981956673158,502194,Chicago,No court,41.88600943169362,-87.67188456992184
17031300600,Census Tract 3006,Little Village,1,3.4411562284927735,7.891925821647743,51092.0,Q1 (lowest),2906,6.22849277357192,18.80128433820906,41.7,39.8,19.1,0.1267117839928216,328182,Chicago,Has court,41.84799050743307,-87.71733432109185
17031300700,Census Tract 3007,Little Village,0,0.0,0.0,49206.0,Q1 (lowest),4799,3.959158157949573,10.543863304855178,35.4,36.2,16.7,0.1270766505481878,329127,Chicago,No court,41.84807209010932,-87.71245040548544
17031301100,Census Tract 3011,Little Village,0,0.0,0.0,44598.0,Q1 (lowest),2454,2.526487367563162,13.93643031784841,37.8,37.2,18.6,0.081631652347424,211425,Chicago,No court,41.84702908274464,-87.69797341330884
17031301200,Census Tract 3012,Little Village,0,0.0,0.0,53654.0,Q1 (lowest),4877,33.46319458683617,24.769325404962068,35.0,37.5,17.4,0.1861803992914253,482205,Chicago,No court,41.848417164844506,-87.69147707435249
17031480500,Census Tract 4805,Calumet Heights,0,0.0,0.0,59484.0,Q2,2811,77.37459978655284,26.79340028694405,31.4,41.3,16.2,0.526444524067293,1363485,Chicago,No court,41.72760022175046,-87.55909135087714
17031490500,Census Tract 4905,Roseland,2,11.376564277588168,3.6373400668908538,78319.0,Q3,1758,93.40159271899886,7.956715467854869,23.3,35.7,15.8,0.5498523545282835,1424111,Chicago,Has court,41.71793087663278,-87.61319640697353
17031802003,Census Tract 8020.03,,0,0.0,0.0,153125.0,Q4 (highest),2387,4.356933389191454,5.8232090490155,17.7,23.8,11.5,0.6610995881061997,1712240,Chicago,No court,42.07959906795262,-87.84564075582146
17031803013,Census Tract 8030.13,,0,0.0,0.0,106226.0,Q4 (highest),5556,2.537796976241901,3.3477321814254863,17.2,25.9,12.9,0.7690939108598187,1991944,Chicago,No court,42.143091873817696,-87.97189351234944
17031031300,Census Tract 313,Uptown,0,0.0,0.0,65617.0,Q2,6841,11.299517614383864,20.084007467330427,23.0,29.1,13.8,0.244097656050916,632210,Chicago,No court,41.97290971503423,-87.64678540520586
17031031900,Census Tract 319,Uptown,0,0.0,0.0,92208.0,Q3,2471,7.770133549170375,4.168352893565358,12.0,24.9,13.6,0.0994869474298722,257670,Chicago,No court,41.96337400998981,-87.6701840556326
17031813500,Census Tract 8135,,0,0.0,0.0,77713.0,Q2,6489,3.883495145631067,11.0524681775846,31.4,34.1,16.0,0.3182883472819179,824363,Chicago,No court,41.85816089701216,-87.77576971236441
17031813600,Census Tract 8136,,0,0.0,0.0,70556.0,Q2,5288,0.8888048411497731,7.142857142857142,32.3,34.4,16.2,0.2709282822931998,701701,Chicago,No court,41.85405633661971,-87.7648563535118
17031822102,Census Tract 8221.02,,0,0.0,0.0,72375.0,Q2,4319,16.971521185459597,9.37059652418976,22.8,30.4,14.3,0.8662955195159205,2243695,Chicago,No court,41.721552084374814,-87.73150132448514
17031822200,Census Tract 8222,,0,0.0,0.0,90517.0,Q3,3583,7.3402176946692705,18.438724118634585,26.0,32.9,16.8,0.5390943896265157,1396248,Chicago,No court,41.727213088229526,-87.75909502115103
17031822301,Census Tract 8223.01,,0,0.0,0.0,103247.0,Q3,3792,0.4219409282700421,5.986286919831223,24.2,31.1,16.5,0.559752014295047,1449751,Chicago,No court,41.72985425524603,-87.77126067689058
17031822302,Census Tract 8223.02,,0,0.0,0.0,84554.0,Q3,4767,5.223410950283197,3.038309114927345,22.3,28.8,15.5,0.6161874109069231,1595918,Chicago,No court,41.717162476930035,-87.77407535305832
17031822500,Census Tract 8225,,0,0.0,0.0,104375.0,Q3,4220,2.796208530805687,5.004812319538017,21.1,29.6,15.2,0.7024102042171624,1819234,Chicago,No court,41.717873925550435,-87.75828304905086
17031828900,Census Tract 8289,,0,0.0,0.0,58189.0,Q2,3825,53.88235294117647,30.511140235910876,34.1,40.4,18.5,1.2337578398046631,3195418,Chicago,No court,41.51616310078021,-87.6349516907073
17031828802,Census Tract 8288.02,,0,0.0,0.0,71094.0,Q2,3172,36.097099621689786,7.709532949456174,26.5,34.6,16.1,0.629243842056411,1629734,Chicago,No court,41.53217141097296,-87.64274368564007
17031220701,Census Tract 2207.01,Logan Square,0,0.0,0.0,79948.0,Q3,2872,0.3133704735376044,8.008356545961002,19.9,28.8,15.3,0.1028522139870918,266386,Chicago,No court,41.92615539149632,-87.72156506290546
17031063302,Census Tract 633.02,Lake View,0,0.0,0.0,96364.0,Q3,4152,2.9865125240847785,6.069364161849711,10.0,21.5,13.8,0.0467951975067066,121199,Chicago,No court,41.93476467345397,-87.63985399663768
17031252201,Census Tract 2522.01,Austin,1,3.1298904538341157,6.696108999715608,45458.0,Q1 (lowest),3195,94.11580594679188,32.43053112908899,36.0,43.9,18.3,0.1493404602646807,386790,Chicago,Has court,41.87669586942389,-87.75210511712542
17031660302,Census Tract 6603.02,Chicago Lawn,0,0.0,0.0,49101.0,Q1 (lowest),4251,20.842154787108917,11.218934911242604,32.6,35.8,17.0,0.1898993354409364,491837,Chicago,No court,41.78359568685423,-87.69839262564435
17031660301,Census Tract 6603.01,Chicago Lawn,0,0.0,0.0,28846.0,Q1 (lowest),1895,26.385224274406333,29.76253298153034,37.1,40.5,18.7,0.0632365864243386,163782,Chicago,No court,41.77995404928449,-87.69828723443067
17031813302,Census Tract 8133.02,,0,0.0,0.0,51144.0,Q1 (lowest),2955,3.2148900169204735,24.331641285956007,39.8,39.2,18.7,0.2498930496975275,647220,Chicago,No court,41.86227440393512,-87.74466719870476
17031813702,Census Tract 8137.02,,0,0.0,0.0,78125.0,Q3,4698,16.02809706257982,10.418445772843723,30.3,33.9,15.7,0.1446987399169417,374768,Chicago,No court,41.855181111513694,-87.74650725459918
17031813301,Census Tract 8133.01,,0,0.0,0.0,53226.0,Q1 (lowest),3091,2.135231316725979,16.046586865092202,39.7,40.1,18.8,0.250163707322196,647921,Chicago,No court,41.862160218518746,-87.75441556572925
17031260900,Census Tract 2609,Garfield Park,2,17.21170395869191,22.69977869804334,20841.0,Q1 (lowest),1162,87.60757314974182,47.05882352941176,41.0,50.5,23.0,0.0881065858220192,228195,Chicago,Has court,41.87102973410652,-87.7228141479209
17031261000,Census Tract 2610,Garfield Park,0,0.0,0.0,48482.0,Q1 (lowest),2143,96.59356042930472,20.188235294117646,35.8,44.8,20.7,0.1926792711008699,499037,Chicago,No court,41.871337817510565,-87.7320093505206
17031281900,Census Tract 2819,West Loop,0,0.0,0.0,125918.0,Q4 (highest),6709,10.597704575942764,9.66183574879227,10.9,19.8,13.1,0.1625605987363648,421030,Chicago,No court,41.879247737775934,-87.64262035251403
17031061902,Census Tract 619.02,Lake View,0,0.0,0.0,92011.0,Q3,4758,6.41025641025641,7.35603194619588,12.3,23.5,13.3,0.1067244327000742,276415,Chicago,No court,41.9449289313319,-87.63570838532806
17031030102,Census Tract 301.02,Edgewater,0,0.0,0.0,59622.0,Q2,3403,16.25036732295034,24.37371058060713,22.3,30.5,15.7,0.0437569594917042,113330,Chicago,No court,41.993396655543634,-87.65513190861431
17031030103,Census Tract 301.03,Edgewater,0,0.0,0.0,55651.0,Q1 (lowest),2300,11.782608695652174,26.426799007444167,21.9,29.2,18.7,0.0334484175216255,86631,Chicago,No court,41.99538041996234,-87.65469538012857
17031030706,Census Tract 307.06,Edgewater,3,11.398176291793314,19.79992049415938,50431.0,Q1 (lowest),2632,14.58966565349544,7.788753799392096,18.3,25.2,11.9,0.1515157599185787,392424,Chicago,Has court,41.98021940196092,-87.65153828993668
17031802403,Census Tract 8024.03,,0,0.0,0.0,85278.0,Q3,1428,0.0,4.971988795518207,16.9,23.7,11.6,0.2167867187029438,561475,Chicago,No court,42.14187013543224,-87.95312575936612
17031803016,Census Tract 8030.16,,0,0.0,0.0,140875.0,Q4 (highest),2480,6.330645161290323,4.821717990275527,15.2,20.6,11.8,0.3975979811489474,1029774,Chicago,No court,42.12081727778954,-87.98652322305676
17031803701,Census Tract 8037.01,,0,0.0,0.0,82375.0,Q3,2678,0.1493651979088872,9.70873786407767,17.2,27.0,13.8,0.5736424261425149,1485727,Chicago,No court,42.11907055518935,-88.05255917571829
17031804108,Census Tract 8041.08,,0,0.0,0.0,91386.0,Q3,4502,11.994669035984009,6.530430919591293,15.5,22.6,13.9,0.468913369482793,1214480,Chicago,No court,42.07494850760124,-88.05078516628416
17031804715,Census Tract 8047.15,,0,0.0,0.0,71353.0,Q2,4163,1.3692049003122748,19.05687894992708,30.6,29.0,15.7,0.327823912697665,849060,Chicago,No court,42.0450230929205,-88.09770163420683
17031835600,Census Tract 8356,Fuller Park,0,0.0,0.0,14074.0,Q1 (lowest),539,92.2077922077922,69.75881261595546,51.7,51.1,22.6,0.3542506760649084,917505,Chicago,No court,41.801834716714694,-87.63220158936241
17031840000,Census Tract 8400,Bridgeport,0,0.0,0.0,87731.0,Q3,2618,0.8021390374331552,19.136745607333843,25.0,24.7,13.8,0.2198442618266957,569394,Chicago,No court,41.83143718496641,-87.63840535576138
17031836400,Census Tract 8364,,3,8.32870627429206,9.723223469993018,27012.0,Q1 (lowest),3602,80.62187673514714,30.816213214880623,30.1,43.0,17.6,0.3085396534655759,799114,Chicago,Has court,41.82117510558148,-87.59583251114243
17031836100,Census Tract 8361,Washington Park,0,0.0,0.0,19645.0,Q1 (lowest),1973,96.70552458185504,37.41496598639456,34.3,45.4,20.9,0.3322297246164847,860471,Chicago,No court,41.7998050178537,-87.6186825067215
17031834600,Census Tract 8346,Englewood,1,5.246589716684156,1.6578883525442305,24836.0,Q1 (lowest),1906,94.4386149003148,40.76600209863589,40.2,47.2,21.5,0.603176925916259,1562221,Chicago,Has court,41.787246545104075,-87.63430573629155
17031843600,Census Tract 8436,Grand Boulevard,0,0.0,0.0,71359.0,Q2,3059,90.91206276560968,16.244656363038473,24.4,40.0,16.9,0.1586474531928333,410895,Chicago,No court,41.806765408440235,-87.6089488234745
17031832200,Census Tract 8322,Bucktown,0,0.0,0.0,152902.0,Q4 (highest),3211,3.3634381812519467,7.040498442367602,10.6,23.9,14.4,0.1542617185871131,399536,Chicago,No court,41.92048003335367,-87.67997459689116
17031836700,Census Tract 8367,Humboldt Park,1,3.773584905660377,2.109402767484098,47439.0,Q1 (lowest),2650,72.18867924528301,21.00681302043906,35.2,42.8,20.8,0.4740678335189198,1227830,Chicago,Has court,41.89170402567369,-87.70217470538151
17031836800,Census Tract 8368,Garfield Park,2,7.923930269413629,6.459829773967264,22642.0,Q1 (lowest),2524,94.09667194928684,56.299524564183834,46.1,50.1,24.1,0.3096056815707254,801875,Chicago,Has court,41.88504484221935,-87.7138624803856
17031836600,Census Tract 8366,Humboldt Park,0,0.0,0.0,84667.0,Q3,2558,22.595777951524628,11.032587357675697,22.3,31.9,15.5,0.2448586634378228,634181,Chicago,No court,41.89869729144853,-87.70880592442549
17031833000,Census Tract 8330,West Loop,2,4.007212983370066,3.947749239025893,169489.0,Q4 (highest),4991,7.894209577239031,8.314966940492887,11.1,24.7,14.4,0.5066177912793418,1312134,Chicago,Has court,41.885286181998126,-87.65724882210007
17031842500,Census Tract 8425,Grand Crossing,0,0.0,0.0,36955.0,Q1 (lowest),2717,74.23629002576371,32.241442767758556,34.4,43.5,24.6,0.4151733521545273,1075294,Chicago,No court,41.77695059187637,-87.62321578060879
17031841800,Census Tract 8418,Grand Crossing,2,8.6617583369424,3.152037211249539,50964.0,Q1 (lowest),2309,80.90082286704201,25.694444444444443,33.4,44.3,19.6,0.6345102757232852,1643374,Chicago,Has court,41.76630645943606,-87.59942027200435
17031980100,Census Tract 9801,Garfield Ridge,0,,0.0,,,0,,,,,,1.1512721294461596,2981781,Chicago,No court,41.785981347770026,-87.7508999783038
17031842800,Census Tract 8428,Brighton Park,0,0.0,0.0,56667.0,Q2,6806,0.6317954745812518,18.542462533059062,34.8,35.7,16.9,0.5855478867083554,1516562,Chicago,No court,41.80753375018332,-87.69830430047602
17031843800,Census Tract 8438,New City,1,4.997501249375312,1.9778208131859405,57885.0,Q2,2001,28.18590704647676,15.942028985507244,32.4,37.5,18.0,0.505606975785216,1309516,Chicago,Has court,41.8016568337619,-87.64047558753649
17031841000,Census Tract 8410,Near South Side,0,0.0,0.0,105625.0,Q3,1165,32.8755364806867,18.798283261802577,20.5,31.1,13.7,0.407029298977447,1054201,Chicago,No court,41.84844462692381,-87.6173933078271
17031836500,Census Tract 8365,Oakland,0,0.0,0.0,,,1476,78.99728997289974,32.28668941979522,34.2,45.3,20.8,0.1807247755588056,468075,Chicago,No court,41.828273048060666,-87.60061436261944
17031843900,Census Tract 8439,Jackson Park,3,7.735946364105209,5.256596145415577,47760.0,Q1 (lowest),3878,84.60546673543064,33.109850438370295,31.0,42.3,17.6,0.57071152453216,1478136,Chicago,Has court,41.77659057137035,-87.57601920646151
17031817700,Census Tract 8177,,0,0.0,0.0,84688.0,Q3,5011,72.36080622630213,7.2839752544402305,29.1,38.6,16.3,0.5613018284254598,1453765,Chicago,No court,41.871750002929375,-87.85174151845223
17031818100,Census Tract 8181,,0,0.0,0.0,112308.0,Q4 (highest),2170,5.668202764976959,0.967741935483871,18.6,27.8,12.7,0.5147757441347218,1333263,Chicago,No court,41.85119148078055,-87.87375244987612
17031826100,Census Tract 8261,,0,0.0,0.0,51296.0,Q1 (lowest),5066,73.88472167390447,21.5752072641137,30.4,40.0,18.0,1.3632565092965685,3530818,Chicago,No court,41.606557722956154,-87.536678565403
17031826301,Census Tract 8263.01,,0,0.0,0.0,68699.0,Q2,4164,88.92891450528339,11.887608069164266,27.8,40.6,17.9,0.951427960283986,2464187,Chicago,No court,41.61528637688394,-87.60649006226897
17031826303,Census Tract 8263.03,,0,0.0,0.0,84508.0,Q3,3456,95.97800925925924,7.494212962962964,29.5,42.2,17.7,0.601379620291677,1557566,Chicago,No court,41.613414000224545,-87.5914508501339
17031826304,Census Tract 8263.04,,0,0.0,0.0,57386.0,Q2,2885,81.69844020797227,16.908383445348427,27.8,41.3,17.0,0.4923980342766066,1275305,Chicago,No court,41.61806214393511,-87.5825096152916
17031730500,Census Tract 7305,Washington Heights,1,2.469745616201531,1.9656741610554884,64566.0,Q2,4049,99.70363052605582,25.882934057792045,28.6,40.1,16.3,0.5087313145852413,1317608,Chicago,Has court,41.714265575617446,-87.63813774763307
17031730600,Census Tract 7306,Washington Heights,0,0.0,0.0,80500.0,Q3,3544,96.3882618510158,11.286681715575622,25.0,37.2,14.6,0.3889037323725052,1007256,Chicago,No court,41.710600285777154,-87.6504857315564
17031802801,Census Tract 8028.01,,0,0.0,0.0,136563.0,Q4 (highest),4690,2.281449893390192,1.62046908315565,14.0,24.5,12.2,1.1299631504084189,2926591,Chicago,No court,42.0827919954685,-87.95665563301942
17031381200,Census Tract 3812,Grand Boulevard,0,0.0,0.0,53750.0,Q1 (lowest),2064,92.39341085271316,20.44573643410853,24.1,38.9,16.8,0.0998278756503891,258553,Chicago,No court,41.80851144724083,-87.6139991815747
17031381400,Census Tract 3814,Grand Boulevard,0,0.0,0.0,44399.0,Q1 (lowest),1697,87.86093105480259,30.9958750736594,32.5,44.4,21.6,0.1222750839000026,316691,Chicago,No court,41.80762021660204,-87.62142974944345
17031381700,Census Tract 3817,Grand Boulevard,1,,13.160374386439162,,,0,,,,,,0.0759856802425339,196802,Chicago,Has court,41.80555024715234,-87.62744628001767
17031440300,Census Tract 4403,Chatham,2,4.297378599054577,3.999654082368547,55476.0,Q1 (lowest),4654,91.89944134078212,6.489041684572411,24.7,38.4,14.5,0.500043243443599,1295106,Chicago,Has court,41.743721474142035,-87.61954239226277
17031310200,Census Tract 3102,Lower West Side,0,0.0,0.0,122422.0,Q4 (highest),1672,7.236842105263158,3.975903614457831,15.2,26.3,13.6,0.1237739325433168,320573,Chicago,No court,41.856310064549696,-87.64420906842325
17031310300,Census Tract 3103,Lower West Side,1,5.720823798627002,8.129992591941539,75605.0,Q2,1748,2.402745995423341,9.096109839816933,26.2,31.7,16.2,0.1230013420911602,318572,Chicago,Has court,41.8561439577304,-87.64897823817081
17031310400,Census Tract 3104,Lower West Side,0,0.0,0.0,80786.0,Q3,1462,2.8727770177838576,11.080711354309166,21.9,30.1,16.2,0.0480550489037014,124462,Chicago,No court,41.85650694042654,-87.65226127658549
17031310500,Census Tract 3105,Lower West Side,1,6.0790273556231,15.993701293087478,52344.0,Q1 (lowest),1645,4.133738601823708,15.015197568389056,29.7,34.1,18.2,0.0625246140136556,161938,Chicago,Has court,41.85524805506702,-87.65473996264575
17031190602,Census Tract 1906.02,Belmont Cragin,0,0.0,0.0,73315.0,Q2,5468,2.3591806876371617,13.778545384763005,29.5,33.6,14.9,0.2399061308392162,621354,Chicago,No court,41.92756040223464,-87.77073706729574
17031190401,Census Tract 1904.01,Belmont Cragin,0,0.0,0.0,104231.0,Q3,4122,8.224163027656479,7.919103313840156,25.6,30.4,14.4,0.2530803231520764,655475,Chicago,No court,41.934727683442055,-87.78095236406995
17031190702,Census Tract 1907.02,Belmont Cragin,1,2.1240441801189465,6.753677381334209,65551.0,Q2,4708,6.032285471537808,23.954778156996586,36.5,37.1,17.7,0.1480674813937361,383493,Chicago,Has court,41.92616304286872,-87.76103953907604
17031191302,Census Tract 1913.02,Belmont Cragin,0,0.0,0.0,58208.0,Q2,4446,4.273504273504273,10.305084745762713,36.7,36.9,17.6,0.2437019013215505,631185,Chicago,No court,41.92022890010988,-87.77053336591909
17031381800,Census Tract 3818,Grand Boulevard,1,6.605019815059445,8.10972921520002,49671.0,Q1 (lowest),1514,89.16776750330251,14.660390047074648,22.2,37.8,16.2,0.1233086794224529,319368,Chicago,Has court,41.803848123278534,-87.62119775847623
17031381900,Census Tract 3819,Grand Boulevard,0,0.0,0.0,65506.0,Q2,1289,75.09697439875873,19.62761830876649,27.5,39.6,17.0,0.0666759845991564,172690,Chicago,No court,41.8039556822185,-87.61388848267538
17031390100,Census Tract 3901,Kenwood,0,0.0,0.0,,,1757,76.9493454752419,11.383039271485488,22.5,37.2,16.4,0.1863915971811452,482752,Chicago,No court,41.81384337993228,-87.59063027755114
17031390200,Census Tract 3902,Kenwood,0,0.0,0.0,109868.0,Q4 (highest),2185,70.80091533180777,9.565217391304348,18.0,34.8,14.3,0.1172943658426216,303791,Chicago,No court,41.81304104175587,-87.59947654264927
17031390300,Census Tract 3903,Kenwood,0,0.0,0.0,35266.0,Q1 (lowest),2495,89.97995991983969,42.11864406779661,34.3,44.7,19.2,0.126275102432907,327051,Chicago,No court,41.81320062397507,-87.60420890209085
17031390400,Census Tract 3904,Kenwood,1,3.901677721420211,7.937298118943568,31833.0,Q1 (lowest),2563,87.63168162309793,42.48927038626609,31.1,42.5,17.4,0.1259874563125389,326306,Chicago,Has court,41.80592440368287,-87.6040581906156
17031390500,Census Tract 3905,Kenwood,0,0.0,0.0,62188.0,Q2,1693,48.19846426461902,17.070289427052572,17.5,31.9,14.2,0.1260696960758119,326519,Chicago,No court,41.80597817215251,-87.59919872850608
17031390600,Census Tract 3906,Kenwood,0,0.0,0.0,94115.0,Q3,1829,44.559868780754506,25.20503007107709,19.6,32.3,14.1,0.1253399629650793,324629,Chicago,No court,41.80601813046559,-87.5943504120754
17031390700,Census Tract 3907,,1,1.7806267806267806,4.256880070477167,67610.0,Q2,5616,53.00925925925925,18.75,20.2,29.4,12.9,0.2349138297165855,608424,Chicago,Has court,41.80638357606706,-87.5825384550627
17031804711,Census Tract 8047.11,,0,0.0,0.0,91681.0,Q3,8085,11.26777983920841,6.184291898577613,19.6,25.3,14.2,0.8051407960191321,2085305,Chicago,No court,42.03472765823328,-88.13895576541967
17031804806,Census Tract 8048.06,,0,0.0,0.0,92316.0,Q3,3136,16.613520408163264,12.257438551099613,23.3,28.7,15.1,0.4491360577732406,1163257,Chicago,No court,42.00868815669704,-88.13637741792208
17031804808,Census Tract 8048.08,,0,0.0,0.0,142667.0,Q4 (highest),2762,3.1860970311368573,6.335988414192614,18.0,26.6,13.4,0.5911946310175954,1531187,Chicago,No court,42.022015168205066,-88.10002501698939
17031804809,Census Tract 8048.09,,0,0.0,0.0,113304.0,Q4 (highest),4580,2.052401746724891,5.17467248908297,16.7,25.1,12.2,0.8853859554561643,2293139,Chicago,No court,42.011078635739864,-88.10126217220147
17031812400,Census Tract 8124,,0,0.0,0.0,250001.0,Q4 (highest),3296,6.432038834951456,3.549757281553398,11.5,23.9,10.6,0.536314067864407,1389047,Chicago,No court,41.89577402137482,-87.79111580485011
17031812500,Census Tract 8125,,0,0.0,0.0,71375.0,Q2,3295,30.591805766312596,12.028014616321558,19.3,30.4,14.1,0.3720638860102827,963641,Chicago,No court,41.89137834415894,-87.78069912869508
17031440600,Census Tract 4406,Chatham,0,0.0,0.0,56989.0,Q2,1606,95.51681195516812,21.41967621419676,30.0,41.3,16.7,0.2573830457901735,666619,Chicago,No court,41.73267179583609,-87.61913727996925
17031440900,Census Tract 4409,Chatham,2,7.686395080707149,6.975177410015755,43359.0,Q1 (lowest),2602,78.0553420445811,34.47348193697156,28.4,41.1,16.0,0.2867310582133971,742630,Chicago,Has court,41.72866905982219,-87.60900580155466
17031440700,Census Tract 4407,Chatham,0,0.0,0.0,91031.0,Q3,1455,81.44329896907216,16.63230240549828,30.3,42.6,16.5,0.1264334043246532,327461,Chicago,No court,41.73475140873609,-87.60962935720156
17031440800,Census Tract 4408,Chatham,0,0.0,0.0,23750.0,Q1 (lowest),1794,94.59308807134894,57.596764875794335,41.3,50.4,22.4,0.1077699973899493,279123,Chicago,No court,41.731711569195944,-87.60332792910984
17031819300,Census Tract 8193,,0,0.0,0.0,95759.0,Q3,2709,2.436323366555925,13.95864106351551,20.4,30.5,14.8,0.3977284836840943,1030112,Chicago,No court,41.81744717537789,-87.85011979119999
17031819400,Census Tract 8194,,0,0.0,0.0,75425.0,Q2,5564,14.485981308411214,2.7677929547088427,20.1,29.0,15.1,0.6372701340701192,1650522,Chicago,No court,41.810029179693494,-87.84987384520177
17031819500,Census Tract 8195,,0,0.0,0.0,91382.0,Q3,3337,13.335331135750677,7.483200977397679,19.0,28.5,14.2,0.5666238608055327,1467549,Chicago,No court,41.81430232829024,-87.86725742458499
17031630300,Census Tract 6303,Gage Park,0,0.0,0.0,64871.0,Q2,5332,1.350337584396099,15.060015003750935,36.1,36.2,17.4,0.3804986741251311,985487,Chicago,No court,41.798862082303856,-87.70863783786334
17031630500,Census Tract 6305,Gage Park,0,0.0,0.0,53235.0,Q1 (lowest),5945,1.026072329688814,20.642201834862387,35.6,36.6,16.9,0.2539235703022562,657659,Chicago,No court,41.79742788611879,-87.689017060077
17031630800,Census Tract 6308,Gage Park,0,0.0,0.0,72582.0,Q2,6142,1.0745685444480626,12.829697167046564,33.7,35.7,16.5,0.2532115978915732,655815,Chicago,No court,41.78996523820065,-87.69857245023765
17031630900,Census Tract 6309,Gage Park,2,4.298302170642597,7.851279703893221,49922.0,Q1 (lowest),4653,11.734364925854289,8.483402039487958,30.9,33.9,15.5,0.2547355431762618,659762,Chicago,Has court,41.789811464265114,-87.70836549523904
17031640100,Census Tract 6401,Clearing,0,0.0,0.0,67585.0,Q2,1471,1.9714479945615229,6.390210740992522,29.5,33.1,15.6,0.1179376120661562,305457,Chicago,No court,41.78191965414442,-87.73986077819387
17031640300,Census Tract 6403,Clearing,0,0.0,0.0,86900.0,Q3,6770,1.964549483013294,5.568685376661743,27.2,33.2,15.8,0.5114483155906514,1324645,Chicago,No court,41.781532055458754,-87.77163526466724
17031808200,Census Tract 8082,,0,0.0,0.0,93550.0,Q3,5571,2.7284150062825345,7.1800394902171965,23.7,26.5,14.4,1.0156139719566268,2630428,Chicago,No court,42.02642033836582,-87.79732288166912
17031834200,Census Tract 8342,South Shore,2,3.734827264239029,5.310399409497252,63523.0,Q2,5355,96.22782446311858,17.036063110443276,26.9,39.9,16.8,0.3766195055729988,975440,Chicago,Has court,41.75556760384297,-87.58360696952603
17031842200,Census Tract 8422,River North,2,5.511160099200882,3.679114394708301,95174.0,Q3,3629,10.085422981537612,9.782309176081563,13.0,25.8,13.9,0.5436090823586828,1407941,Chicago,Has court,41.90487781028974,-87.6497922833978
17031838000,Census Tract 8380,United Center,0,0.0,0.0,,,2650,51.16981132075472,26.867924528301884,29.1,38.5,18.2,0.2078376424910076,538297,Chicago,No court,41.87736664371423,-87.68065211079337
17031010702,Census Tract 107.02,Rogers Park,0,0.0,0.0,58289.0,Q2,5166,38.28881145954316,19.04669637667119,26.5,35.1,17.8,0.1380500604636006,357548,Chicago,No court,42.00902000083218,-87.67272571906948
17031010503,Census Tract 105.03,Rogers Park,0,0.0,0.0,21924.0,Q1 (lowest),2844,17.897327707454288,46.94092827004219,28.0,30.4,18.8,0.0749860617114828,194213,Chicago,No court,42.00032071943175,-87.66312616252857
17031010502,Census Tract 105.02,Rogers Park,0,0.0,0.0,61367.0,Q2,3329,13.727846200060078,19.071518193224595,16.2,27.5,16.5,0.0696474269378854,180386,Chicago,No court,42.004517303544624,-87.66332730761064
17031010701,Census Tract 107.01,Rogers Park,2,5.5975370836831795,12.055146733691732,74208.0,Q2,3573,24.265323257766585,8.284354883851105,20.7,31.6,14.8,0.1659042435717848,429690,Chicago,Has court,42.00914825076008,-87.67862046977149
17031020902,Census Tract 209.02,West Ridge,1,2.3781212841854935,5.160510554189597,47963.0,Q1 (lowest),4205,14.88703923900119,27.528977871443622,29.9,31.1,16.1,0.1937792761974186,501886,Chicago,Has court,41.994258553389805,-87.67868411278651
17031020302,Census Tract 203.02,West Ridge,0,0.0,0.0,81563.0,Q3,4859,9.36406668038691,7.500556421099488,23.4,30.4,14.4,0.2470745038200949,639920,Chicago,No court,42.00854065713584,-87.69496340871943
17031020601,Census Tract 206.01,West Ridge,0,0.0,0.0,62015.0,Q2,5961,2.969300452944137,32.63352368155862,27.3,29.6,16.3,0.2283134130351183,591329,Chicago,No court,42.00087462082872,-87.70180243003576
17031020301,Census Tract 203.01,West Ridge,2,4.082465809348847,6.274644142447196,76327.0,Q2,4899,2.2453561951418655,13.161659513590845,20.4,26.1,13.0,0.318743175644057,825541,Chicago,Has court,42.006865241417856,-87.7051863778237
17031760803,Census Tract 7608.03,O'Hare,0,0.0,0.0,68276.0,Q2,6598,11.154895422855413,5.380418308578357,19.4,28.8,16.1,0.2945453801330354,762869,Chicago,No court,41.97534084898445,-87.84413572443702
17031530501,Census Tract 5305.01,West Pullman,1,1.9904458598726116,1.997687608031821,41000.0,Q1 (lowest),5024,95.72054140127388,48.70569494225408,40.5,47.1,20.6,0.5005787671603111,1296493,Chicago,Has court,41.674277913993656,-87.63216595748678
17031530503,Census Tract 5305.03,West Pullman,1,2.4038461538461537,1.620274672236934,50405.0,Q1 (lowest),4160,97.8846153846154,12.812499999999998,29.0,41.5,16.7,0.6171793073944745,1598487,Chicago,Has court,41.663564888400856,-87.6375137731216
17031650301,Census Tract 6503.01,West Lawn,0,0.0,0.0,53750.0,Q1 (lowest),5218,0.7665772326561902,15.465695668838636,34.1,36.7,16.8,0.3805260873795554,985558,Chicago,No court,41.77492752559757,-87.72999163032955
17031650302,Census Tract 6503.02,West Lawn,0,0.0,0.0,65833.0,Q2,5349,2.299495232753786,18.75116844269957,36.8,38.0,17.0,0.2563791801351975,664019,Chicago,No court,41.77509313043608,-87.71773314743112
17031530502,Census Tract 5305.02,West Pullman,0,0.0,0.0,75986.0,Q2,1393,98.7078248384781,15.003589375448673,27.1,39.5,15.8,0.2726854332915828,706252,Chicago,No court,41.66480491975135,-87.62667368744548
17031711100,Census Tract 7111,Auburn Gresham,3,11.45912910618793,11.882023348207596,49688.0,Q1 (lowest),2618,99.61802902979372,21.92513368983957,27.8,40.4,16.2,0.2524822508830157,653926,Chicago,Has court,41.73950163684115,-87.6583001537865
17031711200,Census Tract 7112,Auburn Gresham,1,2.0815986677768525,2.3497687871235704,60433.0,Q2,4804,85.8451290591174,12.198168193172355,32.9,41.7,16.6,0.4255737864422538,1102231,Chicago,Has court,41.74055612826813,-87.6698252756471
17031711500,Census Tract 7115,Auburn Gresham,2,8.090614886731391,7.977846741465744,52885.0,Q1 (lowest),2472,94.86245954692556,12.459546925566343,35.2,43.5,19.1,0.2506942117106334,649295,Chicago,Has court,41.73244018928169,-87.63868876585063
17031711300,Census Tract 7113,Auburn Gresham,1,6.211180124223603,7.399564023667287,76524.0,Q2,1610,93.41614906832298,9.06832298136646,32.7,42.7,17.8,0.135143097188095,350019,Chicago,Has court,41.733504426413035,-87.66728555165722
17031711400,Census Tract 7114,Auburn Gresham,0,0.0,0.0,59188.0,Q2,2703,91.49093599704032,19.94080651128376,28.9,40.6,17.1,0.2877067384095988,745157,Chicago,No court,41.73366123643777,-87.65211686791788
17031270500,Census Tract 2705,Garfield Park,2,14.174344436569807,9.227761081826394,24375.0,Q1 (lowest),1411,98.72430900070871,46.63359319631467,47.1,51.4,24.4,0.2167372976245449,561347,Chicago,Has court,41.87624039551677,-87.71779312016983
17031271200,Census Tract 2712,Garfield Park,1,7.401924500370097,7.853017513219813,31048.0,Q1 (lowest),1351,86.01036269430051,34.863064396743155,34.1,45.0,20.5,0.1273395861293565,329808,Chicago,Has court,41.87735974368983,-87.70356215218685
17031271300,Census Tract 2713,Garfield Park,1,11.363636363636363,7.910461710439109,45046.0,Q1 (lowest),880,85.3409090909091,30.113636363636363,32.1,43.3,21.4,0.1264148714202536,327413,Chicago,Has court,41.8773040307164,-87.70845279249038
17031271400,Census Tract 2714,Garfield Park,0,0.0,0.0,43355.0,Q1 (lowest),1499,77.1847898599066,38.02535023348899,35.5,44.7,20.5,0.1267866878147698,328376,Chicago,No court,41.87724292757804,-87.71333137218642
17031819600,Census Tract 8196,,0,0.0,0.0,207179.0,Q4 (highest),4076,0.3189401373895976,4.146221786064769,12.7,25.7,12.6,0.5692358420193453,1474314,Chicago,No court,41.80512345827788,-87.86841770642289
17031827000,Census Tract 8270,,0,0.0,0.0,55490.0,Q1 (lowest),3304,88.04479418886199,20.24818401937046,35.4,43.6,19.4,0.5626917962554266,1457365,Chicago,No court,41.626339519788864,-87.64511019542108
17031827100,Census Tract 8271,,0,0.0,0.0,27379.0,Q1 (lowest),1829,77.47402952433023,26.95462001093494,36.9,43.1,19.5,0.6222824198413275,1611704,Chicago,No court,41.61806227774622,-87.64636022291215
17031827200,Census Tract 8272,,0,0.0,0.0,57311.0,Q2,3215,62.33281493001556,10.046656298600311,31.8,39.9,17.1,1.5160819277927156,3926634,Chicago,No court,41.6118079153009,-87.62682013733776
17031827300,Census Tract 8273,,0,0.0,0.0,27964.0,Q1 (lowest),2520,61.78571428571429,35.08562325766627,35.2,41.1,18.2,0.6301094831327404,1631976,Chicago,No court,41.609030556898006,-87.6462204364837
17031750100,Census Tract 7501,Morgan Park,1,2.941176470588235,2.0147285899090415,53273.0,Q1 (lowest),3400,89.23529411764706,16.309918601145615,25.6,38.0,15.0,0.4963447707093623,1285527,Chicago,Has court,41.69583445692177,-87.65202827215977
17031750200,Census Tract 7502,Morgan Park,0,0.0,0.0,79464.0,Q3,3230,63.62229102167183,7.275541795665634,21.9,35.1,14.8,0.5062309169000011,1311132,Chicago,No court,41.695664583984886,-87.67142471407361
17031351100,Census Tract 3511,Douglas,0,0.0,0.0,19913.0,Q1 (lowest),2150,89.34883720930232,52.55813953488372,40.5,49.3,25.3,0.1340797717981705,347265,Chicago,No court,41.82775407620693,-87.61418940813073
17031827500,Census Tract 8275,,0,0.0,0.0,61165.0,Q2,4321,34.644758157833834,16.871094654015273,34.0,39.3,18.0,2.652132365092039,6868991,Chicago,No court,41.592480423828384,-87.63849535867676
17031807600,Census Tract 8076,,0,0.0,0.0,110837.0,Q4 (highest),6365,12.458758837391988,9.442262372348782,21.6,23.8,12.5,1.704220637315694,4413911,Chicago,No court,42.02144236607676,-87.72245722331668
17031826201,Census Tract 8262.01,,0,0.0,0.0,42798.0,Q1 (lowest),3807,83.87181507748883,28.100775193798448,32.5,40.4,14.6,2.3307204512144457,6036538,Chicago,No court,41.60492980927621,-87.56478498493307
17031823001,Census Tract 8230.01,,0,0.0,0.0,67019.0,Q2,7366,12.869942981265272,13.841324200913242,22.0,30.8,16.6,1.4070737007275709,3644304,Chicago,No court,41.706964848259354,-87.78418737485384
17031770500,Census Tract 7705,,0,0.0,0.0,59911.0,Q2,4284,0.5602240896358543,20.91503267973856,38.5,38.0,18.8,2.6076008846373036,6753655,Chicago,No court,42.0080065994728,-87.94474306247247
17031820202,Census Tract 8202.02,,0,0.0,0.0,75918.0,Q2,3313,2.324177482644129,8.856536245071277,25.1,30.9,15.9,8.452539548445785,21891976,Chicago,No court,41.775532409840785,-87.85030415822327
17031611700,Census Tract 6117,New City,0,0.0,0.0,,,1942,14.727085478887744,35.32440782698249,39.1,41.6,20.3,0.1267612050712204,328310,Chicago,No court,41.7975991784673,-87.67197618310486
17031819700,Census Tract 8197,,0,0.0,0.0,210819.0,Q4 (highest),5722,0.6641034603285565,3.139800035081565,11.1,24.0,11.3,0.936981175202356,2426770,Chicago,No court,41.80904449768716,-87.88082463056986
17031300500,Census Tract 3005,Little Village,0,0.0,0.0,76023.0,Q2,3467,4.61494087107009,22.642053648687625,37.4,38.2,17.0,0.1046456585899239,271031,Chicago,No court,41.84742513810452,-87.72193927766429
17031816100,Census Tract 8161,,0,0.0,0.0,62389.0,Q2,5679,25.110054587075187,10.885982685577456,22.3,32.2,15.2,2.362875426449852,6119819,Chicago,No court,41.86156006715462,-87.81839460494339
17031818700,Census Tract 8187,,0,0.0,0.0,122985.0,Q4 (highest),3828,1.044932079414838,3.8249934503536807,17.2,28.2,13.9,0.5910633562780986,1530847,Chicago,No court,41.833550395417745,-87.84611545342476
17031817300,Census Tract 8173,,0,0.0,0.0,72132.0,Q2,2536,41.5615141955836,11.439842209072978,28.4,36.9,17.1,0.2831638602186573,733391,Chicago,No court,41.88408132010722,-87.84784808199684
17031381500,Census Tract 3815,Grand Boulevard,0,0.0,0.0,25019.0,Q1 (lowest),680,93.38235294117648,41.911764705882355,40.0,49.5,21.2,0.0419604260714721,108677,Chicago,No court,41.8101927027242,-87.62286192304728
17031420500,Census Tract 4205,Woodlawn,0,0.0,0.0,22432.0,Q1 (lowest),2019,95.49281822684496,52.847944526993565,40.9,49.2,21.6,0.0949737991064051,245981,Chicago,No court,41.783100254199695,-87.60842612566714
17031811500,Census Tract 8115,,0,0.0,0.0,77296.0,Q2,6173,0.0,11.32350558885469,25.0,30.8,15.2,1.0908297644622291,2825236,Chicago,No court,41.94137737369931,-87.86867036181245
17031081500,Census Tract 815,River North,0,0.0,0.0,141780.0,Q4 (highest),4978,5.303334672559261,8.382145021207837,11.3,22.6,12.3,0.1098981925784984,284635,Chicago,No court,41.89255556439024,-87.62622736015359
17031081600,Census Tract 816,River North,0,0.0,0.0,140323.0,Q4 (highest),4210,0.0,3.159144893111639,9.6,21.4,12.5,0.0497430876127611,128834,Chicago,No court,41.8921061719004,-87.6288737725435
17031081700,Census Tract 817,River North,0,0.0,0.0,134579.0,Q4 (highest),5211,2.4563423527154096,6.812511993859144,9.4,21.6,13.7,0.1386875151545103,359199,Chicago,No court,41.89206687963685,-87.6318681503805
17031081800,Census Tract 818,River North,1,0.8086689309396734,3.693972236603584,157238.0,Q4 (highest),12366,1.6901180656639172,6.534044961992561,9.8,23.1,13.9,0.270711292870855,701139,Chicago,Has court,41.89326840361561,-87.63780051223728
17031081900,Census Tract 819,River North,0,0.0,0.0,238250.0,Q4 (highest),1284,3.894080996884735,4.054054054054054,12.1,25.8,13.2,0.053010670319708,137297,Chicago,No court,41.89799007349442,-87.64148703653306
17031808001,Census Tract 8080.01,,0,0.0,0.0,107500.0,Q4 (highest),3634,1.0731975784259769,3.1095211887727023,18.8,20.9,10.9,0.8504684191586988,2202703,Chicago,No court,42.00702127911577,-87.73540657890038
17031808002,Census Tract 8080.02,,0,0.0,0.0,105982.0,Q3,5250,1.923809523809524,6.109261797532798,20.7,22.3,11.6,1.0636744262907782,2754904,Chicago,No court,42.00506378276852,-87.71943870568327
17031160900,Census Tract 1609,Irving Park,0,0.0,0.0,116063.0,Q4 (highest),2434,3.2456861133935906,4.603370324702015,16.0,27.0,13.2,0.2539521418632055,657733,Chicago,No court,41.95008209261528,-87.72260821864229
17031161000,Census Tract 1610,Irving Park,0,0.0,0.0,113287.0,Q4 (highest),1944,0.102880658436214,6.0730828615542976,14.9,26.3,13.3,0.1646737359400893,426503,Chicago,No court,41.9499766925813,-87.73068290849702
17031161100,Census Tract 1611,Irving Park,0,0.0,0.0,153750.0,Q4 (highest),2007,7.623318385650224,5.405405405405405,15.0,26.1,13.1,0.2227153175999271,576830,Chicago,No court,41.94988008664693,-87.73815501479001
17031161200,Census Tract 1612,Irving Park,1,3.652300949598247,5.001425123105147,76797.0,Q2,2738,5.734112490869247,23.046018991964935,25.5,31.9,14.5,0.1999430113189713,517850,Chicago,Has court,41.94254895539455,-87.73857007450488
17031161300,Census Tract 1613,Irving Park,0,0.0,0.0,58425.0,Q2,3767,0.8229360233607645,17.14975845410628,24.9,31.7,15.8,0.1921252144797582,497602,Chicago,No court,41.94269945635112,-87.73100231395745
17031170100,Census Tract 1701,Dunning,0,0.0,0.0,41699.0,Q1 (lowest),1959,5.002552322613578,26.301369863013697,31.0,32.6,14.6,0.391756255241337,1014644,Chicago,No court,41.95585951087679,-87.79481668090412
17031221600,Census Tract 2216,Bucktown,0,0.0,0.0,138152.0,Q4 (highest),3192,1.4411027568922306,6.25589437283873,12.1,24.7,14.3,0.1265480766706255,327758,Chicago,No court,41.92124783111162,-87.6850970819269
17031242100,Census Tract 2421,East Village,0,0.0,0.0,205338.0,Q4 (highest),3825,0.4444444444444444,5.803921568627451,11.1,24.5,14.9,0.1266337913534734,327980,Chicago,No court,41.89966989379186,-87.66983746673407
17031030500,Census Tract 305,Edgewater,1,1.553036185743128,4.19001735872377,123464.0,Q4 (highest),6439,5.854946420251592,4.219543147208122,13.8,26.5,13.5,0.2386624957335709,618133,Chicago,Has court,41.98722602330775,-87.66493588947519
17031051400,Census Tract 514,North Center,1,3.741114852225963,7.479396909464224,150357.0,Q4 (highest),2673,7.744107744107744,8.567153011597457,12.8,25.9,14.4,0.1337006194623295,346283,Chicago,Has court,41.93574898367545,-87.68099045068772
17031060100,Census Tract 601,Lake View,0,0.0,0.0,145313.0,Q4 (highest),3147,1.207499205592628,2.669208770257388,10.5,23.8,13.2,0.1256936325573709,325545,Chicago,No court,41.957531126654246,-87.66661124673408
17031060300,Census Tract 603,Lake View,0,0.0,0.0,139306.0,Q4 (highest),2880,1.7361111111111112,3.4027777777777777,11.8,24.2,14.3,0.1234905335468735,319839,Chicago,No court,41.95060497838829,-87.671332657177
17031060800,Census Tract 608,Lake View,1,1.9215987701767872,14.270692600143258,83534.0,Q3,5204,7.936202920830131,10.415065334358186,13.5,24.5,14.0,0.0700736837390752,181490,Chicago,Has court,41.953847892861425,-87.64376298272391
17031222800,Census Tract 2228,Logan Square,0,0.0,0.0,71484.0,Q2,951,11.88222923238696,24.60567823343849,27.1,34.5,18.5,0.0430056046591721,111384,Chicago,No court,41.91543487991216,-87.71509532132184
17031050800,Census Tract 508,North Center,1,7.087172218284904,15.907258411232174,157813.0,Q4 (highest),1411,2.2678951098511693,1.771793054571226,12.4,25.4,14.3,0.0628643839276475,162818,Chicago,Has court,41.94500947686522,-87.68092794320717
17031530200,Census Tract 5302,West Pullman,0,0.0,0.0,39579.0,Q1 (lowest),4082,84.10093091621754,20.749632533072024,32.9,43.5,19.0,0.5009069540090533,1297343,Chicago,No court,41.68156117334843,-87.63239539695692
17031530300,Census Tract 5303,West Pullman,4,11.56403584851113,7.919278027570835,56924.0,Q2,3459,92.02081526452731,14.48395490026019,32.4,41.9,17.5,0.5050965487098782,1308194,Chicago,Has court,41.68131428179818,-87.65175241101224
17031530400,Census Tract 5304,West Pullman,2,8.536064874093043,3.947962864588057,83836.0,Q3,2343,90.52496798975672,19.334186939820743,28.5,40.0,17.3,0.5065903780249175,1312063,Chicago,Has court,41.674039591899344,-87.6515267162214
17031530600,Census Tract 5306,West Pullman,0,0.0,0.0,41678.0,Q1 (lowest),2151,98.23337982333798,19.94328922495274,29.7,41.9,18.1,0.3730685238696086,966243,Chicago,No court,41.670391131258775,-87.61899517345975
17031560100,Census Tract 5601,Garfield Ridge,0,0.0,0.0,69491.0,Q2,1250,18.64,8.585858585858585,30.4,32.2,13.7,0.2679132104086968,693892,Chicago,No court,41.81533822683353,-87.74127304244037
17031670200,Census Tract 6702,Englewood,0,0.0,0.0,96152.0,Q3,1319,94.31387414708112,25.322213798332072,32.8,39.9,18.9,0.1260785764258367,326542,Chicago,No court,41.79042479888124,-87.66206265479511
17031670300,Census Tract 6703,Englewood,1,7.293946024799417,7.936714368890388,35038.0,Q1 (lowest),1371,82.64040846097738,39.54512105649303,42.2,48.7,20.7,0.1259967227647386,326330,Chicago,Has court,41.7903576372371,-87.66691669890156
17031670400,Census Tract 6704,Englewood,0,0.0,0.0,33482.0,Q1 (lowest),1478,83.55886332882272,32.47631935047362,37.4,42.8,18.9,0.1260306997561378,326418,Chicago,No court,41.790299679515805,-87.6717697753113
17031661100,Census Tract 6611,Chicago Lawn,0,0.0,0.0,69196.0,Q2,7195,29.798471160528145,11.61917998610146,30.2,36.9,17.0,0.5003366810965919,1295866,Chicago,No court,41.76078630819851,-87.70266357544868
17031804706,Census Tract 8047.06,,0,0.0,0.0,121838.0,Q4 (highest),2284,3.4588441330998245,3.940455341506129,17.9,25.5,13.2,0.6518574603434456,1688303,Chicago,No court,42.05445433446051,-88.10612697769115
17031804710,Census Tract 8047.10,,0,0.0,0.0,97917.0,Q3,3619,2.376347057198121,2.846090080132633,17.4,25.9,13.5,0.8510155259406608,2204120,Chicago,No court,42.03102702448127,-88.10611391939811
17031830007,Census Tract 8300.07,,0,0.0,0.0,57273.0,Q2,4810,85.53014553014553,12.371355060034306,24.6,38.0,16.9,1.4723956249990346,3813487,Chicago,No court,41.48161250774703,-87.72287570372005
17031813801,Census Tract 8138.01,,0,0.0,0.0,57303.0,Q2,3393,1.237842617152962,16.236271890768776,37.3,37.7,17.4,0.3249536291287836,841626,Chicago,No court,41.85034539469145,-87.74345925647334
17031830600,Census Tract 8306,Rogers Park,1,2.1128248468201987,3.9159532744476064,64261.0,Q2,4733,18.82526938516797,14.36429024751428,21.6,31.2,16.1,0.2553656619258467,661394,Chicago,Has court,42.00169801114876,-87.67357383315085
17031830800,Census Tract 8308,Lincoln Square,1,3.9968025579536377,7.696180715480687,85819.0,Q3,2502,4.836131095123901,6.115107913669065,12.3,25.5,15.2,0.1299345788474695,336529,Chicago,Has court,41.96514132497205,-87.67657749631556
17031830700,Census Tract 8307,Uptown,0,0.0,0.0,67462.0,Q2,4096,33.056640625,25.44187204381379,22.5,34.0,16.9,0.3328146694115957,861986,Chicago,No court,41.960979586074984,-87.65916645604885
17031830900,Census Tract 8309,Bucktown,0,0.0,0.0,138092.0,Q4 (highest),2918,0.7196710075394105,3.7774725274725274,14.1,25.6,13.6,0.3824214629565851,990467,Chicago,No court,41.928629713221554,-87.68537284793268
17031835200,Census Tract 8352,Garfield Ridge,0,0.0,0.0,79000.0,Q3,2228,7.854578096947935,8.123877917414722,25.6,31.8,14.8,0.3816766718610279,988538,Chicago,No court,41.79664363946346,-87.74528660098242
17031839900,Census Tract 8399,Bridgeport,1,2.248201438848921,2.245672508332438,89712.0,Q3,4448,0.876798561151079,7.621402877697841,20.7,27.1,14.5,0.4453009048690573,1153324,Chicago,Has court,41.827106914145546,-87.64860469297456
17031839700,Census Tract 8397,Bridgeport,0,0.0,0.0,90149.0,Q3,4802,2.4156601416076633,10.041753653444676,18.7,24.9,13.6,0.2387605656860186,618387,Chicago,No court,41.83309528110362,-87.65218173990887
17031839800,Census Tract 8398,Bridgeport,0,0.0,0.0,79643.0,Q3,2590,2.6254826254826256,17.374517374517374,22.4,25.2,14.2,0.1027707464281687,266175,Chicago,No court,41.83506742249829,-87.64316236388424
17031834800,Census Tract 8348,Englewood,1,5.841121495327103,4.317610933108394,21636.0,Q1 (lowest),1712,92.3481308411215,30.61101028433152,37.2,45.3,19.9,0.2316095673030145,599866,Chicago,Has court,41.78363363419577,-87.64508823373626
17031834700,Census Tract 8347,Englewood,1,6.784260515603799,3.936205814365242,37000.0,Q1 (lowest),1474,75.50881953867028,36.16010854816825,36.1,45.4,20.4,0.2540517562243531,657991,Chicago,Has court,41.79069030494104,-87.64503336486217
17031160800,Census Tract 1608,Irving Park,1,1.8860807242549984,3.938408480238677,83148.0,Q3,5302,0.3583553376084497,7.746613241747759,28.8,33.3,16.6,0.2539096706239566,657623,Chicago,Has court,41.950213133632275,-87.7128145781344
17031242000,Census Tract 2420,West Town,0,0.0,0.0,151724.0,Q4 (highest),4540,18.65638766519824,5.88495575221239,13.5,25.1,13.7,0.1261615883934597,326757,Chicago,No court,41.89973715025454,-87.66495365214334
17031251200,Census Tract 2512,Austin,1,2.3518344308560675,3.9106613578060334,64309.0,Q2,4252,66.22765757290688,6.444026340545625,32.6,39.7,17.8,0.2557112233724635,662289,Chicago,Has court,41.89854909615766,-87.76060396048084
17031251300,Census Tract 2513,Austin,0,0.0,0.0,42182.0,Q1 (lowest),4638,84.21733505821474,24.92453643811988,32.3,41.8,18.6,0.2523042577803449,653465,Chicago,No court,41.89842510301878,-87.77038492958128
17031802701,Census Tract 8027.01,,0,0.0,0.0,136510.0,Q4 (highest),6331,2.7325856894645395,3.1590586005370405,18.4,25.2,13.0,1.2382234975606066,3206984,Chicago,No court,42.08439090996036,-87.91664802036988
17031670100,Census Tract 6701,Englewood,0,0.0,0.0,36313.0,Q1 (lowest),1434,61.01813110181311,25.313807531380757,44.8,47.7,22.5,0.1262137121870835,326892,Chicago,No court,41.79049374081439,-87.6572083533702
17031670600,Census Tract 6706,Englewood,0,0.0,0.0,39000.0,Q1 (lowest),1311,54.157131960335626,41.64759725400457,42.9,46.7,21.5,0.1262677664915822,327032,Chicago,No court,41.78300550752087,-87.67157719892116
17031670700,Census Tract 6707,Englewood,0,0.0,0.0,29541.0,Q1 (lowest),942,54.56475583864119,48.33153928955867,50.8,51.6,24.1,0.126151163634735,326730,Chicago,No court,41.78306861925133,-87.66673146104185
17031670800,Census Tract 6708,Englewood,1,8.920606601248885,7.93746839555132,43145.0,Q1 (lowest),1121,82.60481712756467,21.79023508137432,39.3,45.1,21.1,0.1259847535973139,326299,Chicago,Has court,41.783144230813825,-87.6618790128929
17031670900,Census Tract 6709,Englewood,1,9.00900900900901,7.9376630063348355,30542.0,Q1 (lowest),1110,74.32432432432432,37.747747747747745,34.0,42.1,18.5,0.125981664779914,326291,Chicago,Has court,41.7832124150465,-87.65702200541972
17031802702,Census Tract 8027.02,,0,0.0,0.0,104926.0,Q3,4600,1.7608695652173914,10.437486120364202,20.0,24.1,12.0,2.1851715143081742,5659568,Chicago,No court,42.07425294591295,-87.90761536293479
17031151100,Census Tract 1511,Portage Park,1,1.9790223629527015,3.9192005399139886,76864.0,Q2,5053,0.8905600633287156,9.406137903547233,25.8,32.2,15.2,0.2551540779339518,660846,Chicago,Has court,41.94229034323702,-87.76171751796599
17031151200,Census Tract 1512,Portage Park,0,0.0,0.0,92201.0,Q3,3935,0.3303684879288437,12.295501022494888,23.9,30.0,14.4,0.2531224082891504,655584,Chicago,No court,41.942168985833874,-87.7714953484233
17031241500,Census Tract 2415,Wicker Park,0,0.0,0.0,178750.0,Q4 (highest),2690,1.0780669144981412,5.092936802973978,9.5,22.3,13.9,0.1167854831759838,302473,Chicago,No court,41.90837402474033,-87.67092985513543
17031241100,Census Tract 2411,Wicker Park,0,0.0,0.0,90822.0,Q3,3455,7.149059334298119,19.63350785340314,18.5,30.0,17.2,0.1277276188152223,330813,Chicago,No court,41.90664031263667,-87.689580099312
17031241600,Census Tract 2416,West Town,0,0.0,0.0,121471.0,Q4 (highest),3508,0.0,11.37400228050171,12.3,25.1,16.3,0.1134873983972126,293931,Chicago,No court,41.906709711791784,-87.66532774045673
17031241300,Census Tract 2413,Wicker Park,0,0.0,0.0,182829.0,Q4 (highest),1909,5.552645364064956,10.470324748040314,11.9,25.0,14.6,0.0633535753833608,164085,Chicago,No court,41.90677164540588,-87.68102499193802
17031241400,Census Tract 2414,Wicker Park,3,5.087332541970493,14.981853940708604,200429.0,Q4 (highest),5897,4.697303713752755,5.222994743089707,10.6,23.3,14.1,0.2002422405045892,518625,Chicago,Has court,41.90603117903208,-87.67531375657008
17031243500,Census Tract 2435,West Town,0,0.0,0.0,169198.0,Q4 (highest),4550,5.076923076923077,4.373626373626373,10.1,23.7,14.1,0.2540502118156532,657987,Chicago,No court,41.89264946819298,-87.65252272497801
17031250200,Census Tract 2502,Austin,0,0.0,0.0,45019.0,Q1 (lowest),2623,49.637819290888295,27.106366755623338,34.8,41.2,17.7,0.1927437501640934,499204,Chicago,No court,41.91235084585062,-87.75107298799749
17031250300,Census Tract 2503,Austin,0,0.0,0.0,64537.0,Q2,4882,47.86972552232692,19.827939369111014,34.7,40.8,18.5,0.238951300160464,618881,Chicago,No court,41.91284833290547,-87.76085285614118
17031250400,Census Tract 2504,Galewood,2,3.5893754486719307,3.959242542946133,47281.0,Q1 (lowest),5572,66.2778176597272,15.12921751615219,34.9,42.8,18.4,0.505147128094802,1308325,Chicago,Has court,41.91290493818659,-87.77540575549614
17031250500,Census Tract 2505,Galewood,0,0.0,0.0,120386.0,Q4 (highest),7519,23.793057587445137,11.783481845990158,21.1,31.7,13.3,0.795980908019651,2061581,Chicago,No court,41.91461807427114,-87.79679618185197
17031520200,Census Tract 5202,East Side,1,3.1017369727047144,2.3374182689487437,46803.0,Q1 (lowest),3224,3.163771712158809,30.189264660254423,33.9,36.7,16.7,0.4278224455094,1108055,Chicago,Has court,41.71381604288719,-87.53981030284727
17031520300,Census Tract 5203,East Side,1,1.6641704110500914,2.7025378930958706,54175.0,Q1 (lowest),6009,5.09236145781328,12.897320685638208,34.2,35.9,16.4,0.3700225638111065,958354,Chicago,Has court,41.701114059757145,-87.53956285974738
17031520400,Census Tract 5204,East Side,0,0.0,0.0,49494.0,Q1 (lowest),3739,2.2733351163412676,18.561112596951055,31.6,35.7,15.5,0.2800314132729573,725278,Chicago,No court,41.70300801757881,-87.53070292441947
17031520500,Census Tract 5205,East Side,0,0.0,0.0,84563.0,Q3,5144,0.505443234836703,13.297045101088647,30.0,33.2,15.1,0.4054605658404595,1050138,Chicago,No court,41.69311601322525,-87.53087177565772
17031520600,Census Tract 5206,East Side,0,0.0,0.0,70750.0,Q2,2616,0.8409785932721712,7.721712538226299,33.0,34.5,15.8,0.4206108290849224,1089377,Chicago,No court,41.68952050062107,-87.54039997243045
17031660500,Census Tract 6605,Chicago Lawn,0,0.0,0.0,66944.0,Q2,5217,4.772857964347326,11.5775349817903,33.1,35.3,16.4,0.2537417161778356,657188,Chicago,No court,41.77524615496964,-87.70792709657873
17031660600,Census Tract 6606,Chicago Lawn,0,0.0,0.0,39913.0,Q1 (lowest),5514,39.39064200217628,25.00906782734857,32.3,39.1,18.5,0.2542899812663224,658608,Chicago,No court,41.77728716278019,-87.69334058046168
17031660700,Census Tract 6607,Chicago Lawn,1,5.793742757821553,5.388163875834493,32864.0,Q1 (lowest),1726,75.7821552723059,27.69409038238702,37.6,44.5,20.0,0.1855919795767393,480681,Chicago,Has court,41.77384535870221,-87.68109546141552
17031660800,Census Tract 6608,Chicago Lawn,0,0.0,0.0,43569.0,Q1 (lowest),6022,47.691796745267354,36.15951742627346,37.4,42.3,19.7,0.2530475044672021,655390,Chicago,No court,41.77364113466514,-87.69326554348065
17031660900,Census Tract 6609,Chicago Lawn,3,5.644402634054563,4.289425495867062,45572.0,Q1 (lowest),5315,59.09689557855127,33.53269537480064,36.3,43.4,20.5,0.6993943601283095,1811423,Chicago,Has court,41.76810406428849,-87.69799869880156
17031661000,Census Tract 6610,Chicago Lawn,0,0.0,0.0,49652.0,Q1 (lowest),5085,57.08947885939036,26.017699115044245,34.3,42.8,19.1,0.4320352063407243,1118966,Chicago,No court,41.76181770679686,-87.68504680685662
17031320600,Census Tract 3206,Loop,0,0.0,0.0,117847.0,Q4 (highest),6064,11.477572559366754,12.0446735395189,12.0,22.6,13.6,0.2351628656194546,609069,Chicago,No court,41.87113865016109,-87.61688095273321
17031330200,Census Tract 3302,Near South Side,1,2.4777006937561943,3.4258194227665935,140556.0,Q4 (highest),4036,23.860257680872152,8.820614469772051,18.4,26.6,11.8,0.2919009663365235,756020,Chicago,Has court,41.86134582391289,-87.63053157121091
17031590500,Census Tract 5905,Mckinley Park,2,12.746972594008922,9.05422421719052,72383.0,Q2,1569,6.054811982154239,8.382449246889326,23.1,28.1,13.2,0.2208913709252707,572106,Chicago,Has court,41.82666412676341,-87.67990418471767
17031590600,Census Tract 5906,Mckinley Park,0,0.0,0.0,78137.0,Q3,3739,3.744316662209147,12.570965125709652,28.3,30.4,14.9,0.1343566070576388,347982,Chicago,No court,41.82683323816672,-87.67292441672913
17031671200,Census Tract 6712,Englewood,0,0.0,0.0,42143.0,Q1 (lowest),754,65.6498673740053,26.392572944297083,41.6,48.0,22.9,0.0945649169030899,244922,Chicago,No court,41.77669927931111,-87.66658225346453
17031671100,Census Tract 6711,Englewood,0,0.0,0.0,15735.0,Q1 (lowest),892,100.0,64.79820627802691,47.4,51.5,23.4,0.0946699366946873,245194,Chicago,No court,41.77677708820735,-87.66171593893888
17031671300,Census Tract 6713,Englewood,2,12.03369434416366,10.687745143552764,29563.0,Q1 (lowest),1662,80.68592057761734,39.41034897713598,41.8,48.1,21.5,0.1871302106419025,484665,Chicago,Has court,41.773901599736305,-87.67134933183131
17031671500,Census Tract 6715,Englewood,0,0.0,0.0,43203.0,Q1 (lowest),2440,85.04098360655738,24.959016393442624,36.1,43.3,19.5,0.2861966928032099,741246,Chicago,No court,41.768172252118696,-87.66963136796915
17031671600,Census Tract 6716,Englewood,0,0.0,0.0,25849.0,Q1 (lowest),1737,93.43696027633852,35.6937248128958,36.4,44.7,19.1,0.1572069059779427,407164,Chicago,No court,41.76949999480415,-87.6615113437655
17031671800,Census Tract 6718,Englewood,0,0.0,0.0,52125.0,Q1 (lowest),1222,68.33060556464812,35.188216039279865,35.5,44.0,20.0,0.125187838708133,324235,Chicago,No court,41.761401030756325,-87.65644807626259
17031671900,Census Tract 6719,Englewood,0,0.0,0.0,36337.0,Q1 (lowest),1070,72.71028037383176,7.850467289719626,32.9,40.5,18.1,0.124348838681878,322062,Chicago,No court,41.7613256478098,-87.6612802448461
17031030200,Census Tract 302,Edgewater,0,0.0,0.0,103758.0,Q3,5536,2.8359826589595376,11.40842523955885,15.1,26.7,14.1,0.2572204967745024,666198,Chicago,No court,41.99444147456254,-87.6652300203484
17031030300,Census Tract 303,Edgewater,0,0.0,0.0,67143.0,Q2,3298,18.950879320800485,10.278956943602182,22.6,29.7,14.5,0.121294384375526,314151,Chicago,No court,41.994387546773,-87.6725347948691
17031030400,Census Tract 304,Edgewater,0,0.0,0.0,97442.0,Q3,2870,5.958188153310105,13.066202090592336,18.6,29.2,13.6,0.1337789982038527,346486,Chicago,No court,41.98695159499562,-87.67207882161065
17031814500,Census Tract 8145,,0,0.0,0.0,82361.0,Q3,5571,2.3155627355950457,2.803192524819934,31.0,33.4,14.9,0.4470345036347659,1157814,Chicago,No court,41.83020772112915,-87.77454684305683
17031814600,Census Tract 8146,,0,0.0,0.0,98420.0,Q3,5494,6.534401164907172,11.780973451327434,26.2,32.9,15.2,0.3188489676400045,825815,Chicago,No court,41.86165083041419,-87.78506649238705
17031814800,Census Tract 8148,,0,0.0,0.0,67435.0,Q2,6535,10.925784238714614,7.115531752104055,24.6,32.1,14.6,0.5524801659312707,1430917,Chicago,No court,41.84944078364656,-87.79833827909957
17031814900,Census Tract 8149,,0,0.0,0.0,58670.0,Q2,6676,16.387058118633913,13.16656680647094,27.0,34.2,16.2,0.2390150070193375,619046,Chicago,No court,41.853377681732226,-87.78979337993167
17031815000,Census Tract 8150,,0,0.0,0.0,80814.0,Q3,3705,12.307692307692308,10.32240585207261,28.6,33.5,15.9,0.2075785679315888,537626,Chicago,No court,41.855431025263215,-87.78458545415225
17031815100,Census Tract 8151,,0,0.0,0.0,83364.0,Q3,4586,18.730920191888355,15.830789358918448,27.9,33.2,15.5,0.2573610379661991,666562,Chicago,No court,41.847510248286945,-87.78558110354507
17031823602,Census Tract 8236.02,,0,0.0,0.0,81196.0,Q3,5797,6.4861135069863725,12.198658691317746,23.5,30.3,15.4,1.8715299067022704,4847240,Chicago,No court,41.65374878331929,-87.75886560104647
17031823604,Census Tract 8236.04,,0,0.0,0.0,114886.0,Q4 (highest),3416,1.1709601873536302,6.293911007025761,18.4,27.1,13.3,1.375986684108189,3563789,Chicago,No court,41.65785603262035,-87.7884288128822
17031823605,Census Tract 8236.05,,0,0.0,0.0,97882.0,Q3,4073,6.825435796710042,4.689942678478374,18.1,27.3,13.8,1.2693599352583873,3287627,Chicago,No court,41.66726757717511,-87.7752960961814
17031823702,Census Tract 8237.02,,0,0.0,0.0,77500.0,Q2,5741,10.27695523427974,11.600766417000523,21.2,29.7,16.5,1.5051374755404272,3898288,Chicago,No court,41.71099815647717,-87.8320931326229
17031680900,Census Tract 6809,Englewood,0,0.0,0.0,18333.0,Q1 (lowest),3307,92.04717266404596,38.143074581430746,44.3,49.4,22.5,0.3987968284022937,1032879,Chicago,No court,41.776430537437115,-87.637630384517
17031803607,Census Tract 8036.07,,0,0.0,0.0,120750.0,Q4 (highest),4236,1.0151085930122756,4.700047236655645,16.0,26.1,13.5,0.9772288520255692,2531011,Chicago,No court,42.11731427022251,-88.01415548366515
17031809500,Census Tract 8095,,0,0.0,0.0,75620.0,Q2,4173,6.589983225497244,15.609636184857422,14.6,24.1,12.8,0.2727680591570308,706466,Chicago,No court,42.04645553618981,-87.68772809114459
17031809600,Census Tract 8096,,0,0.0,0.0,71635.0,Q2,2987,29.8627385336458,5.791764312018747,19.3,30.6,13.8,0.5019861095881525,1300138,Chicago,No court,42.04474502910914,-87.69990435662429
17031809700,Census Tract 8097,,0,0.0,0.0,131140.0,Q4 (highest),3768,27.043524416135885,4.679935449166218,18.6,29.3,13.4,0.5108417490737409,1323074,Chicago,No court,42.03746579195837,-87.69991505667528
17031809800,Census Tract 8098,,0,0.0,0.0,77694.0,Q2,2616,12.958715596330276,14.813278008298756,17.6,29.0,14.4,0.2308018415529338,597774,Chicago,No court,42.03752902995283,-87.6854989890893
17031809900,Census Tract 8099,,0,0.0,0.0,121429.0,Q4 (highest),2734,3.3650329188002925,7.320644216691069,12.5,24.4,11.5,0.2955812922685356,765552,Chicago,No court,42.03761856421605,-87.67526315309537
17031810000,Census Tract 8100,,0,0.0,0.0,119231.0,Q4 (highest),5196,2.848344880677444,12.726921591348011,13.0,25.5,12.4,0.428618588194231,1110117,Chicago,No court,42.02615405864603,-87.6670631751976
17031825501,Census Tract 8255.01,,0,0.0,0.0,68245.0,Q2,5041,90.47807974608212,12.568639414276998,29.5,39.0,16.6,2.327032789341109,6026987,Chicago,No court,41.57845778715179,-87.71708607224777
17031720100,Census Tract 7201,Beverly,0,0.0,0.0,149180.0,Q4 (highest),3329,26.103935115650344,12.254753999396318,17.8,30.1,12.8,0.7588112377354644,1965312,Chicago,No court,41.72761654885645,-87.674735694503
17031710100,Census Tract 7101,Auburn Gresham,0,0.0,0.0,28287.0,Q1 (lowest),800,97.625,45.875,34.2,46.0,18.7,0.0830567554753149,215116,Chicago,No court,41.753391794873515,-87.64197131376972
17031710200,Census Tract 7102,Auburn Gresham,0,0.0,0.0,30871.0,Q1 (lowest),4084,99.60822722820764,36.77766895200784,40.4,46.5,21.6,0.2864036435690049,741782,Chicago,No court,41.75511307391936,-87.65142523318099
17031710400,Census Tract 7104,Auburn Gresham,0,0.0,0.0,43986.0,Q1 (lowest),5466,93.7431394072448,35.41895353091841,35.5,44.3,18.5,0.3870512141368994,1002458,Chicago,No court,41.75391837470353,-87.67093275516022
17031710500,Census Tract 7105,Auburn Gresham,1,2.664535038635758,3.4606816639141424,44973.0,Q1 (lowest),3753,90.24780175859313,31.607047517351845,35.5,44.2,19.4,0.2889604121717938,748404,Chicago,Has court,41.74753153067673,-87.67078741322142
17031710600,Census Tract 7106,Auburn Gresham,0,0.0,0.0,42132.0,Q1 (lowest),1802,85.29411764705883,21.420643729189788,35.1,44.3,20.3,0.0945691640270147,244933,Chicago,No court,41.7476600672117,-87.66094335964127
17031710800,Census Tract 7108,Auburn Gresham,0,0.0,0.0,37580.0,Q1 (lowest),4714,97.45439117522274,20.623806492679822,35.3,43.7,18.7,0.3151647806862425,816273,Chicago,No court,41.74783671846103,-87.64881259853628
17031160501,Census Tract 1605.01,Irving Park,0,0.0,0.0,76514.0,Q2,3767,10.24688080700823,6.769312450225644,25.6,31.7,15.8,0.1333010037112141,345248,Chicago,No court,41.95920982697616,-87.71297316635743
17031815200,Census Tract 8152,,0,0.0,0.0,62165.0,Q2,6696,7.825567502986858,9.183980728696175,28.6,33.7,15.9,0.5593450626026066,1448697,Chicago,No court,41.83830656351392,-87.78404917781631
17031815300,Census Tract 8153,,0,0.0,0.0,100754.0,Q3,3514,2.9311326124075125,4.89470688673876,22.2,30.1,13.7,0.3014477287153454,780746,Chicago,No court,41.83937643538006,-87.79535260246516
17031815400,Census Tract 8154,,0,0.0,0.0,72526.0,Q2,5163,6.798373038930854,10.141509433962264,24.4,32.5,15.2,0.5456650764405087,1413266,Chicago,No court,41.83137044188369,-87.79619105095244
17031815500,Census Tract 8155,,0,0.0,0.0,87018.0,Q3,8210,2.7405602923264314,12.5,26.8,33.1,15.1,0.5891915329337433,1525999,Chicago,No court,41.82514698473754,-87.78776768699477
17031823704,Census Tract 8237.04,,0,0.0,0.0,106705.0,Q4 (highest),4415,4.801812004530012,2.4592047805102277,22.1,30.1,15.8,0.7527706692077338,1949667,Chicago,No court,41.726656527511,-87.83916984459908
17031823705,Census Tract 8237.05,,0,0.0,0.0,80339.0,Q3,4670,4.817987152034261,9.404865334491747,21.3,29.0,15.7,0.7549587102334064,1955334,Chicago,No court,41.72446766334769,-87.82619258431366
17031611200,Census Tract 6112,New City,0,0.0,0.0,41480.0,Q1 (lowest),2322,21.53316106804479,35.877533419577404,36.2,38.6,18.2,0.1262700831046321,327038,Chicago,No court,41.804993986070045,-87.66244137027272
17031300900,Census Tract 3009,Little Village,0,0.0,0.0,34259.0,Q1 (lowest),3705,0.0269905533063427,39.78407557354926,40.3,39.1,18.0,0.1263708557723047,327299,Chicago,No court,41.84817964889583,-87.70269927282645
17031061100,Census Tract 611,Wrigleyville,0,0.0,0.0,123750.0,Q4 (highest),1368,3.435672514619883,5.263157894736842,8.5,21.2,14.9,0.0668095759517032,173036,Chicago,No court,41.94913976377956,-87.65680349237415
17031061500,Census Tract 615,Lake View,0,0.0,0.0,126101.0,Q4 (highest),1843,4.232230059685295,5.208898534997287,10.0,22.3,14.8,0.0629010636342716,162913,Chicago,No court,41.94528176721732,-87.6615446963866
17031062000,Census Tract 620,Boystown,0,0.0,0.0,133514.0,Q4 (highest),2963,4.623692203847452,10.766115423557206,10.0,23.0,14.3,0.0868633368185489,224975,Chicago,No court,41.942576880464806,-87.64707858492422
17031062100,Census Tract 621,Lake View,0,0.0,0.0,92313.0,Q3,3602,3.942254303164909,7.773459189339256,10.1,21.9,14.8,0.0945197429486159,244805,Chicago,No court,41.9426914709958,-87.65177037524239
17031062200,Census Tract 622,Lake View,0,0.0,0.0,172841.0,Q4 (highest),3226,0.3719776813391197,8.3384996900186,8.8,21.7,14.3,0.0935610512481139,242322,Chicago,No court,41.94258468283313,-87.6566439915896
17031827901,Census Tract 8279.01,,0,0.0,0.0,131974.0,Q4 (highest),2224,81.11510791366906,5.811138014527845,25.1,35.8,13.2,1.573100724791003,4074312,Chicago,No court,41.58720666785242,-87.57214075094039
17031829500,Census Tract 8295,,0,0.0,0.0,56250.0,Q1 (lowest),3934,35.12963904422979,23.27741935483871,31.9,36.7,17.9,1.9812022295083993,5131290,Chicago,No court,41.4843250945106,-87.63538916741092
17031090200,Census Tract 902,Edison Park,0,0.0,0.0,129787.0,Q4 (highest),6372,0.5649717514124294,6.042059008160703,15.0,26.1,13.5,0.5906444354182336,1529762,Chicago,No court,42.00559417756195,-87.81309619917884
17031090100,Census Tract 901,Edison Park,0,0.0,0.0,136463.0,Q4 (highest),3467,0.2595904239976925,8.278050187481972,16.5,27.3,13.4,0.3603981948951115,933427,Chicago,No court,42.01525522449859,-87.81358722888345
17031829100,Census Tract 8291,,0,0.0,0.0,38988.0,Q1 (lowest),3201,21.46204311152765,27.803811308965948,38.4,39.8,18.5,1.0093795801370509,2614281,Chicago,No court,41.496606713702434,-87.62949314424333
17031824503,Census Tract 8245.03,,0,0.0,0.0,85294.0,Q3,6103,9.995084384728822,6.5213829264296255,20.3,28.8,14.5,4.741729691411698,12281023,Chicago,No court,41.63783942187614,-87.78026419493668
17031824106,Census Tract 8241.06,,0,0.0,0.0,99211.0,Q3,6564,4.478976234003657,13.467397928092623,19.7,28.7,14.7,3.302664336668742,8553861,Chicago,No court,41.61782714909189,-87.82489313817788
17031823801,Census Tract 8238.01,,0,0.0,0.0,121063.0,Q4 (highest),5422,1.2910365178900771,5.659330497503237,19.3,25.7,12.1,17.42949117910971,45142173,Chicago,No court,41.68831390395506,-87.8808171759263
17031801608,Census Tract 8016.08,,0,0.0,0.0,138886.0,Q4 (highest),6271,0.829213841492585,7.688564476885645,18.0,21.2,9.6,2.6296890178641754,6810863,Chicago,No court,42.106879066681714,-87.83070139454311
17031805901,Census Tract 8059.01,,0,0.0,0.0,88321.0,Q3,4260,4.976525821596244,7.614457831325301,20.1,26.7,13.7,1.4323313467089422,3709721,Chicago,No court,42.03504043436844,-87.86994589353003
17031826401,Census Tract 8264.01,,0,0.0,0.0,46967.0,Q1 (lowest),3200,95.40625,25.17459261722647,33.2,44.0,19.7,1.158494942833712,3000488,Chicago,No court,41.63882032690296,-87.59391280051086
17031260400,Census Tract 2604,Garfield Park,0,0.0,0.0,13489.0,Q1 (lowest),1573,88.81118881118881,66.6878575969485,48.0,51.5,24.4,0.1267283863863462,328225,Chicago,No court,41.8842145831622,-87.73804112895397
17031351500,Census Tract 3515,Douglas,0,0.0,0.0,65938.0,Q2,916,74.0174672489083,31.4410480349345,28.6,39.0,19.9,0.0641782896291411,166221,Chicago,No court,41.827240299255905,-87.62773086502357
17031811200,Census Tract 8112,,0,0.0,0.0,75057.0,Q2,5328,0.0,15.69069069069069,24.8,32.1,16.2,1.3232995674111232,3427330,Chicago,No court,41.92222676642067,-87.84537539727226
17031770800,Census Tract 7708,,0,0.0,0.0,79750.0,Q3,5982,0.0,3.4770979605483117,23.0,30.4,15.7,1.515523624047679,3925188,Chicago,No court,41.96331987168868,-87.86642277186971
17031804102,Census Tract 8041.02,,0,0.0,0.0,175204.0,Q4 (highest),6763,1.8039331657548423,4.199909679361734,15.1,23.4,11.1,3.2443868465799843,8402923,Chicago,No court,42.09467734932512,-88.07686847708202
17031802605,Census Tract 8026.05,,0,0.0,0.0,115179.0,Q4 (highest),6793,4.754894744590019,3.2589285714285716,16.9,23.2,11.3,2.027409393402595,5250966,Chicago,No court,42.097126191967774,-87.91294982008868
17031803800,Census Tract 8038,,0,0.0,0.0,131024.0,Q4 (highest),3997,0.8006004503377533,1.8764073054791095,16.0,26.2,13.6,1.2874685133676296,3334528,Chicago,No court,42.10902643251211,-88.03544264411438
17031210800,Census Tract 2108,Avondale,0,0.0,0.0,92375.0,Q3,1063,2.4459078080903107,8.662900188323917,19.4,28.8,15.4,0.0629076273712465,162930,Chicago,No court,41.93574556630854,-87.69893335666946
17031210900,Census Tract 2109,Avondale,0,0.0,0.0,106083.0,Q4 (highest),2938,5.582028590878148,7.794417971409122,17.1,28.0,14.4,0.2144272483115752,555364,Chicago,No court,41.93543908937061,-87.69333660157349
17031031200,Census Tract 312,Uptown,0,0.0,0.0,27869.0,Q1 (lowest),5953,40.483789685872665,35.56220306176316,32.8,36.9,18.1,0.1260527075801123,326475,Chicago,No court,41.972709243107715,-87.65734101661397
17031802300,Census Tract 8023,,0,0.0,0.0,125694.0,Q4 (highest),5726,0.5763185469786937,6.600601663422403,17.3,22.0,10.6,2.009499271811298,5204579,Chicago,No court,42.090480291674965,-87.82421408579492
17031802402,Census Tract 8024.02,,0,0.0,0.0,79375.0,Q3,5816,2.18363136176066,6.933523945675482,23.2,26.9,12.6,2.0917042858885835,5417489,Chicago,No court,42.146419503499125,-87.90944780648941
17031802503,Census Tract 8025.03,,0,0.0,0.0,103482.0,Q3,7355,1.8898708361658736,13.460231135282122,20.7,25.9,13.2,0.745066386407968,1929713,Chicago,No court,42.131618094456016,-87.95377441044859
17031802504,Census Tract 8025.04,,0,0.0,0.0,89188.0,Q3,6895,0.8992023205221176,9.636934110264455,25.3,29.7,14.3,1.3142752012750638,3403957,Chicago,No court,42.13279040285631,-87.93675531772786
17031280900,Census Tract 2809,United Center,0,0.0,0.0,,,1173,74.50980392156863,21.057118499573743,22.3,37.4,18.7,0.0442816723475166,114689,Chicago,No court,41.878626119367894,-87.68513239384794
17031301600,Census Tract 3016,Little Village,0,0.0,0.0,30158.0,Q1 (lowest),3481,4.424016087331227,28.8135593220339,42.7,39.6,18.0,0.1272272303964342,329517,Chicago,No court,41.840757216280224,-87.71225203718653
17031804404,Census Tract 8044.04,,0,0.0,0.0,83862.0,Q3,5597,8.468822583526888,4.246476328153235,26.6,30.3,15.3,1.1967530351491975,3099576,Chicago,No court,42.04228797802891,-88.24412112035321
17031490600,Census Tract 4906,Roseland,0,0.0,0.0,66927.0,Q2,1326,86.8024132730015,19.3815987933635,28.2,39.7,15.7,0.2637521872688213,683115,Chicago,No court,41.71797346218146,-87.62833016169076
17031490700,Census Tract 4907,Roseland,1,4.351610095735422,4.048051690264781,42083.0,Q1 (lowest),2298,93.55961705831156,30.8964316797215,36.0,44.3,18.4,0.2470324186830209,639811,Chicago,Has court,41.7107339228481,-87.62836174419789
17031490800,Census Tract 4908,Roseland,0,0.0,0.0,47212.0,Q1 (lowest),3398,98.79340788699234,5.169340463458111,32.4,41.9,16.7,0.4173891925367994,1081033,Chicago,No court,41.71069010443464,-87.61534690159468
17031491000,Census Tract 4910,Roseland,0,0.0,0.0,33065.0,Q1 (lowest),3576,80.8165548098434,35.47478162862778,39.2,47.2,21.1,0.493428540981657,1277974,Chicago,No court,41.69976276674456,-87.62805360173564
17031491100,Census Tract 4911,Roseland,1,2.413709872073377,1.9592193042242931,77045.0,Q2,4143,93.04851556842868,9.197194076383475,28.8,38.3,15.1,0.5104073841268763,1321949,Chicago,Has court,41.69975328841088,-87.63769938562127
17031824400,Census Tract 8244,,0,0.0,0.0,50357.0,Q1 (lowest),1974,25.278622087132725,11.203814064362335,26.4,32.3,14.5,1.2084785721014923,3129945,Chicago,No court,41.63996038590129,-87.72620964481006
17031720200,Census Tract 7202,Beverly,0,0.0,0.0,121080.0,Q4 (highest),4161,48.23359769286229,2.60978670012547,18.5,32.0,13.5,0.6457454629133417,1672473,Chicago,No court,41.71304185170682,-87.66605461067459
17031720300,Census Tract 7203,Beverly,0,0.0,0.0,136914.0,Q4 (highest),3434,27.955736750145604,2.8538147932440303,14.6,27.7,11.8,0.488323884126104,1264753,Chicago,No court,41.713920061727165,-87.67714391600362
17031720400,Census Tract 7204,Beverly,0,0.0,0.0,122396.0,Q4 (highest),1835,6.485013623978202,3.1079607415485277,18.2,29.9,15.1,0.2560953950365793,663284,Chicago,No court,41.70999186176499,-87.68666864312283
17031720500,Census Tract 7205,Beverly,0,0.0,0.0,111250.0,Q4 (highest),1888,1.1122881355932204,3.1779661016949152,14.3,26.0,13.5,0.402382945403608,1042167,Chicago,No court,41.70283530363434,-87.68910111019298
17031720600,Census Tract 7206,Beverly,0,0.0,0.0,156927.0,Q4 (highest),1930,24.71502590673575,5.129533678756477,14.3,26.9,12.1,0.2248550958537259,582372,Chicago,No court,41.702776448351,-87.67720697969762
17031720700,Census Tract 7207,Beverly,0,0.0,0.0,98897.0,Q3,2993,58.503174072836615,10.424323421316403,19.4,33.3,14.3,0.4053528433336371,1049859,Chicago,No court,41.703107099765624,-87.66513879019321
17031803901,Census Tract 8039.01,,0,0.0,0.0,80744.0,Q3,3629,2.121796638192339,11.160099200881788,20.5,27.0,13.1,2.178081520068819,5641205,Chicago,No court,42.09780216550793,-88.01919947999295
17031801601,Census Tract 8016.01,,0,0.0,0.0,103788.0,Q3,4532,5.317740511915269,5.84356525693497,16.8,22.7,10.4,2.501803097157207,6479640,Chicago,No court,42.14528881284736,-87.86302330673055
17031800900,Census Tract 8009,,0,0.0,0.0,131548.0,Q4 (highest),4510,0.4878048780487805,6.252771618625277,15.5,22.1,10.3,0.8233235057459726,2132398,Chicago,No court,42.073509570951295,-87.75276144758718
17031804305,Census Tract 8043.05,,0,0.0,0.0,90813.0,Q3,7804,1.3326499231163504,13.787801127626858,25.3,30.8,15.9,1.1309384445024455,2929117,Chicago,No court,42.033664368103366,-88.16258626264968
17031081100,Census Tract 811,Rush & Division,0,0.0,0.0,79683.0,Q3,4030,7.196029776674938,16.253101736972706,13.8,25.4,14.6,0.0397669796153495,102996,Chicago,No court,41.90022117745829,-87.62910486945233
17031241200,Census Tract 2412,Wicker Park,0,0.0,0.0,139688.0,Q4 (highest),1684,9.619952494061758,9.38799762329174,12.9,23.8,14.4,0.1266866873514472,328117,Chicago,No court,41.90670706354112,-87.6846857518279
