GEOID,NAMELSAD,neighborhood,court_count,courts_per_10k,courts_per_sqmi,median_household_income,income_q,total_population,pct_white,pct_black,pct_hispanic,poverty_rate,LPA,OBESITY,MHLTH,area_sqmi,ALAND,city,has_court,lat,lon
13121011417,Census Tract 114.17,,0,0.0,0.0,116846.0,Q3,4561,82.70116202587153,5.042753782065336,3.3326024994518746,2.967685205539679,14.7,21.6,11.5,2.906780263074578,7528526,Atlanta,No court,34.05696283667808,-84.36293463161815
13121011416,Census Tract 114.16,,1,1.8740629685157422,0.39135414601596613,151397.0,Q4 (highest),5336,80.9032983508246,3.185907046476762,6.353073463268366,4.246885617214043,14.6,22.3,12.6,2.55523037172373,6618016,Atlanta,Has court,34.065166465774674,-84.34442433918319
13121011421,Census Tract 114.21,,0,0.0,0.0,78715.0,Q2,5913,32.26788432267884,37.02012514797903,30.61051919499408,17.926640261753057,29.8,33.1,19.6,1.5052455841494246,3898568,Atlanta,No court,34.04140785187035,-84.33130411563505
13121006000,Census Tract 60,Westview,0,0.0,0.0,52625.0,Q1 (lowest),3429,14.552347623213766,81.83143773694955,3.6453776611256927,27.559055118110237,31.2,37.7,19.7,0.6047170874922972,1566210,Atlanta,No court,33.737942850678145,-84.43903515844228
13121003600,Census Tract 36,Atlanta University Center,0,0.0,0.0,79114.0,Q2,976,22.848360655737704,76.63934426229508,0.0,14.754098360655737,21.4,33.0,17.3,0.1520790829918903,393883,Atlanta,No court,33.75187311329212,-84.40292326013278
13089021912,Census Tract 219.12,,0,0.0,0.0,162695.0,Q4 (highest),3563,49.76143699129947,42.09935447656469,3.0872859949480773,4.029304029304029,17.1,26.3,11.3,4.268179234807265,11054533,Atlanta,No court,33.83542108641362,-84.15894987891342
13121010604,Census Tract 106.04,,2,6.809669731018046,1.0854511778352356,29432.0,Q1 (lowest),2937,1.634320735444331,95.53966632618318,1.3278855975485189,40.108954715696285,40.5,44.2,21.9,1.842551780162688,4772187,Atlanta,Has court,33.628008530043715,-84.47308188739099
13089023802,Census Tract 238.02,,6,18.376722817764165,1.6144755755933382,71729.0,Q2,3265,26.52373660030628,55.681470137825414,13.26186830015314,10.555972952667167,25.2,35.1,19.3,3.7163770642952785,9625372,Atlanta,Has court,33.69520275701131,-84.3333210099597
13089020100,Census Tract 201,Morningside/Lenox Park,0,0.0,0.0,181250.0,Q4 (highest),2128,91.54135338345864,1.2218045112781954,9.069548872180452,6.7669172932330826,13.2,24.1,13.1,0.4452464644623836,1153183,Atlanta,No court,33.79873577511879,-84.34455724832314
13089022302,Census Tract 223.02,,1,2.360160490913382,0.7388062490176541,95847.0,Q3,4237,58.461175359924475,20.48619306112816,3.0918102430965306,12.898653437278526,16.5,25.6,14.4,1.3535348426324756,3505639,Atlanta,Has court,33.81338612972508,-84.28082972774952
13089022007,Census Tract 220.07,,0,0.0,0.0,45883.0,Q1 (lowest),4827,12.720116014087424,64.36710171949451,3.2939714108141707,34.03990024937656,32.1,36.9,21.4,0.4685087344034026,1213432,Atlanta,No court,33.81030922454012,-84.24666807792013
13089020200,Census Tract 202,Druid Hills,0,0.0,0.0,93068.0,Q3,2068,75.24177949709865,3.67504835589942,3.3849129593810443,9.71953578336557,11.9,23.1,13.0,0.5944676191549922,1539664,Atlanta,No court,33.77563201917778,-84.34036192750042
13089020300,Census Tract 203,Lake Claire,2,4.397537379067722,2.6995674939298535,175885.0,Q4 (highest),4548,73.81266490765171,6.9041336851363235,7.453825857519789,8.53122251539138,13.7,26.0,13.7,0.7408594171092685,1918817,Atlanta,Has court,33.765994230729945,-84.32964716046662
13121000502,Census Tract 5.02,Sherwood Forest,0,0.0,0.0,144643.0,Q4 (highest),1979,83.47650328448711,6.265790803436079,3.58767054067711,3.6382011116725623,14.0,23.3,12.3,0.789208675870313,2044041,Atlanta,No court,33.799306851976404,-84.38035594920089
13121008905,Census Tract 89.05,Blandtown,0,0.0,0.0,119210.0,Q3,5220,57.20306513409962,29.367816091954026,4.252873563218391,3.409961685823755,11.6,22.7,15.9,1.9861570787200558,5144123,Atlanta,No court,33.79665818439937,-84.42107390621914
13121000601,Census Tract 6.01,Home Park,1,2.1997360316761987,2.528327157288059,78140.0,Q2,4546,45.05059392872855,25.824901011878577,7.699076110866695,25.809199318568993,16.1,21.7,20.5,0.3955184348344471,1024388,Atlanta,Has court,33.783362234413275,-84.40725238777836
13121011802,Census Tract 118.02,English Avenue,0,0.0,0.0,47404.0,Q1 (lowest),1625,15.076923076923077,78.58461538461539,0.0,24.43076923076923,30.6,38.2,21.6,0.5093676109696261,1319256,Atlanta,No court,33.768531147483415,-84.40660136145496
13121009405,Census Tract 94.05,Lindbergh/Morosgo,0,0.0,0.0,75991.0,Q2,3615,28.354080221300137,42.60027662517289,4.702627939142462,11.977869986168741,12.5,21.9,15.4,0.28301057765518606,732994,Atlanta,No court,33.820744569140565,-84.3685339144742
13121009203,Census Tract 92.03,Lindridge/Martin Manor,0,0.0,0.0,68598.0,Q2,2527,38.89988128215275,37.633557578155916,14.246141669964384,16.145627225959636,17.2,26.8,17.3,0.5259128613723307,1362108,Atlanta,No court,33.81588221112348,-84.35855571378958
13121000202,Census Tract 2.02,Virginia Highland,0,0.0,0.0,176332.0,Q4 (highest),3999,85.29632408102026,1.550387596899225,6.801700425106276,1.5881147540983607,10.7,21.4,12.3,0.6139850841007758,1590214,Atlanta,No court,33.78704478831381,-84.36285079291308
13121010522,Census Tract 105.22,,0,0.0,0.0,53062.0,Q1 (lowest),5644,5.120481927710843,87.22537207654146,0.15946137491141033,19.989348482158707,30.7,39.6,20.7,1.817658614634508,4707714,Atlanta,No court,33.60876600764041,-84.4803510773179
13121008909,Census Tract 89.09,Underwood Hills,1,5.868544600938967,3.330420380724106,133353.0,Q4 (highest),1704,72.94600938967136,20.129107981220656,0.0,1.5258215962441315,11.7,23.1,14.6,0.30026239503812374,777676,Atlanta,Has court,33.80609604536581,-84.41980965587686
13121008701,Census Tract 87.01,Scotts Crossing,0,0.0,0.0,49679.0,Q1 (lowest),3701,8.916509051607674,78.35720075655229,10.888948932720886,30.8295055390435,34.9,40.5,21.5,1.620208665059452,4196321,Atlanta,No court,33.80093560541791,-84.4729909446078
13121009411,Census Tract 94.11,Pine Hills,1,3.930817610062893,2.0278704286577787,97114.0,Q3,2544,55.58176100628931,13.915094339622641,12.932389937106919,16.784591194968552,16.2,24.9,13.3,0.4931281534895142,1277196,Atlanta,Has court,33.83429763853083,-84.35280918975263
13121009409,Census Tract 94.09,Pine Hills,0,0.0,0.0,90313.0,Q3,1726,36.26882966396292,40.61413673232909,4.634994206257242,24.543849323131255,16.9,24.4,13.5,0.20231252036688974,523987,Atlanta,No court,33.83588685211347,-84.3586791960516
13121010003,Census Tract 100.03,North Buckhead,0,0.0,0.0,145673.0,Q4 (highest),3876,81.47574819401446,6.140350877192982,2.631578947368421,5.535343035343035,11.5,21.6,12.8,0.8052523795477045,2085594,Atlanta,No court,33.856346710794206,-84.37476797826237
13121010222,Census Tract 102.22,,0,0.0,0.0,250001.0,Q4 (highest),2790,87.1326164874552,1.1827956989247312,8.207885304659499,0.5017921146953405,11.3,20.0,10.2,2.2042113708634945,5708881,Atlanta,No court,33.89972234643039,-84.4044416922368
13121010533,Census Tract 105.33,,0,0.0,0.0,55460.0,Q1 (lowest),2491,0.602167804094741,99.39783219590525,0.0,22.72179847450823,29.7,37.5,19.7,1.1902680630180527,3082780,Atlanta,No court,33.56945981983264,-84.52134033192503
13121010006,Census Tract 100.06,North Buckhead,0,0.0,0.0,94655.0,Q3,4082,61.660950514453695,26.531112199902008,3.797158255756982,18.912297893189614,15.1,23.9,14.8,0.2596131719529202,672395,Atlanta,No court,33.8527303271322,-84.36557168591331
13121009406,Census Tract 94.06,Lindbergh/Morosgo,0,0.0,0.0,83220.0,Q2,1795,25.23676880222841,42.28412256267409,18.60724233983287,12.646239554317548,13.9,23.8,14.5,0.23309451626802905,603712,Atlanta,No court,33.823516474314495,-84.36055906993306
13121011512,Census Tract 115.12,,0,0.0,0.0,186563.0,Q4 (highest),3015,77.71144278606965,1.1276948590381426,9.519071310116086,2.8855721393034823,13.5,22.2,12.3,2.25775100116294,5847548,Atlanta,No court,34.08433513284823,-84.40236361932739
13121010215,Census Tract 102.15,,0,0.0,0.0,127671.0,Q4 (highest),1849,51.5413737155219,23.74256354786371,13.304488912925905,0.9194159004867496,14.2,23.2,12.8,1.7779962687085809,4604989,Atlanta,No court,33.99188295993437,-84.3668860595562
13121011657,Census Tract 116.57,,0,0.0,0.0,191897.0,Q4 (highest),3207,49.6102276270658,14.655441222326163,12.97162457125039,2.525724976613658,14.3,21.5,12.4,0.6428782681618602,1665047,Atlanta,No court,34.08250255724448,-84.2006779222484
13121011653,Census Tract 116.53,,2,5.54016620498615,1.3366752088693714,237692.0,Q4 (highest),3610,70.0,9.97229916897507,4.626038781163435,4.1828254847645425,13.4,21.7,11.4,1.4962497895743145,3875269,Atlanta,Has court,34.085511860418926,-84.22037027440118
13121011629,Census Tract 116.29,,1,2.233139794551139,0.6551372101447076,197455.0,Q4 (highest),4478,43.456900401965164,16.346583296114336,4.466279589102277,2.010845006778129,17.0,20.1,12.4,1.526397805704119,3953352,Atlanta,Has court,34.03390117465633,-84.19661268112147
13121010132,Census Tract 101.32,,2,5.892751915144372,2.88639476479117,101742.0,Q3,3394,54.33117265763111,24.779021803182086,8.956982911019445,5.843373493975903,16.6,23.1,13.5,0.6929059130775895,1794618,Atlanta,Has court,33.91492386920397,-84.3679592921773
13121010216,Census Tract 102.16,,0,0.0,0.0,125863.0,Q4 (highest),3646,51.75534832693363,39.13878222709819,2.8250137136588043,7.816785518376303,16.8,24.5,15.2,0.7649657064048173,1981252,Atlanta,No court,33.94997604241936,-84.37663813892756
13121010217,Census Tract 102.17,,0,0.0,0.0,99483.0,Q3,2332,65.13722126929675,14.365351629502573,16.295025728987994,6.475128644939966,14.7,24.0,13.3,0.995107313238517,2577316,Atlanta,No court,33.955569865165195,-84.3828112562412
13121011649,Census Tract 116.49,,2,3.696174459434485,0.87928961218056,169000.0,Q4 (highest),5411,35.169099981519125,5.85843651820366,4.675660691184624,8.501201256699316,16.9,18.6,10.9,2.274563434270738,5891092,Atlanta,Has court,34.049240331554856,-84.16479508121202
13121010220,Census Tract 102.20,,0,0.0,0.0,137125.0,Q4 (highest),4512,71.76418439716312,8.62145390070922,8.51063829787234,4.122340425531915,13.4,22.4,12.3,1.8698638758171853,4842925,Atlanta,No court,33.92244114059663,-84.39279733837189
13089021906,Census Tract 219.06,,0,0.0,0.0,46238.0,Q1 (lowest),5944,16.066621803499327,79.45827725437415,2.6749663526244953,22.38303601480983,35.1,41.6,20.7,1.2001051742324675,3108258,Atlanta,No court,33.797866012064006,-84.17664587067688
13121010601,Census Tract 106.01,,1,3.115264797507788,0.8856694597870006,64844.0,Q2,3210,27.78816199376947,64.3613707165109,8.161993769470405,30.34267912772586,26.9,36.2,17.6,1.1290894011864148,2924328,Atlanta,Has court,33.66101920491481,-84.45727060540075
13121010603,Census Tract 106.03,,0,0.0,0.0,46802.0,Q1 (lowest),3498,0.6861063464837049,94.05374499714122,0.0,13.664951400800456,27.1,36.2,19.8,2.3725746991877954,6144940,Atlanta,No court,33.64552985143825,-84.46868880091739
13089020802,Census Tract 208.02,East Lake,1,2.300966405890474,0.9602310497153587,109755.0,Q3,4346,44.73078693051081,46.66359871145882,5.591348366313851,7.184107184107185,18.5,30.3,15.6,1.0414160220047353,2697255,Atlanta,Has court,33.74709191866065,-84.30189969641867
13089021911,Census Tract 219.11,,0,0.0,0.0,46938.0,Q1 (lowest),3128,0.0,86.31713554987212,11.636828644501279,37.89370078740157,32.4,42.1,22.7,0.35057845827857115,907994,Atlanta,No court,33.82056518880194,-84.19196334293076
13089021410,Census Tract 214.10,,1,1.8758206715438004,0.9527776909196922,102609.0,Q3,5331,53.42337272556743,8.760082536109548,52.54173700994185,10.166948039767398,24.8,29.0,16.7,1.0495627778970404,2718355,Atlanta,Has court,33.85460511051304,-84.30648504736172
13089021503,Census Tract 215.03,,0,0.0,0.0,72500.0,Q2,3781,58.82041787886803,22.82464956360751,8.595609627082784,15.77080491132333,16.3,25.0,14.5,0.7435474604515542,1925779,Atlanta,No court,33.82079835315112,-84.32530228113714
13121001001,Census Tract 10.01,Georgia Tech,0,0.0,0.0,102591.0,Q3,4925,40.79187817258883,12.873096446700508,9.197969543147208,20.885442721360683,13.7,20.5,17.8,0.3611036035688196,935254,Atlanta,No court,33.78112527009494,-84.39163970121591
13121008903,Census Tract 89.03,,0,0.0,0.0,97098.0,Q3,3225,33.984496124031004,45.48837209302326,21.333333333333336,16.124031007751938,16.1,27.2,16.1,0.4459507148295668,1155007,Atlanta,No court,33.81727559179421,-84.44389859610926
13121004300,Census Tract 43,Atlanta University Center,0,0.0,0.0,51838.0,Q1 (lowest),2389,25.78484721640854,58.18334030975304,1.9673503557974048,26.594594594594597,21.0,29.0,25.7,0.2409285293985918,624002,Atlanta,No court,33.74530425859835,-84.40916286791347
13121980000,Census Tract 9800,,0,,0.0,,nan,0,,,,,,,,1.052133446178129,2725013,Atlanta,No court,33.65185025650191,-84.42574167346666
13089021208,Census Tract 212.08,,0,0.0,0.0,86448.0,Q3,5149,50.689454262963686,22.23732763643426,7.28296756651777,3.9619343561856675,15.4,24.2,13.8,1.3949705558481351,3612957,Atlanta,No court,33.90121062707118,-84.30369823196125
13089980000,Census Tract 9800,East Lake,0,,0.0,,nan,0,,,,,,,,0.2488915006556015,644626,Atlanta,No court,33.7425671971151,-84.30226061078257
13089020400,Census Tract 204,Candler Park,1,3.684598378776714,2.555488899851998,188438.0,Q4 (highest),2714,82.68238761974945,3.500368459837878,4.384672070744289,2.9108327192336034,11.2,23.8,13.4,0.3913145543531476,1013500,Atlanta,Has court,33.766075422475616,-84.3443446757855
13089020500,Census Tract 205,Edgewood,1,2.8200789622109417,1.535939065041687,99961.0,Q3,3546,53.60970107163,30.51325437112239,6.768189509306261,6.655386350817823,15.7,27.6,15.4,0.6510674952934145,1686257,Atlanta,Has court,33.7526586613212,-84.34161949558252
13089020600,Census Tract 206,Edgewood,0,0.0,0.0,84297.0,Q2,2885,43.327556325823224,44.0207972270364,7.937608318890814,27.001733102253034,17.2,30.7,17.1,0.4275228302216072,1107279,Atlanta,No court,33.75761719217976,-84.33568216686461
13089020801,Census Tract 208.01,Kirkwood,0,0.0,0.0,175524.0,Q4 (highest),2857,61.428071403570186,24.221211060553028,7.6303815190759545,3.080154007700385,13.6,26.0,13.7,0.532343006994627,1378762,Atlanta,No court,33.75587381611793,-84.31625347819096
13121001002,Census Tract 10.02,Georgia Tech,3,4.056246619794483,4.403633099151914,55985.0,Q1 (lowest),7396,45.767982693347754,22.674418604651162,9.167117360735533,29.99263080324245,16.8,19.5,25.3,0.681255666049418,1764444,Atlanta,Has court,33.776356409830306,-84.39951243766109
13089023501,Census Tract 235.01,,0,0.0,0.0,69904.0,Q2,3845,7.100130039011704,81.89856957087126,2.8348504551365408,14.37125748502994,25.3,35.4,18.3,0.8873766982704167,2298295,Atlanta,No court,33.73505471204899,-84.2691203585503
13089021703,Census Tract 217.03,,0,0.0,0.0,198393.0,Q4 (highest),4331,82.05957053798198,3.625028861694759,6.557377049180328,3.205128205128205,14.0,22.2,10.8,2.015093120122564,5219067,Atlanta,No court,33.84465887022554,-84.27391730777222
13089022401,Census Tract 224.01,,1,2.4154589371980677,0.9730000623624552,113975.0,Q3,4140,71.85990338164251,4.154589371980676,9.927536231884059,9.251323418200151,12.8,23.2,13.5,1.0277491633165867,2661858,Atlanta,Has court,33.78946523095022,-84.3393252361415
13089022403,Census Tract 224.03,,0,0.0,0.0,224286.0,Q4 (highest),3904,86.83401639344262,0.5122950819672131,6.429303278688526,6.915983606557377,12.3,22.7,11.3,1.8779832184550662,4863954,Atlanta,No court,33.779676130836265,-84.32177189291637
13121011431,Census Tract 114.31,,0,0.0,0.0,113152.0,Q3,4333,13.408723747980615,6.877452111700901,79.25225017309023,5.954304177244404,29.4,29.3,17.9,0.26137843109697806,676967,Atlanta,No court,34.03287525728456,-84.32502637563734
13121011430,Census Tract 114.30,,0,0.0,0.0,58553.0,Q1 (lowest),4359,15.003441156228492,28.07983482450103,51.22734572149575,24.753383803624686,28.4,33.0,19.4,0.381046167009268,986905,Atlanta,No court,34.02758803310386,-84.32583025255141
13121011438,Census Tract 114.38,,0,0.0,0.0,114261.0,Q3,5507,40.69366261122208,14.654076629743962,19.52061013255856,14.018521881242055,19.3,26.5,15.5,1.8911585690744512,4898078,Atlanta,No court,34.01559632305305,-84.34336540804074
13121011435,Census Tract 114.35,,0,0.0,0.0,109644.0,Q3,3604,70.86570477247503,15.98224195338513,5.826859045504994,9.433962264150944,16.4,25.0,14.5,1.211499821620795,3137770,Atlanta,No court,34.01153464444122,-84.32117081358234
13121011436,Census Tract 114.36,,2,6.365372374283896,1.2734541596171556,158226.0,Q4 (highest),3142,64.035646085296,13.653723742838956,11.648631444939529,8.928571428571429,14.9,23.3,12.2,1.5705316009186143,4067658,Atlanta,Has court,33.9991907510962,-84.31334076721335
13121011507,Census Tract 115.07,,0,0.0,0.0,250001.0,Q4 (highest),4291,75.39035189932417,6.105802843160102,13.656490328594733,4.870659519925425,13.8,23.7,13.3,8.273223273621346,21427549,Atlanta,No court,34.157790710421885,-84.33558856302159
13121011511,Census Tract 115.11,,0,0.0,0.0,250001.0,Q4 (highest),2372,76.34907251264755,3.1618887015177064,6.155143338954469,0.5112910097997444,13.2,21.4,12.3,2.3883898303775926,6185901,Atlanta,No court,34.097882955118656,-84.33156956026102
13121011655,Census Tract 116.55,,0,0.0,0.0,188681.0,Q4 (highest),2677,86.02913709376168,0.1867762420620097,6.985431453119164,6.723944714232349,15.3,23.1,13.5,1.1969584415062926,3100108,Atlanta,No court,34.085215614034446,-84.31210242105149
13121010120,Census Tract 101.20,,0,0.0,0.0,83906.0,Q2,2775,50.34234234234234,14.774774774774773,10.234234234234235,8.792792792792794,13.6,24.8,14.9,0.3697982384474368,957773,Atlanta,No court,34.00346535970125,-84.3410912895687
13121011439,Census Tract 114.39,,0,0.0,0.0,124509.0,Q4 (highest),4031,85.09054825105433,1.1659637806995784,4.837509302902506,6.9957826841974695,14.6,23.5,12.6,1.6185824026983908,4192109,Atlanta,No court,33.98533311613275,-84.28104353705028
13121011429,Census Tract 114.29,,0,0.0,0.0,146333.0,Q4 (highest),5395,46.06116774791474,23.373493975903614,10.324374420759963,11.145096539858535,16.4,23.7,13.5,1.4281413659059423,3698869,Atlanta,No court,34.03214558814271,-84.26453496114415
13121011441,Census Tract 114.41,,0,0.0,0.0,138553.0,Q4 (highest),3987,74.6175068974166,4.991221469776774,10.15801354401806,2.2573363431151243,13.5,23.2,13.4,1.281627945766544,3319401,Atlanta,No court,34.018758647696956,-84.29718545807758
13121011444,Census Tract 114.44,,1,2.635740643120717,0.3550983585879359,179112.0,Q4 (highest),3794,65.60358460727464,12.519768054823405,4.981549815498155,5.007907221929362,14.8,21.0,11.8,2.8161211557736947,7293720,Atlanta,Has court,34.00534398371945,-84.24439444983533
13121011644,Census Tract 116.44,,0,0.0,0.0,121150.0,Q3,3887,42.14046822742475,21.63622330846411,9.750450218677644,10.162078723951634,16.7,23.7,14.0,0.4062930021297396,1052294,Atlanta,No court,34.104257836174384,-84.26077289612641
13121011652,Census Tract 116.52,,3,9.927200529450694,1.1471754696428207,137500.0,Q4 (highest),3022,38.749172733289214,3.209794837855725,17.339510258107214,4.521276595744681,16.0,19.4,12.3,2.6151186800865487,6773126,Atlanta,Has court,34.09029955716691,-84.24338240677389
13121011656,Census Tract 116.56,,1,2.478929102627665,0.6187643672256914,186211.0,Q4 (highest),4034,58.35399107585523,3.0738720872583043,3.4457114526524544,0.37603409375783403,12.8,20.2,11.0,1.6161240901502247,4185742,Atlanta,Has court,34.07375303685477,-84.22426747663803
13121011509,Census Tract 115.09,,1,4.1806020066889635,0.20851611116455981,243269.0,Q4 (highest),2392,86.32943143812709,1.4214046822742474,5.309364548494983,2.508361204013378,14.4,22.5,12.7,4.795792490158256,12421045,Atlanta,Has court,34.10264514313374,-84.38734882797895
13121011634,Census Tract 116.34,,0,0.0,0.0,94833.0,Q3,2293,47.44875708678587,17.095508068033144,2.3549934583515046,5.713039686000872,17.6,23.8,14.0,0.6025869617928732,1560693,Atlanta,No court,34.056446785833415,-84.22269156902887
13121011651,Census Tract 116.51,,0,0.0,0.0,141413.0,Q4 (highest),1995,48.97243107769423,12.230576441102757,10.6265664160401,0.5513784461152882,13.8,20.4,12.2,1.027364991652471,2660863,Atlanta,No court,34.067593694783746,-84.23653260243663
13089023212,Census Tract 232.12,,0,0.0,0.0,73667.0,Q2,3542,2.1456804065499715,91.84076792772446,2.20214568040655,8.09052333804809,23.5,35.6,16.6,1.3555993309621512,3510986,Atlanta,No court,33.73483421313218,-84.17521398999207
13121011419,Census Tract 114.19,,2,3.456619426201175,0.7574549337816083,155972.0,Q4 (highest),5786,82.63048738333909,4.23435879709644,9.643968199101279,4.562737642585551,15.4,21.8,11.8,2.640421113920219,6838659,Atlanta,Has court,34.046982729646935,-84.37424111400726
13121007500,Census Tract 75,Perkerson,0,0.0,0.0,22981.0,Q1 (lowest),3023,8.997684419450877,82.83162421435661,16.50678134303672,31.798465131798466,40.6,43.5,21.6,1.2843159891088298,3326363,Atlanta,No court,33.69507722879291,-84.41169721533592
13089021412,Census Tract 214.12,,1,2.5779840164990975,0.826156161462922,220694.0,Q4 (highest),3879,82.2892498066512,2.91312193864398,7.630832688837328,1.3663315287445217,11.6,22.9,13.3,1.2104249131656208,3134986,Atlanta,Has court,33.87183405093707,-84.3152254263318
13089023601,Census Tract 236.01,,1,4.219409282700422,1.4596703609460284,92717.0,Q3,2370,32.32067510548523,58.64978902953587,1.8143459915611813,11.31279020683833,20.6,30.9,15.3,0.6850861857275015,1774365,Atlanta,Has court,33.73519920792588,-84.2982797745111
13089021307,Census Tract 213.07,,0,0.0,0.0,76500.0,Q2,3359,27.47841619529622,7.6213158678178035,53.408752604941945,19.33152664859982,29.0,28.8,16.4,1.397658985292596,3619920,Atlanta,No court,33.890990850912125,-84.27426341410046
13089021415,Census Tract 214.15,,0,0.0,0.0,121397.0,Q3,4530,51.523178807947026,20.684326710816777,11.655629139072849,14.769161810847153,13.0,23.9,13.2,0.7835210047305239,2029310,Atlanta,No court,33.84041484669073,-84.34426694185554
13089021417,Census Tract 214.17,,0,0.0,0.0,69511.0,Q2,4513,26.944382893862173,9.882561489031687,59.82716596499002,20.74008420119654,24.6,30.4,17.7,0.7282157291848457,1886070,Atlanta,No court,33.839026931630684,-84.33320611730353
13089021305,Census Tract 213.05,,0,0.0,0.0,54435.0,Q1 (lowest),5813,28.470669189747117,10.700154825391364,62.8591088938586,27.951933124346915,33.4,34.5,18.8,0.8461054645813031,2191403,Atlanta,No court,33.93355747728194,-84.27626678176392
13121011505,Census Tract 115.05,,1,2.3094688221709005,0.6217273345729529,205694.0,Q4 (highest),4330,75.91224018475751,11.639722863741339,6.212471131639723,1.9630484988452657,13.6,22.1,12.4,1.6084221239635088,4165794,Atlanta,Has court,34.079362742133384,-84.37099987096532
13121011422,Census Tract 114.22,,0,0.0,0.0,118472.0,Q3,3343,72.39006880047862,10.320071791803768,3.9485492072988335,3.755299818291944,16.6,25.7,14.4,1.4290757331694202,3701289,Atlanta,No court,34.00475012307282,-84.37339122474764
13121011424,Census Tract 114.24,,0,0.0,0.0,107061.0,Q3,6265,62.777334397446126,9.816440542697526,12.801276935355146,1.6121308858739025,15.0,22.6,12.6,1.8817901859004753,4873814,Atlanta,No court,34.00436064962209,-84.26242993725675
13121007603,Census Tract 76.03,Fort McPherson,2,6.34517766497462,1.6388460192625411,19375.0,Q1 (lowest),3152,4.473350253807107,91.78299492385787,0.666243654822335,42.53611556982344,39.8,43.0,20.2,1.220370905193383,3160746,Atlanta,Has court,33.706501550034496,-84.4402936079816
13121007604,Census Tract 76.04,Campbellton Road,0,0.0,0.0,30216.0,Q1 (lowest),3573,6.129303106633081,92.41533725160929,1.595298068849706,34.25692695214106,38.7,43.4,23.8,0.4222915318526572,1093730,Atlanta,No court,33.70113263790897,-84.46546904057853
13121007703,Census Tract 77.03,Kings Forest,0,0.0,0.0,59464.0,Q1 (lowest),3814,0.0,96.72260094389092,2.4383848977451494,18.799160985841638,27.9,35.8,16.2,1.7477227693719044,4526581,Atlanta,No court,33.7032706701281,-84.50725057321789
13089021813,Census Tract 218.13,,0,0.0,0.0,53326.0,Q1 (lowest),2566,11.145752143413874,55.49493374902572,37.373343725643025,15.237724084177708,26.5,35.0,19.9,0.20556543119118698,532412,Atlanta,No court,33.90114212547157,-84.23847364656112
13121009802,Census Tract 98.02,Mt. Paran/Northside,0,0.0,0.0,238869.0,Q4 (highest),4114,81.40495867768594,8.167233835683033,2.3578026251823045,2.0904229460379193,12.1,21.0,11.4,4.104465348874204,10630516,Atlanta,No court,33.86612380602534,-84.42541835684099
13121011624,Census Tract 116.24,,2,4.964010920824026,1.9355149203483346,241875.0,Q4 (highest),4029,57.25986597170514,12.683047902705386,7.470836435840159,0.9684628755897691,13.2,20.1,11.8,1.0333167566799537,2676278,Atlanta,Has court,34.0751361038604,-84.19156021732638
13089021210,Census Tract 212.10,,0,0.0,0.0,214618.0,Q4 (highest),5602,80.5783648696894,1.8921813637986433,2.2491967154587647,1.9457336665476617,14.5,22.2,11.7,2.4337425501585335,6303364,Atlanta,No court,33.94351250508219,-84.3113169381741
13089021211,Census Tract 212.11,,0,0.0,0.0,148125.0,Q4 (highest),4596,82.83289817232375,3.8729329852045256,3.0678851174934727,1.5230635335073976,13.9,22.3,11.0,1.9294479356661112,4997247,Atlanta,No court,33.948462516202326,-84.28417281801882
13089021808,Census Tract 218.08,,0,0.0,0.0,126979.0,Q4 (highest),5104,55.956112852664575,11.892633228840126,29.231974921630094,12.362852664576803,23.5,28.6,14.8,1.1612802839240954,3007702,Atlanta,No court,33.87615948931027,-84.23948046131748
13089023410,Census Tract 234.10,,0,0.0,0.0,34167.0,Q1 (lowest),3205,3.7129485179407173,92.73010920436818,0.062402496099843996,22.39273410585656,32.8,42.4,20.9,1.246145541987067,3227502,Atlanta,No court,33.706627594014144,-84.27622162403507
13089023411,Census Tract 234.11,,0,0.0,0.0,56927.0,Q1 (lowest),3105,5.990338164251208,92.68921095008051,2.3832528180354267,4.9238743116294135,25.4,34.7,15.7,1.124189764585782,2911638,Atlanta,No court,33.70319119826552,-84.29152661197928
13089023413,Census Tract 234.13,,0,0.0,0.0,68875.0,Q2,4077,3.4584253127299487,93.32842776551385,0.17169487368162864,14.69498641639911,25.7,36.8,15.5,1.5454233764789644,4002628,Atlanta,No court,33.69143346824571,-84.24010902090902
13089021604,Census Tract 216.04,,0,0.0,0.0,179750.0,Q4 (highest),2932,81.41200545702591,0.5457025920873124,6.30968622100955,0.20463847203274216,12.0,21.4,10.4,1.340918181860302,3472962,Atlanta,No court,33.83242826306885,-84.29915210718185
13089021910,Census Tract 219.10,,0,0.0,0.0,72313.0,Q2,7146,14.46963336132102,69.42345368038063,5.821438567030507,12.137757244855104,22.8,33.1,16.8,1.4252602714761613,3691407,Atlanta,No court,33.82129495503999,-84.20473971561992
13089023112,Census Tract 231.12,,0,0.0,0.0,36691.0,Q1 (lowest),3373,9.16098428698488,73.49540468425734,8.241921138452417,26.119181737325825,30.5,40.5,19.8,0.9532885866652664,2469006,Atlanta,No court,33.76478326276712,-84.2409536449608
13089023114,Census Tract 231.14,,0,0.0,0.0,51250.0,Q1 (lowest),3929,7.890048358360906,68.185288877577,7.457368287095953,11.046067701705269,27.7,34.2,16.3,0.9228328471019943,2390126,Atlanta,No court,33.77877950665506,-84.2296008789678
13089023213,Census Tract 232.13,,0,0.0,0.0,67281.0,Q2,7113,3.739631660340222,93.2799100238999,0.8857022353437369,24.8030388294879,30.6,39.8,18.4,1.9560136958163512,5066052,Atlanta,No court,33.72071408449924,-84.2043696519561
13089023803,Census Tract 238.03,,0,0.0,0.0,71953.0,Q2,5619,16.995906744972412,69.38957109806016,9.022957821676455,18.739989321943405,26.9,35.7,17.2,1.9105930220526117,4948413,Atlanta,No court,33.70775534546616,-84.31351336290437
13089023315,Census Tract 233.15,,0,0.0,0.0,80078.0,Q2,7518,4.894918861399308,86.77839851024208,3.471667996807662,6.572645023948908,26.2,37.2,17.7,8.999307718800242,23308099,Atlanta,No court,33.75232025713867,-84.07022122183703
13089021411,Census Tract 214.11,,1,2.3223409196470044,1.5534220727304788,133449.0,Q4 (highest),4306,70.80817464003715,17.46400371574547,5.875522526706921,4.737575476079889,10.3,21.9,14.0,0.6437400482164396,1667279,Atlanta,Has court,33.86677725714386,-84.32931192017108
13089021416,Census Tract 214.16,,0,0.0,0.0,119696.0,Q3,2166,58.21791320406279,8.033240997229916,46.445060018467224,8.910433979686056,18.1,27.0,15.6,0.30026548385552365,777684,Atlanta,No court,33.84732397856297,-84.33397126229679
13121005501,Census Tract 55.01,Peoplestown,2,6.70465973851827,4.3429286230504935,73971.0,Q2,2983,28.32718739523969,62.35333556821991,3.4864230640295006,43.88199798860208,29.1,35.5,22.0,0.4605187359941436,1192738,Atlanta,Has court,33.7298671847526,-84.38373704629751
13121005700,Census Tract 57,Pittsburgh,0,0.0,0.0,42381.0,Q1 (lowest),1290,4.4186046511627906,92.94573643410853,0.0,35.50387596899225,31.5,38.7,19.8,0.29034343016261077,751986,Atlanta,No court,33.73214705842482,-84.40382320454052
13121005800,Census Tract 58,Adair Park,1,8.019246190858059,2.061365298704358,57813.0,Q1 (lowest),1247,30.553327987169205,39.21411387329591,13.632718524458701,18.84522854851644,24.3,33.6,17.6,0.48511537505193075,1256443,Atlanta,Has court,33.731861349234116,-84.41059843437542
13121006100,Census Tract 61,Bush Mountain,0,0.0,0.0,62391.0,Q2,3065,11.32137030995106,79.15171288743883,3.360522022838499,33.70309951060359,31.1,37.8,18.4,0.8675522820955155,2246950,Atlanta,No court,33.727755163681444,-84.43703232579873
13121006300,Census Tract 63,Pittsburgh,0,0.0,0.0,44198.0,Q1 (lowest),1673,6.694560669456067,88.76270173341302,1.315002988643156,28.451882845188287,31.1,38.8,21.1,0.511880363924466,1325764,Atlanta,No court,33.72376130618864,-84.39970501595178
13121006400,Census Tract 64,Chosewood Park,3,34.09090909090909,6.1847358102638434,51302.0,Q1 (lowest),880,41.93181818181818,32.95454545454545,20.113636363636363,20.454545454545457,25.1,32.5,18.9,0.48506518176918195,1256313,Atlanta,Has court,33.71881550354385,-84.37357905657396
13121006500,Census Tract 65,Capitol View,1,3.048780487804878,0.78738380334892,64405.0,Q2,3280,22.896341463414636,69.0548780487805,2.408536585365854,20.548780487804876,26.7,35.1,18.2,1.2700286642254712,3289359,Atlanta,Has court,33.714135062724424,-84.41014538110774
13121008602,Census Tract 86.02,English Park,2,14.9812734082397,1.1568835111175233,42321.0,Q1 (lowest),1335,4.719101123595506,79.7752808988764,10.037453183520599,30.41198501872659,35.5,42.3,22.2,1.7287825271777322,4477526,Atlanta,Has court,33.79309946571984,-84.48877707614723
13121009501,Census Tract 95.01,Peachtree Battle Alliance,0,0.0,0.0,157201.0,Q4 (highest),3739,88.47285370419898,2.8617277346884196,6.632789515913346,2.754747258625301,12.3,20.4,10.6,1.7391377875109846,4504346,Atlanta,No court,33.82929051686086,-84.39726541153591
13121006801,Census Tract 68.01,Chosewood Park,2,11.11111111111111,7.840821503931024,,nan,1800,40.61111111111111,57.22222222222222,23.72222222222222,41.66666666666667,43.1,47.1,22.6,0.2550753130902537,660642,Atlanta,Has court,33.71029239723215,-84.3677884806736
13121011100,Census Tract 111,,1,3.9666798889329633,0.7500213568846923,78772.0,Q2,2521,34.31178103927013,52.955176517255055,9.083696945656486,11.67129813418023,20.1,29.6,15.0,1.3332953666194591,3453219,Atlanta,Has court,33.6880878875242,-84.42723083523914
13121011202,Census Tract 112.02,,1,2.4026910139356077,0.8065942970716131,56790.0,Q1 (lowest),4162,21.047573282075923,69.60595867371457,4.973570398846708,24.67438494934877,27.7,36.2,18.0,1.2397806476323443,3211017,Atlanta,Has court,33.67718992565485,-84.45031436445048
13121002400,Census Tract 24,Hunter Hills,0,0.0,0.0,40612.0,Q1 (lowest),2764,5.861070911722142,87.87988422575977,1.9175108538350218,41.20839363241679,36.8,41.8,21.0,0.5221051217225717,1352246,Atlanta,No court,33.75866980366474,-84.4248088814736
13121002600,Census Tract 26,Downtown,0,0.0,0.0,25938.0,Q1 (lowest),986,6.490872210953347,83.16430020283975,4.766734279918864,29.80269989615784,36.4,41.8,22.0,0.36923105435237535,956304,Atlanta,No court,33.75879374778416,-84.40262852074929
13121003000,Census Tract 30,Inman Park,0,0.0,0.0,160375.0,Q4 (highest),4144,72.46621621621621,5.043436293436294,7.408301158301159,5.304326570520655,11.0,22.5,14.1,0.47320721177086533,1225601,Atlanta,No court,33.758881041435686,-84.35744512612216
13121003100,Census Tract 31,Reynoldstown,1,3.544842254519674,3.1830664993603115,140413.0,Q4 (highest),2821,44.94859978730946,44.66501240694789,3.970223325062035,8.354070387486669,15.4,24.4,17.4,0.3141624594399665,813677,Atlanta,Has court,33.75181822994423,-84.3528877632986
13121003200,Census Tract 32,Cabbagetown,0,0.0,0.0,118237.0,Q3,2937,66.53047327204631,17.97752808988764,14.572693224378618,6.036834924965893,12.0,24.6,14.7,0.4141663976821514,1072686,Atlanta,No court,33.74992813029651,-84.3647305757555
13121003500,Census Tract 35,Downtown,0,0.0,0.0,53420.0,Q1 (lowest),3285,20.121765601217657,70.53272450532725,7.8234398782343995,43.33810888252149,25.9,35.5,19.7,0.5366256523196247,1389854,Atlanta,No court,33.75092281202582,-84.39172965605043
13121003800,Census Tract 38,Atlanta University Center,1,2.5933609958506225,3.102644087938206,,nan,3856,26.71161825726141,44.34647302904564,10.632780082987551,16.19047619047619,15.5,24.1,22.9,0.3223057404126969,834768,Atlanta,Has court,33.75082857994083,-84.41202298779582
13121007807,Census Tract 78.07,Oakcliff,0,0.0,0.0,44732.0,Q1 (lowest),3986,2.032112393376819,96.06121424987457,0.0,18.436317780580076,48.4,46.7,23.5,1.1192121353458009,2898746,Atlanta,No court,33.76245064233238,-84.49686208221883
13121007808,Census Tract 78.08,Adamsville,0,0.0,0.0,14971.0,Q1 (lowest),3877,0.3868970853752902,93.29378385349497,6.31931906112974,65.56615940159918,49.6,48.7,27.6,0.6296924927837504,1630896,Atlanta,No court,33.751632992599305,-84.49986286073086
13121007900,Census Tract 79,Green Forest Acres,0,0.0,0.0,89463.0,Q3,4665,2.2293676312968915,91.51125401929261,2.9367631296891745,4.258121158911326,21.1,30.4,13.3,3.263356818641631,8452055,Atlanta,No court,33.73228761394471,-84.49155698213777
13121008000,Census Tract 80,Cascade Avenue/Road,0,0.0,0.0,46824.0,Q1 (lowest),5586,8.718224131757966,82.63515932688865,2.4883637665592553,11.262798634812286,28.9,36.3,16.7,2.282777758043667,5912367,Atlanta,No court,33.72453215094868,-84.45558214291503
13121004200,Census Tract 42,West End,1,4.597701149425287,2.0967827593465134,26524.0,Q1 (lowest),2175,8.689655172413794,90.80459770114942,0.5057471264367815,27.645687645687644,38.2,41.5,20.5,0.47692112859210156,1235220,Atlanta,Has court,33.73903746317106,-84.41823676520734
13089020700,Census Tract 207,Kirkwood,1,3.43878954607978,2.0238534504516967,85125.0,Q3,2908,47.283356258596974,25.825309491059144,17.709766162310867,13.349514563106796,15.6,28.2,16.0,0.49410692250311583,1279731,Atlanta,Has court,33.75380811586941,-84.32494767669591
13121002100,Census Tract 21,Downtown,0,0.0,0.0,80837.0,Q2,2903,29.727867723045126,59.21460558043403,2.2046159145711335,21.942817774715813,18.9,29.5,17.2,0.30979564384082087,802367,Atlanta,No court,33.765462726661426,-84.3947215667436
13121002300,Census Tract 23,Historic Westin Heights/Bankhead,0,0.0,0.0,32847.0,Q1 (lowest),1209,4.383788254755997,95.616211745244,0.9098428453267163,46.236559139784944,38.1,44.3,20.6,0.4359522129060057,1129111,Atlanta,No court,33.76724969228814,-84.41863755696171
13121007805,Census Tract 78.05,,0,0.0,0.0,58321.0,Q1 (lowest),5057,7.019972315602136,89.49970338145145,7.514336563179751,24.749899959983992,28.9,35.9,17.3,5.817057453548047,15066109,Atlanta,No court,33.75289575091262,-84.53820237534815
13121007806,Census Tract 78.06,Wildwood (NPU-H),0,0.0,0.0,49803.0,Q1 (lowest),4964,2.135374697824335,88.39645447219984,4.0290088638195005,14.061240934730057,27.6,34.9,17.3,1.9046227241207294,4932950,Atlanta,No court,33.746206860034,-84.51544992029632
13121009700,Census Tract 97,Paces,0,0.0,0.0,235278.0,Q4 (highest),4021,74.48395921412583,8.182044267595126,8.231783138522756,2.807017543859649,13.7,23.0,12.3,4.063095273028292,10523368,Atlanta,No court,33.843713525509806,-84.44363084586811
13121010107,Census Tract 101.07,,0,0.0,0.0,250001.0,Q4 (highest),1927,87.18214841722886,1.0897768552153606,5.1894135962636225,2.4909185262065385,13.0,21.1,10.7,2.0532025631006783,5317770,Atlanta,No court,33.97442457922582,-84.30238320982644
13121002500,Census Tract 25,Vine City,3,9.049773755656108,8.908455734400672,39081.0,Q1 (lowest),3315,4.102564102564102,89.41176470588236,4.524886877828054,41.49326805385557,36.3,42.3,22.8,0.3367587031291265,872201,Atlanta,Has court,33.75907447096278,-84.41266127014937
13121007100,Census Tract 71,Thomasville Heights,0,0.0,0.0,33813.0,Q1 (lowest),2517,6.6348827969805315,83.63130711164084,3.575685339690107,24.860779634049322,36.0,40.9,20.4,0.9381055047359292,2429682,Atlanta,No court,33.696554328910125,-84.35475891114285
13121007200,Census Tract 72,South River Gardens,0,0.0,0.0,54167.0,Q1 (lowest),1855,4.366576819407008,83.50404312668464,10.296495956873315,36.33423180592992,37.4,42.2,21.1,3.364132961233797,8713064,Atlanta,No court,33.659869712796464,-84.36675915982535
13121006200,Census Tract 62,Oakland City,1,6.738544474393531,2.4834385523499765,62000.0,Q2,1484,14.353099730458222,64.15094339622641,6.60377358490566,14.487870619946092,27.1,36.5,18.8,0.40266750270657625,1042904,Atlanta,Has court,33.72849183435468,-84.42171106527914
13121003700,Census Tract 37,The Villages at Castleberry Hill,0,0.0,0.0,,nan,330,5.757575757575758,92.12121212121212,0.0,52.72727272727272,44.8,42.9,14.1,0.03497236280631416,90578,Atlanta,No court,33.74898829105482,-84.41013308658628
13121011426,Census Tract 114.26,,0,0.0,0.0,131635.0,Q4 (highest),2250,68.71111111111111,3.644444444444445,16.22222222222222,1.2533572068039391,15.2,22.7,13.4,0.56757444436036,1470011,Atlanta,No court,34.03715267078581,-84.24603586630722
13121010520,Census Tract 105.20,,0,0.0,0.0,66301.0,Q2,7410,7.004048582995952,89.67611336032388,1.174089068825911,28.65047233468286,29.9,38.0,18.8,7.087683031736054,18357014,Atlanta,No court,33.56080143657344,-84.6257768176324
13121011618,Census Tract 116.18,,1,2.167316861725184,0.5001797951918401,157708.0,Q4 (highest),4614,51.560468140442126,11.833550065019507,7.477243172951886,16.626506024096386,16.7,21.9,12.5,1.9992810777501673,5178114,Atlanta,Has court,34.056188269614324,-84.25978771817735
13121007705,Census Tract 77.05,Greenbriar,0,0.0,0.0,33607.0,Q1 (lowest),3994,2.0781171757636456,97.92188282423635,0.5257886830245367,17.57636454682023,31.8,38.6,17.8,1.2500459461588238,3237604,Atlanta,No court,33.682663424182465,-84.49145890643746
13121011612,Census Tract 116.12,,0,0.0,0.0,208750.0,Q4 (highest),3673,62.7280152463926,13.9395589436428,5.58126871766948,3.084061135371179,17.5,20.7,11.7,2.7748201922171067,7186751,Atlanta,No court,34.0050680736871,-84.20008305281117
13121009301,Census Tract 93.01,Peachtree Hills,0,0.0,0.0,153188.0,Q4 (highest),3669,82.42027800490597,3.952030526028891,5.4238212046879255,1.6353229762878168,12.5,21.6,12.5,0.49554206428755654,1283448,Atlanta,No court,33.82093936874796,-84.38406925857599
13121009105,Census Tract 91.05,Brookwood Hills,0,0.0,0.0,250001.0,Q4 (highest),1142,94.7460595446585,4.028021015761821,5.866900175131348,0.5253940455341506,10.7,20.8,11.1,0.2684471897167091,695275,Atlanta,No court,33.80641839636629,-84.38883556761394
13121010315,Census Tract 103.15,,0,0.0,0.0,90809.0,Q3,4761,0.0,94.43394244906533,3.8017223272421763,6.51123713505566,22.7,34.0,17.1,3.9102640629995196,10127537,Atlanta,No court,33.632104658799676,-84.60324659163636
13121009408,Census Tract 94.08,Lindbergh/Morosgo,0,0.0,0.0,61335.0,Q2,1383,41.79320318148952,11.85827910339841,11.496746203904555,24.222704266088215,19.4,26.8,16.2,0.1966607567293748,509349,Atlanta,No court,33.82872409688302,-84.36226199858845
13121010539,Census Tract 105.39,,0,0.0,0.0,66346.0,Q2,2778,0.32397408207343414,94.9244060475162,0.0,6.27027027027027,20.5,32.9,16.8,1.9980505701184716,5174927,Atlanta,No court,33.550266054020916,-84.53370466538412
13121000602,Census Tract 6.02,Home Park,0,0.0,0.0,73340.0,Q2,2390,36.73640167364017,30.627615062761503,6.2761506276150625,18.075313807531384,13.4,20.2,15.6,0.1669583025095097,432420,Atlanta,No court,33.78877572518845,-84.40248323023194
13121010525,Census Tract 105.25,,0,0.0,0.0,38196.0,Q1 (lowest),2658,0.0,96.04966139954854,1.7682468021068474,23.024830699774267,27.9,38.0,21.5,0.8326474871698247,2156547,Atlanta,No court,33.57869672093095,-84.52742072199642
13121010528,Census Tract 105.28,,0,0.0,0.0,48944.0,Q1 (lowest),4135,5.392986698911729,69.62515114873035,23.28899637243047,15.115706548498276,29.1,36.8,20.2,2.1718648889492926,5625104,Atlanta,No court,33.56714297114964,-84.5572113203378
13121007809,Census Tract 78.09,,1,2.11954217888936,0.358882564766825,96250.0,Q3,4718,2.628232301822806,87.70665536244171,2.11954217888936,6.5472382171038594,22.8,32.8,13.9,2.7864268096995044,7216812,Atlanta,Has court,33.70944565500826,-84.5373016122193
13121008203,Census Tract 82.03,Collier Heights,0,0.0,0.0,,nan,2586,3.17092034029389,96.09435421500386,0.0,24.245939675174014,35.1,39.3,17.7,0.7869430283074671,2038173,Atlanta,No court,33.7754826529744,-84.48298385196868
13121010527,Census Tract 105.27,,2,2.9815146094215863,0.6182821630856863,42076.0,Q1 (lowest),6708,8.676207513416816,90.5933214072749,1.0584376863446632,13.938580799045916,27.0,36.4,18.2,3.234769041400964,8378013,Atlanta,Has court,33.586692512454164,-84.57030738222454
13121007810,Census Tract 78.10,,0,0.0,0.0,45540.0,Q1 (lowest),4445,0.0,93.8132733408324,6.276715410573678,34.63535786859337,32.9,39.7,19.9,2.3783195134494832,6159819,Atlanta,No court,33.713102368720065,-84.52174206244617
13121010540,Census Tract 105.40,,0,0.0,0.0,110616.0,Q3,5938,5.203772313910408,94.24048501178848,1.633546648703267,0.47153923880094306,27.3,35.3,19.7,3.3597209716801775,8701637,Atlanta,No court,33.54031994532502,-84.55747604794341
13121010537,Census Tract 105.37,,0,0.0,0.0,66212.0,Q2,4305,0.3948896631823461,97.862950058072,1.2775842044134729,27.363530778164925,27.1,38.1,19.0,1.7923399645094882,4642139,Atlanta,No court,33.55691499283892,-84.47936734008664
13121007710,Census Tract 77.10,Ben Hill,0,0.0,0.0,48125.0,Q1 (lowest),3270,0.0,99.26605504587155,0.0,23.21100917431193,33.1,38.3,19.0,2.6320307275554944,6816928,Atlanta,No court,33.674528859758745,-84.52868479368583
13121011309,Census Tract 113.09,,0,0.0,0.0,78409.0,Q2,3645,15.308641975308642,78.32647462277092,4.801097393689986,13.799725651577505,20.3,31.9,15.5,1.3620144185996228,3527601,Atlanta,No court,33.66698888623019,-84.48755285698739
13121010521,Census Tract 105.21,,0,0.0,0.0,64545.0,Q2,1730,6.127167630057803,81.44508670520231,10.404624277456648,25.59489262913523,32.9,38.6,18.7,0.8847782306327288,2291565,Atlanta,No court,33.60823039101542,-84.46499162124644
13121010532,Census Tract 105.32,,0,0.0,0.0,67166.0,Q2,3175,0.6929133858267716,89.03937007874015,9.10236220472441,11.086614173228346,30.5,38.4,19.5,1.4360533716758532,3719361,Atlanta,No court,33.56845523058166,-84.50811843175511
13121009604,Census Tract 96.04,Garden Hills,1,3.1486146095717884,1.9016623102000056,74338.0,Q2,3176,70.87531486146096,15.711586901763225,4.030226700251889,9.130982367758186,12.3,22.6,14.5,0.5258557182504321,1361960,Atlanta,Has court,33.832601448458576,-84.37644513095908
13121005504,Census Tract 55.04,South Atlanta,1,7.855459544383347,2.291079961714903,42019.0,Q1 (lowest),1273,11.311861743912019,87.50981932443048,0.2356637863315004,26.551453260015712,32.0,40.3,21.9,0.43647538135311825,1130466,Atlanta,Has court,33.71861399977106,-84.38472271113714
13121011310,Census Tract 113.10,,0,0.0,0.0,52628.0,Q1 (lowest),5583,9.475192548808884,80.87049973132724,16.424861185742433,41.421392677674085,38.3,41.4,21.3,1.3466653127350396,3487847,Atlanta,No court,33.668136980736534,-84.47056603293798
13121010307,Census Tract 103.07,,3,5.100306018361102,0.735515948369381,130288.0,Q4 (highest),5882,7.004420265215913,87.77626657599455,10.081604896293777,8.636518191091465,23.0,34.2,15.8,4.078769476924218,10563964,Atlanta,Has court,33.6408194451276,-84.54481946534693
13121010517,Census Tract 105.17,,0,0.0,0.0,67434.0,Q2,5137,0.6813315164492895,94.8024138602297,2.3165271559275844,17.967685419505546,29.4,38.8,19.7,1.6279619828354417,4216402,Atlanta,No court,33.572635785567705,-84.46757546012198
13121010306,Census Tract 103.06,,3,8.034279592929833,0.5141584134043374,83929.0,Q2,3734,0.0,87.3326191751473,2.2495982860203534,18.344938403856453,21.6,34.1,15.6,5.834777612869249,15112004,Atlanta,Has court,33.67319837663674,-84.57022912703758
13121010124,Census Tract 101.24,,2,8.646779074794638,8.097457574128034,85333.0,Q3,2313,35.927367055771725,57.11197578901859,25.248594898400345,10.722006052745352,21.1,31.3,18.1,0.24699110575029692,639704,Atlanta,Has court,33.99476171722823,-84.34159344706606
13121010134,Census Tract 101.34,,0,0.0,0.0,83285.0,Q2,2228,37.65709156193896,29.75763016157989,12.342908438061041,7.822506861848125,15.8,26.4,15.7,0.24827335107344126,643025,Atlanta,No court,33.97027059767835,-84.35400778325351
13121001101,Census Tract 11.01,Midtown,0,0.0,0.0,126339.0,Q4 (highest),3507,71.97034502423723,13.287710293698318,12.432278300541775,8.126603934987168,10.9,21.5,12.9,0.0811003757546367,210049,Atlanta,No court,33.78549721435214,-84.38307491550636
13121006602,Census Tract 66.02,Oakland City,0,0.0,0.0,29784.0,Q1 (lowest),865,1.8497109826589597,92.3699421965318,3.9306358381502893,35.49132947976879,40.5,45.0,23.3,0.24418144022288907,632427,Atlanta,No court,33.71862632573665,-84.42866818235925
13121002900,Census Tract 29,Old Fourth Ward,0,0.0,0.0,104776.0,Q3,2455,57.63747454175153,29.531568228105908,6.598778004073321,3.825857519788918,12.3,23.4,15.1,0.27601595065305323,714878,Atlanta,No court,33.75800531862306,-84.36934909750866
13121010106,Census Tract 101.06,,0,0.0,0.0,98977.0,Q3,3823,69.73580957363326,16.086842793617578,2.0925974365681403,11.587758304996076,16.1,25.5,14.1,2.5725366295133414,6662839,Atlanta,No court,33.98272469817821,-84.32900265896333
13121010204,Census Tract 102.04,,1,1.9319938176197837,0.2749507846431101,174979.0,Q4 (highest),5176,86.99768160741885,2.7047913446676968,1.4489953632148378,4.1731066460587325,13.1,21.6,11.2,3.6370145344302753,9419824,Atlanta,Has court,33.92513274933872,-84.41719813903985
13089023327,Census Tract 233.27,,0,0.0,0.0,62965.0,Q2,7318,1.8447663295982508,97.54031156053567,0.478272752118065,10.877288876742279,25.2,37.2,18.6,1.0150969811443142,2629089,Atlanta,No court,33.724981327811065,-84.15526090304756
13089021819,Census Tract 218.19,,0,0.0,0.0,130386.0,Q4 (highest),3115,63.7239165329053,16.436597110754413,7.800963081861958,7.345360824742269,17.6,24.3,11.7,1.915738991840889,4961741,Atlanta,No court,33.85384340373191,-84.23727898509597
13089023325,Census Tract 233.25,,1,1.9821605550049557,0.7146835027380232,91591.0,Q3,5045,2.616451932606541,91.3181367690783,7.036669970267592,6.263627353815659,22.3,35.1,15.0,1.3992207685904337,3623965,Atlanta,Has court,33.7818715415325,-84.08931989043072
13089021816,Census Tract 218.16,,0,0.0,0.0,105547.0,Q3,2430,60.20576131687243,8.477366255144032,37.983539094650205,0.990507635163021,20.3,29.5,14.4,0.5874150768266108,1521398,Atlanta,No court,33.89016389715522,-84.23148739617784
13089023328,Census Tract 233.28,,0,0.0,0.0,57456.0,Q1 (lowest),4501,1.4885580982003999,95.48989113530327,0.6887358364807821,29.302221225039265,33.1,42.7,20.9,0.9765439067671356,2529237,Atlanta,No court,33.722165160054594,-84.13100104818456
13089021103,Census Tract 211.03,,0,0.0,0.0,120792.0,Q3,4480,66.85267857142857,5.959821428571429,12.209821428571429,5.382293762575452,12.7,23.4,15.2,0.9300178224763975,2408735,Atlanta,No court,33.87456474780067,-84.33918194772306
13089023432,Census Tract 234.32,,0,0.0,0.0,88594.0,Q3,3493,2.4620669911251074,79.18694531920984,2.2044088176352705,1.2317387568032083,22.3,35.0,15.9,3.774091231310724,9774851,Atlanta,No court,33.658388146100805,-84.16800038583315
13089023436,Census Tract 234.36,,0,0.0,0.0,82947.0,Q2,3308,1.6324062877871828,94.01451027811366,4.02055622732769,8.796856106408706,25.6,37.5,17.5,1.2042874329919675,3119090,Atlanta,No court,33.65916388980138,-84.24067850168655
13089023219,Census Tract 232.19,,0,0.0,0.0,70046.0,Q2,4588,7.933740191804708,75.13077593722754,1.8526591107236268,19.74258289703316,29.3,36.2,16.8,1.105940645284843,2864373,Atlanta,No court,33.778621427517656,-84.21412168602404
13089023447,Census Tract 234.47,,0,0.0,0.0,44512.0,Q1 (lowest),2733,7.903402854006586,86.05927552140506,4.903036955726308,10.791896869244935,26.3,35.9,14.4,1.1455126433018223,2966864,Atlanta,No court,33.68811701358353,-84.2175282384925
13089023435,Census Tract 234.35,,0,0.0,0.0,65184.0,Q2,1639,9.334960341671751,87.30933496034167,0.0,2.4405125076266017,18.7,34.3,16.7,1.4654453997470258,3795486,Atlanta,No court,33.68395896828761,-84.10192951230539
13089023221,Census Tract 232.21,,0,0.0,0.0,70976.0,Q2,3522,10.647359454855195,69.3923906871096,13.515048268029528,7.023030992323003,22.9,35.1,16.3,0.9067053592526297,2348356,Atlanta,No court,33.773211663382746,-84.18246740770759
13089021607,Census Tract 216.07,,0,0.0,0.0,78611.0,Q2,1662,44.765342960288805,39.35018050541516,11.251504211793021,6.31768953068592,15.4,24.6,14.0,0.46742455949602857,1210624,Atlanta,No court,33.83435145405751,-84.32418133171171
13089023217,Census Tract 232.17,,0,0.0,0.0,67388.0,Q2,4080,5.563725490196078,89.63235294117648,2.622549019607843,15.060093205788569,24.5,36.2,16.1,1.1617717919928587,3008975,Atlanta,No court,33.75276247936562,-84.17673697241841
13089021823,Census Tract 218.23,,0,0.0,0.0,103818.0,Q3,3840,41.796875,41.640625,7.395833333333333,3.854166666666667,18.2,26.8,13.0,3.5026949931814357,9071938,Atlanta,No court,33.84961379554292,-84.18778138974083
13089023331,Census Tract 233.31,,0,0.0,0.0,60955.0,Q2,3373,4.417432552623777,93.00326119181737,0.0,23.491967262806913,36.0,43.9,20.7,1.1843977655494928,3067576,Atlanta,No court,33.7376031165594,-84.15241467190054
13089022016,Census Tract 220.16,,0,0.0,0.0,71101.0,Q2,3862,3.158984981874676,67.2449508026929,0.38839979285344384,8.544795442775763,28.0,31.2,17.1,0.8063805701030275,2088516,Atlanta,No court,33.80823089605253,-84.21256066989038
13089021914,Census Tract 219.14,,1,2.5994281258123215,0.4854878753996155,54881.0,Q1 (lowest),3847,19.365739537301792,70.47049649077202,2.18351962568235,4.436229205175601,26.5,35.0,17.4,2.059783674673396,5334815,Atlanta,Has court,33.801259212979915,-84.1623019396599
13089023320,Census Tract 233.20,,0,0.0,0.0,30167.0,Q1 (lowest),4330,1.9630484988452657,96.905311778291,1.0161662817551964,32.299927901946646,36.0,44.2,22.5,1.185644103370363,3070804,Atlanta,No court,33.708555719551704,-84.12770990092096
13089023317,Census Tract 233.17,,0,0.0,0.0,31824.0,Q1 (lowest),3708,10.625674217907227,84.92448759439051,7.470334412081985,31.135135135135133,34.6,40.8,20.4,4.506318948195899,11671312,Atlanta,No court,33.71161241265776,-84.09082507937411
13089021219,Census Tract 212.19,,0,0.0,0.0,183208.0,Q4 (highest),4770,71.11111111111111,7.337526205450734,6.310272536687631,0.0,12.5,22.3,11.5,1.7825646296430717,4616821,Atlanta,No court,33.91100374166308,-84.33374445510123
13089023440,Census Tract 234.40,,0,0.0,0.0,82079.0,Q2,4765,2.539349422875131,88.33158447009444,2.8541448058761807,3.3578174186778593,18.1,32.7,15.0,3.8774005902730053,10042421,Atlanta,No court,33.68884254822818,-84.1090055729524
13089023326,Census Tract 233.26,,0,0.0,0.0,100815.0,Q3,4611,10.518325742788983,85.49121665582304,2.797657774886142,9.52065385464988,20.5,34.8,16.1,0.6436628277814415,1667079,Atlanta,No court,33.77128406002456,-84.0923377821863
13089023329,Census Tract 233.29,,0,0.0,0.0,66667.0,Q2,3689,2.2499322309568988,81.34995933857414,12.57793439956628,19.029547302792086,22.3,35.7,15.5,2.4566376369311365,6362662,Atlanta,No court,33.75776856647254,-84.1418378854927
13089023323,Census Tract 233.23,,0,0.0,0.0,56645.0,Q1 (lowest),3439,3.925559755742949,89.88077929630707,0.0,8.765288293535235,21.8,35.0,16.1,1.4645751254445967,3793232,Atlanta,No court,33.777743750738466,-84.13438669854901
13089023322,Census Tract 233.22,,0,0.0,0.0,44750.0,Q1 (lowest),2498,1.9615692554043236,86.82946357085669,0.040032025620496396,8.05934242181235,30.5,40.2,19.3,0.6236303025342202,1615195,Atlanta,No court,33.78119864646356,-84.15451029745319
13089023330,Census Tract 233.30,,0,0.0,0.0,77906.0,Q2,3966,7.9172970247100345,87.92233988905699,0.0,51.234404035041145,32.5,44.1,19.7,2.2057036557698337,5712746,Atlanta,No court,33.74562593315885,-84.11482734743765
13089023438,Census Tract 234.38,,0,0.0,0.0,66336.0,Q2,4408,0.9301270417422868,87.43194192377496,0.6125226860254084,21.59709618874773,27.6,40.1,19.2,1.2974291772780415,3360326,Atlanta,No court,33.67838759504845,-84.25949766088084
13121010221,Census Tract 102.21,,0,0.0,0.0,115134.0,Q3,2127,74.28302773859896,5.594734367653973,9.30888575458392,5.965909090909091,15.5,23.7,14.2,0.6757911619667736,1750291,Atlanta,No court,33.936423452926505,-84.382812655404
13121010213,Census Tract 102.13,,0,0.0,0.0,76786.0,Q2,908,46.14537444933921,42.731277533039645,2.4229074889867843,17.290748898678416,13.4,25.6,14.8,0.4760450627570475,1232951,Atlanta,No court,33.965957811725154,-84.37255871372463
13121010127,Census Tract 101.27,,0,0.0,0.0,149485.0,Q4 (highest),2429,52.44956772334294,22.396047756278303,7.986825854261012,0.5763688760806917,15.7,22.3,12.9,0.7880920683802396,2041149,Atlanta,No court,33.94429064449257,-84.36368800104351
13121010133,Census Tract 101.33,,0,0.0,0.0,101403.0,Q3,5699,53.272503948061065,22.09159501666959,4.860501842428496,11.5634321810844,16.4,23.0,14.9,1.3740947834507342,3558889,Atlanta,No court,33.92317202740326,-84.3590215241838
13121010130,Census Tract 101.30,,0,0.0,0.0,99821.0,Q3,4253,40.13637432400658,7.218434046555372,5.995767693392899,1.01105102280743,13.0,17.8,12.2,0.7197959990548218,1864263,Atlanta,No court,33.941531662377656,-84.3532067867424
13121010310,Census Tract 103.10,,1,1.7340038148083927,0.23284736335100373,101762.0,Q3,5767,12.81428819143402,85.39968787931333,3.2252470955436103,2.2343420126671356,18.8,32.4,14.9,4.294658894172483,11123115,Atlanta,Has court,33.64974591194971,-84.63341891863563
13121010218,Census Tract 102.18,,0,0.0,0.0,80433.0,Q2,1601,58.58838226108682,28.91942535915053,12.67957526545909,7.995003123048095,14.4,25.2,14.5,0.5681068792596723,1471390,Atlanta,No court,33.97716822521017,-84.36112034587529
13121011446,Census Tract 114.46,,0,0.0,0.0,202701.0,Q4 (highest),2904,91.83884297520662,2.203856749311295,3.650137741046832,2.5137741046831956,13.0,22.6,12.0,2.7852418621244577,7213743,Atlanta,No court,34.04382476631949,-84.39934877303853
13121011513,Census Tract 115.13,,0,0.0,0.0,185038.0,Q4 (highest),3494,71.95191757298225,8.299942759015455,3.262736119061248,6.926159129937035,15.2,23.0,12.7,2.0101046800216835,5206147,Atlanta,No court,34.070791507637345,-84.4002794651008
13121011510,Census Tract 115.10,,1,1.7809439002671417,0.21480860920401929,224559.0,Q4 (highest),5615,73.76669634906501,5.9483526268922535,6.144256455921639,1.8699910952804988,12.7,20.8,11.7,4.655306897174813,12057189,Atlanta,Has court,34.105391860415175,-84.3530284677241
13121011631,Census Tract 116.31,,2,3.012048192771084,1.3186844966535043,114333.0,Q3,6640,51.611445783132524,10.391566265060241,4.503012048192772,0.57479957646347,15.2,20.0,11.6,1.5166630115660769,3928139,Atlanta,Has court,34.060998904187144,-84.18235900800144
13121011437,Census Tract 114.37,,0,0.0,0.0,102167.0,Q3,2497,66.43972767320786,21.345614737685224,8.610332398878654,12.454801124949778,20.2,27.4,15.6,1.040833779924849,2695747,Atlanta,No court,34.02591201923543,-84.3501373706599
13121011632,Census Tract 116.32,,0,0.0,0.0,149777.0,Q4 (highest),3536,28.87443438914027,9.389140271493213,7.46606334841629,0.6221719457013575,17.3,18.7,11.8,0.7909538577012712,2048561,Atlanta,No court,34.047971473602885,-84.1890693726211
13121011627,Census Tract 116.27,,0,0.0,0.0,101136.0,Q3,3869,50.8141638666322,5.7379167743603,1.6283277332644095,2.5588007237012147,17.8,19.9,11.9,1.6752015839455627,4338752,Atlanta,No court,34.02745236575801,-84.17994064723202
13121011642,Census Tract 116.42,,0,0.0,0.0,127266.0,Q4 (highest),3052,55.63564875491481,16.25163826998689,19.65923984272608,3.9538714991762767,17.9,24.4,13.5,0.941797027631016,2439243,Atlanta,No court,34.086389016979325,-84.28457433635334
13121010129,Census Tract 101.29,,0,0.0,0.0,101348.0,Q3,4246,71.6674517192652,12.81205840791333,11.893546867640131,10.605338417540516,14.0,23.7,14.7,0.7381034197841844,1911679,Atlanta,No court,33.90502023295169,-84.36696095120344
13121011660,Census Tract 116.60,,3,5.841121495327103,1.267136221362711,115615.0,Q3,5136,46.45638629283489,10.767133956386294,5.257009345794392,7.518062878344073,16.6,21.6,11.9,2.3675434017454906,6131909,Atlanta,Has court,34.105062098164126,-84.28244510743983
13121011433,Census Tract 114.33,,1,3.190810465858328,0.9156994031309287,174063.0,Q4 (highest),3134,75.65411614550096,4.690491384811742,5.647734524569241,4.052329291640076,14.0,22.5,12.2,1.0920614304004497,2828426,Atlanta,Has court,34.01241250309411,-84.27154077002945
13121011633,Census Tract 116.33,,1,2.946375957572186,0.9475275817776798,144891.0,Q4 (highest),3394,35.91632292280495,19.269298762522098,2.6812021213906894,0.0,16.7,21.8,13.4,1.0553782488567514,2733417,Atlanta,Has court,34.05295795125461,-84.20785288309841
13121010535,Census Tract 105.35,,0,0.0,0.0,89828.0,Q3,2855,7.285464098073555,82.45183887915937,9.527145359019265,1.1986923356338541,25.5,32.9,16.5,2.040246904618863,5284215,Atlanta,No court,33.5794012646064,-84.5980964363571
13121010128,Census Tract 101.28,,0,0.0,0.0,71763.0,Q2,1566,30.140485312899106,56.44955300127714,9.642401021711366,12.005108556832694,19.3,27.8,16.4,0.09189231764780377,238000,Atlanta,No court,33.9103645014396,-84.37495732568269
13121010136,Census Tract 101.36,,0,0.0,0.0,135302.0,Q4 (highest),3663,79.77067977067978,8.053508053508054,10.619710619710618,15.588315588315588,14.5,23.8,14.7,0.7154979096428246,1853131,Atlanta,No court,33.88296209531202,-84.37303506454201
13121011645,Census Tract 116.45,,0,0.0,0.0,149185.0,Q4 (highest),3695,42.35453315290933,29.30987821380244,12.584573748308525,0.0,13.4,21.6,12.6,0.9197590876868927,2382165,Atlanta,No court,34.11468424308325,-84.26506539117788
13121010309,Census Tract 103.09,,0,0.0,0.0,102825.0,Q3,4453,10.172917134516055,82.48371884123064,5.075230181899843,4.940489557601617,23.2,32.1,16.8,17.947151878695962,46482908,Atlanta,No court,33.623701867644236,-84.67003900590655
13121011442,Census Tract 114.42,,0,0.0,0.0,126675.0,Q4 (highest),1980,53.686868686868685,28.383838383838384,5.404040404040404,1.8686868686868685,14.4,23.0,13.1,0.5909753249822007,1530619,Atlanta,No court,34.01023150016356,-84.29377367399383
13121011661,Census Tract 116.61,,1,4.692632566870014,0.5097334947431276,229583.0,Q4 (highest),2131,67.761614265603,5.443453777569216,13.655560769591741,4.551853589863914,14.3,22.4,13.0,1.9618094755651379,5081063,Atlanta,Has court,34.12608286989411,-84.27988300276624
13121010137,Census Tract 101.37,,2,5.798782255726298,2.454640357981101,82070.0,Q2,3449,58.45172513772108,17.889243258915627,22.035372571759932,1.3799177921315327,14.9,23.1,14.0,0.8147833117373516,2110279,Atlanta,Has court,33.89530757030018,-84.3738417804855
13121010004,Census Tract 100.04,North Buckhead,0,0.0,0.0,248594.0,Q4 (highest),2391,65.83019657047261,16.520284399832704,13.634462567963196,7.7282377919320595,14.9,24.6,13.5,0.6704741489149757,1736520,Atlanta,No court,33.871627567489064,-84.37276922768048
13121010005,Census Tract 100.05,Brookhaven,0,0.0,0.0,250001.0,Q4 (highest),3341,100.0,0.0,1.9754564501646212,0.0,11.1,21.1,11.3,1.6808093319351287,4353276,Atlanta,No court,33.87391503213805,-84.35715651578865
13121010007,Census Tract 100.07,Brookhaven,0,0.0,0.0,233295.0,Q4 (highest),1863,77.72410091250671,2.898550724637681,10.413311862587225,2.172601086300543,14.1,20.4,11.0,0.5762910870629516,1492587,Atlanta,No court,33.859128294451594,-84.35710195239781
13121010402,Census Tract 104.02,,2,4.658746797111577,0.032701475814971744,75362.0,Q2,4293,63.638481248544146,30.980666200791983,14.907989750757048,6.363851431275136,25.6,29.9,15.5,61.15931927097732,158401903,Atlanta,Has court,33.56129801418532,-84.73810655833725
13121001901,Census Tract 19.01,Downtown,0,0.0,0.0,51944.0,Q1 (lowest),2393,43.251149185123275,20.39281236941078,5.766819891349771,1.5527950310559007,28.3,28.7,32.2,0.05540102888507591,143488,Atlanta,No court,33.768100371113206,-84.39129052070277
13121001701,Census Tract 17.01,Old Fourth Ward,0,0.0,0.0,81500.0,Q2,1972,54.71602434077079,35.649087221095336,7.9614604462474645,30.578093306288036,18.0,29.1,17.4,0.22124388221103727,573019,Atlanta,No court,33.76605057581345,-84.37062952286692
13121011301,Census Tract 113.01,,0,0.0,0.0,78750.0,Q2,4579,7.381524350294824,75.12557326927278,12.033195020746888,14.121621621621621,29.2,35.9,16.2,1.9861010939046821,5143978,Atlanta,No court,33.68763447368695,-84.47138470901629
13089022800,Census Tract 228,,2,4.826254826254826,2.1231063074583676,189333.0,Q4 (highest),4144,69.35328185328186,14.358108108108109,4.826254826254826,4.531804531804532,15.2,25.8,14.8,0.9420159475642358,2439810,Atlanta,Has court,33.76302919130507,-84.28958670731171
13089022900,Census Tract 229,,1,2.4348672997321645,0.6652883062066549,115327.0,Q3,4107,72.04772339907475,17.969320672023375,6.744582420258095,4.034229828850855,13.1,25.5,13.0,1.5031077364065006,3893031,Atlanta,Has court,33.759559850268595,-84.27829030658675
13089023214,Census Tract 232.14,,0,0.0,0.0,81163.0,Q2,5879,1.4118047286953563,95.66252764075523,1.8200374213301582,13.811872767477462,25.6,37.5,19.8,2.5259302359702054,6542129,Atlanta,No court,33.71446335776457,-84.18209719540667
13089023313,Census Tract 233.13,,0,0.0,0.0,60676.0,Q2,5176,0.6375579598145286,96.19397217928902,0.8693972179289026,8.85024154589372,26.3,38.2,17.6,1.8816685637153532,4873499,Atlanta,No court,33.73467237915294,-84.13034710355184
13089021101,Census Tract 211.01,,0,0.0,0.0,250001.0,Q4 (highest),4784,70.31772575250837,3.7207357859531776,4.640468227424749,4.431438127090301,12.9,23.3,11.6,1.2108225984058614,3136016,Atlanta,No court,33.888073437198834,-84.3378062818068
13089023107,Census Tract 231.07,,1,2.3952095808383236,0.690167098489433,81667.0,Q2,4175,27.95209580838323,55.59281437125748,7.712574850299402,16.526946107784433,23.3,34.1,17.3,1.4489244737813458,3752697,Atlanta,Has court,33.74966513644171,-84.25132837288427
13089023108,Census Tract 231.08,,1,2.5432349949135302,0.701170554165541,36875.0,Q1 (lowest),3932,4.603255340793489,90.69175991861648,1.347914547304171,26.424211597151576,34.3,42.6,19.9,1.426186530593964,3693806,Atlanta,Has court,33.74512681576468,-84.23233275150903
13121004000,Census Tract 40,Mozley Park,1,3.621876131836291,1.6085693045048224,75921.0,Q2,2761,28.359290112278163,61.57189424121695,3.187250996015936,18.688880840275264,25.4,34.5,16.6,0.6216704478939671,1610119,Atlanta,Has court,33.749971499998836,-84.43622416049399
13121004100,Census Tract 41,West End,1,5.141388174807198,2.055381274993036,72354.0,Q2,1945,25.912596401028274,63.13624678663239,11.876606683804628,20.0,24.3,34.0,17.6,0.486527736808047,1260101,Atlanta,Has court,33.74088513529401,-84.42808364614793
13121004400,Census Tract 44,Mechanicsville,2,5.5432372505543235,6.271878726972231,31075.0,Q1 (lowest),3608,1.8015521064301554,88.99667405764967,7.317073170731707,36.61308203991131,39.5,43.4,25.8,0.31888371683575367,825905,Atlanta,Has court,33.74075591316222,-84.40177689983585
13121004800,Census Tract 48,Capitol Gateway,2,16.116035455278002,13.738167351810104,16015.0,Q1 (lowest),1241,15.79371474617244,76.87348912167606,4.19016921837228,57.937147461724415,43.1,44.0,22.7,0.14557982508027065,377050,Atlanta,Has court,33.74443514739969,-84.38399502579368
13121003900,Census Tract 39,Ashview Heights,0,0.0,0.0,36094.0,Q1 (lowest),1598,7.822277847309136,86.10763454317897,3.8172715894868583,49.67490247074122,33.2,40.9,22.0,0.3251524717489039,842141,Atlanta,No court,33.75007013753185,-84.42214269685225
13121004900,Census Tract 49,Grant Park,0,0.0,0.0,92380.0,Q3,3216,42.53731343283582,44.558457711442784,3.6691542288557213,19.58955223880597,14.8,26.8,14.7,0.4286143410703061,1110106,Atlanta,No court,33.74092640163979,-84.3794931906909
13121005000,Census Tract 50,Grant Park,0,0.0,0.0,96773.0,Q3,3787,57.53894903617639,19.197253762872986,12.648534459994718,5.8228540185893936,13.0,23.8,15.0,0.5253487660946692,1360647,Atlanta,No court,33.74208013740876,-84.36509243885138
13089023000,Census Tract 230,,0,0.0,0.0,125313.0,Q4 (highest),2456,73.16775244299674,12.662866449511402,4.153094462540716,5.211325400082068,15.0,25.1,12.5,0.6808950466179766,1763510,Atlanta,No court,33.770271117617256,-84.26843773846147
13089023101,Census Tract 231.01,,1,2.5654181631605955,0.7296906294610999,69297.0,Q2,3898,37.147255002565416,56.15700359158543,2.616726526423807,12.959629724865005,21.3,33.0,16.8,1.3704438012840214,3549433,Atlanta,Has court,33.74336563510363,-84.27271507015502
13089023102,Census Tract 231.02,,0,0.0,0.0,65183.0,Q2,2967,43.81530165149983,46.747556454330976,1.550387596899225,19.409569053274517,23.0,33.8,15.5,0.9680488867129886,2507235,Atlanta,No court,33.76267488065323,-84.25905704051696
13089021306,Census Tract 213.06,,0,0.0,0.0,61047.0,Q2,5746,26.627218934911244,19.90950226244344,39.10546467107553,24.869474416985728,25.0,30.4,16.3,2.0369156150530427,5275587,Atlanta,No court,33.917323071343716,-84.27440091117283
13089021308,Census Tract 213.08,,0,0.0,0.0,56625.0,Q1 (lowest),4224,26.609848484848484,5.989583333333334,56.03693181818182,25.804924242424242,34.6,32.9,17.6,1.0433781932580382,2702337,Atlanta,No court,33.87582059316511,-84.28572528755994
13089021913,Census Tract 219.13,,0,0.0,0.0,33000.0,Q1 (lowest),4936,5.307941653160453,84.35980551053484,7.23257698541329,37.54180602006689,38.6,45.6,24.2,1.1452064642770545,2966071,Atlanta,No court,33.82156850703269,-84.1817004048407
13089022203,Census Tract 222.03,,0,0.0,0.0,90753.0,Q3,2457,42.857142857142854,27.83882783882784,2.2792022792022792,16.029900332225914,18.6,26.1,13.8,1.1042946917128573,2860110,Atlanta,No court,33.78646929969197,-84.27435331418305
13121005200,Census Tract 52,Ormewood Park,0,0.0,0.0,152723.0,Q4 (highest),5033,61.2954500298033,20.087423008146235,5.364593681700775,11.086157615353205,14.4,25.6,15.4,0.8751785722559332,2266702,Atlanta,No court,33.7355095403663,-84.35447633279037
13121005300,Census Tract 53,Grant Park,2,4.844961240310077,2.3383563084676426,141719.0,Q4 (highest),4128,61.50678294573644,24.200581395348838,8.04263565891473,6.450048496605238,12.5,24.6,14.4,0.8553016461852333,2215221,Atlanta,Has court,33.7321404090753,-84.37088739593902
13121008202,Census Tract 82.02,,0,0.0,0.0,27857.0,Q1 (lowest),2320,0.7327586206896551,90.47413793103448,0.6896551724137931,44.42013129102845,41.8,43.5,21.5,2.694477735031977,6978665,Atlanta,No court,33.780791022828424,-84.51035072411568
13121008301,Census Tract 83.01,Center Hill,0,0.0,0.0,34983.0,Q1 (lowest),3375,24.20740740740741,68.8,26.13333333333333,42.1037037037037,40.2,43.1,21.7,1.0147444698585477,2628176,Atlanta,No court,33.76422587983178,-84.45886166278677
13121008302,Census Tract 83.02,Dixie Hills,1,5.1229508196721305,1.3700233275323068,,nan,1952,3.0225409836065573,95.54303278688525,1.485655737704918,41.16237267825045,42.9,43.8,20.3,0.729914578754805,1890470,Atlanta,Has court,33.757389764100466,-84.45228588284287
13121008400,Census Tract 84,Hunter Hills,0,0.0,0.0,,nan,2826,8.952583156404813,87.2965322009908,0.0,42.89377289377289,32.8,41.9,18.5,0.6865016363010176,1778031,Atlanta,No court,33.76185645676317,-84.4355745471809
13121008500,Census Tract 85,Grove Park,2,8.169934640522877,1.3742745229547357,57381.0,Q1 (lowest),2448,11.968954248366014,82.59803921568627,3.1862745098039214,19.240196078431374,26.7,34.6,17.8,1.455313306470918,3769244,Atlanta,Has court,33.77578419377815,-84.44425982088836
13121008601,Census Tract 86.01,Almond Park,2,4.67180565288484,1.146937297887345,30729.0,Q1 (lowest),4281,5.886475122634898,93.62298528381218,0.934361130576968,25.156174915905815,38.1,40.5,21.3,1.7437744885304487,4516355,Atlanta,Has court,33.781471070553,-84.46619874908022
13121008801,Census Tract 88.01,Riverside,0,0.0,0.0,188295.0,Q4 (highest),2023,68.16608996539793,14.483440434997528,2.570439940682155,3.163618388531883,11.6,24.4,13.7,1.1409292243825069,2954993,Atlanta,No court,33.81585942007876,-84.47440613116453
13121006601,Census Tract 66.01,Sylvan Hills,0,0.0,0.0,64444.0,Q2,1708,26.229508196721312,67.62295081967213,4.274004683840749,26.513815402704292,29.8,36.6,18.6,0.7448439915551732,1929137,Atlanta,No court,33.71156471051915,-84.42237045991925
13121011515,Census Tract 115.15,,0,0.0,0.0,250001.0,Q4 (highest),2492,72.6725521669342,11.15569823434992,11.195826645264848,1.3242375601926164,14.3,22.1,13.8,3.427784607496251,8877921,Atlanta,No court,34.129280345180916,-84.31370730635075
13121001802,Census Tract 18.02,Old Fourth Ward,0,0.0,0.0,87610.0,Q3,2356,45.41595925297114,41.04414261460102,3.8200339558573853,5.857385398981324,18.1,28.2,16.4,0.206861190090456,535768,Atlanta,No court,33.76435379219763,-84.37865670537545
13121002801,Census Tract 28.01,Sweet Auburn,0,0.0,0.0,74833.0,Q2,3928,39.5112016293279,39.07841140529531,5.575356415478614,20.94890510948905,14.8,21.2,22.7,0.1273021342183825,329711,Atlanta,No court,33.75960279488105,-84.37850016363902
13121001801,Census Tract 18.01,Old Fourth Ward,4,16.33319722335647,27.17628202605892,47852.0,Q1 (lowest),2449,31.482237648019602,52.34789710085749,8.003266639444671,42.752143732135565,29.5,34.7,19.8,0.14718716843475724,381213,Atlanta,Has court,33.76914218558526,-84.37724969678486
13121011628,Census Tract 116.28,,0,0.0,0.0,147621.0,Q4 (highest),3292,50.607533414337794,3.493317132442284,2.399756986634265,5.28890247630694,16.0,21.3,13.2,0.8115663084153286,2101947,Atlanta,No court,34.01836301730632,-84.20059402496317
13121010214,Census Tract 102.14,,0,0.0,0.0,54674.0,Q1 (lowest),2033,33.300541072306935,24.840137727496312,35.41564190850959,37.00943864878291,26.9,29.7,16.8,0.301756610455338,781546,Atlanta,No court,33.98513917701036,-84.3547122700615
13121011902,Census Tract 119.02,Sweet Auburn,1,7.8431372549019605,7.303352790232073,,nan,1275,33.568627450980394,47.21568627450981,7.294117647058823,29.96078431372549,24.4,32.5,19.8,0.13692341431697752,354630,Atlanta,Has court,33.75250414036173,-84.37238732151171
13121010519,Census Tract 105.19,,1,2.7382256297918945,0.22613642812800952,83152.0,Q2,3652,17.086527929901425,76.1500547645126,13.581599123767798,14.731653888280395,29.3,37.4,19.1,4.422109291626062,11453210,Atlanta,Has court,33.55955530981095,-84.59145383524367
13121010534,Census Tract 105.34,,0,0.0,0.0,93627.0,Q3,3559,31.272829446473725,62.124192188817084,3.624613655521214,7.221129530767069,21.2,31.4,17.5,2.6247445934112434,6798057,Atlanta,No court,33.53107207108545,-84.58996377628358
13121010523,Census Tract 105.23,,0,0.0,0.0,58325.0,Q1 (lowest),1735,2.881844380403458,78.78962536023056,13.948126801152739,26.9164265129683,28.9,37.5,19.3,1.6835680319754378,4360421,Atlanta,No court,33.59407132333112,-84.53688901707034
13121010312,Census Tract 103.12,,0,0.0,0.0,112115.0,Q3,2743,1.6769959897921984,92.45351804593511,0.6926722566532993,1.3488880787458988,17.6,30.2,12.9,3.224218799469341,8350688,Atlanta,No court,33.72977224506599,-84.55929243320013
13121002802,Census Tract 28.02,Downtown,1,4.5004500450045,6.1906489694553395,16620.0,Q1 (lowest),2222,23.807380738073807,54.68046804680468,5.085508550855086,39.144215530903324,27.4,28.9,27.2,0.16153395305306434,418371,Atlanta,Has court,33.7568923725512,-84.38010745313775
13121011508,Census Tract 115.08,,3,5.242005940940066,0.6425910316702086,250001.0,Q4 (highest),5723,57.4174384064302,18.224707321334964,18.783854621701902,1.3629215446444174,12.8,21.5,12.1,4.66859923675322,12091616,Atlanta,Has court,34.15517206055472,-84.2721304886579
13121008702,Census Tract 87.02,Rockdale,0,0.0,0.0,81348.0,Q2,2311,34.91994807442666,49.935093033318914,15.447858070099524,19.19720767888307,23.6,32.9,19.1,1.4244467541934558,3689300,Atlanta,No court,33.78832554706733,-84.44390612976055
13121011658,Census Tract 116.58,,1,2.4801587301587302,1.2251274327643167,152985.0,Q4 (highest),4032,41.269841269841265,21.52777777777778,6.919642857142858,17.64559482329517,19.7,24.4,14.1,0.8162416196522918,2114056,Atlanta,Has court,34.04079907203449,-84.21228760270199
13121011307,Census Tract 113.07,,0,0.0,0.0,42976.0,Q1 (lowest),5385,3.5654596100278555,92.83194057567317,2.488393686165274,37.771587743732596,32.9,40.1,22.2,0.7935473060106842,2055278,Atlanta,No court,33.65173290688809,-84.49202512909001
13121010801,Census Tract 108.01,,1,5.2438384897745145,0.757825166290727,64605.0,Q2,1907,36.28736234923964,51.02254850550602,3.7755637126376507,18.51074986890404,22.6,31.9,16.3,1.3195655732767875,3417659,Atlanta,Has court,33.660650219986735,-84.41374739474671
13121010802,Census Tract 108.02,,0,0.0,0.0,59882.0,Q2,4683,24.535554131966688,35.55413196668802,44.39461883408072,15.737774930600043,32.5,35.1,18.7,0.8845106618254602,2290872,Atlanta,No court,33.66343131109693,-84.40216729024252
13121001702,Census Tract 17.02,Old Fourth Ward,0,0.0,0.0,123929.0,Q4 (highest),3766,75.78332448220924,16.463090812533192,1.248008497079129,5.6027615507169415,9.6,20.6,15.1,0.2605494697272729,674820,Atlanta,No court,33.76577652956782,-84.3642790533254
13121001502,Census Tract 15.02,Virginia Highland,0,0.0,0.0,95500.0,Q3,2237,67.85873938310237,8.538220831470719,28.162717925793473,10.549843540455967,17.0,26.3,17.1,0.22822422343269544,591098,Atlanta,No court,33.77908433981523,-84.35409164562705
13121008802,Census Tract 88.02,Hills Park,0,0.0,0.0,164310.0,Q4 (highest),2911,65.61319134318103,17.966334592923396,5.255925798694607,4.7406389556853314,15.6,26.1,16.1,2.550375909077571,6605443,Atlanta,No court,33.80738567821658,-84.4499359822323
13121010219,Census Tract 102.19,,0,0.0,0.0,96214.0,Q3,1975,30.227848101265824,55.84810126582278,5.367088607594937,1.4683544303797469,13.9,25.3,16.4,0.34377649626175877,890377,Atlanta,No court,33.97139936256881,-84.37265833801987
13121007302,Census Tract 73.02,Orchard Knob,0,0.0,0.0,37955.0,Q1 (lowest),2779,1.187477509895646,97.98488664987406,0.0,19.899244332493705,37.2,41.1,21.6,1.5917123940342581,4122516,Atlanta,No court,33.67398533614395,-84.37345004606097
13121007711,Census Tract 77.11,Ben Hill Pines,0,0.0,0.0,53542.0,Q1 (lowest),2733,2.0856201975850714,97.91437980241493,0.0,6.659348701061105,30.2,36.0,17.7,0.9030980066316909,2339013,Atlanta,No court,33.68257505894315,-84.5074092728679
13121011203,Census Tract 112.03,,0,0.0,0.0,64010.0,Q2,2291,18.594500218245308,69.48930597992144,15.582714971628109,21.562636403317327,24.7,34.1,18.4,1.163265621307898,3012844,Atlanta,No court,33.69298765203627,-84.4451235061924
13121008908,Census Tract 89.08,Loring Heights,0,0.0,0.0,,nan,3096,21.737726098191214,74.74160206718346,5.555555555555555,20.99483204134367,19.0,27.3,19.1,0.39069215764706244,1011888,Atlanta,No court,33.79990922935055,-84.40574947655587
13121010313,Census Tract 103.13,,1,2.9841838257236644,0.14282632437012197,80847.0,Q2,3351,0.17905102954341987,96.21008654133094,1.9695613249776187,8.206505520740077,17.6,31.6,14.7,7.001510431708564,18133828,Atlanta,Has court,33.70912309424751,-84.59219485655103
13121009002,Census Tract 90.02,Springlake,0,0.0,0.0,250001.0,Q4 (highest),2830,92.26148409893993,0.0,7.031802120141342,0.35335689045936397,9.8,21.1,12.1,0.8339791535713679,2159996,Atlanta,No court,33.81623416630681,-84.41304039319542
13121009001,Census Tract 90.01,Channing Valley,0,0.0,0.0,85322.0,Q3,2111,59.639981051634294,16.15348176219801,5.589767882520133,6.252960682141165,9.5,20.2,14.7,0.3821932765711656,989876,Atlanta,No court,33.806651591501414,-84.40782916036916
13121007301,Census Tract 73.01,Glenrose Heights,3,7.637474541751528,2.2075780795856894,40372.0,Q1 (lowest),3928,0.45824847250509165,86.30346232179225,0.8146639511201629,17.54073319755601,27.2,36.4,19.6,1.358955331067171,3519678,Atlanta,Has court,33.669283312508504,-84.39007743525414
13121009201,Census Tract 92.01,Lindridge/Martin Manor,0,0.0,0.0,65058.0,Q2,1501,48.367754830113256,13.124583610926049,25.649566955363092,25.31645569620253,20.6,29.7,15.7,0.2387485965185939,618356,Atlanta,No court,33.81602392205487,-84.35083044725482
13121010305,Census Tract 103.05,,1,1.9113149847094801,0.29701118212144945,100742.0,Q3,5232,0.17201834862385323,97.66819571865443,0.0,10.77981651376147,27.4,34.5,15.5,3.3668766032892816,8720170,Atlanta,Has court,33.691400749728835,-84.55474463353643
13121007707,Census Tract 77.07,Southwest,0,0.0,0.0,76410.0,Q2,1871,3.3671833244254405,86.0502405130946,10.208444681988242,30.03741314804917,26.1,35.7,16.4,1.3193856496632417,3417193,Atlanta,No court,33.70569461810569,-84.49428894234568
13121007708,Census Tract 77.08,Laurens Valley,0,0.0,0.0,74400.0,Q2,3585,1.1157601115760112,98.88423988842399,0.0,11.910739191073919,26.6,35.4,19.2,1.2927890013390024,3348308,Atlanta,No court,33.70994096014701,-84.48177592898159
13121011204,Census Tract 112.04,,0,0.0,0.0,78170.0,Q2,1652,2.602905569007264,92.43341404358354,2.0581113801452786,22.88135593220339,26.9,36.1,20.6,0.2697865781617521,698744,Atlanta,No court,33.70124598834946,-84.44337642971243
13121009106,Census Tract 91.06,Brookwood Hills,0,0.0,0.0,100073.0,Q3,2540,41.181102362204726,22.32283464566929,5.393700787401575,15.524534686971236,16.4,25.2,16.0,0.3384996378361599,876710,Atlanta,No court,33.81101747938061,-84.384190278464
13121009202,Census Tract 92.02,Piedmont Heights,0,0.0,0.0,104257.0,Q3,2599,60.523278183916894,31.62754905732974,2.7318199307425934,3.385917660638707,11.4,22.4,14.6,0.5720636543489777,1481638,Atlanta,No court,33.80976642024698,-84.37099547760837
13121006702,Census Tract 67.02,Lakewood Heights,0,0.0,0.0,45217.0,Q1 (lowest),1674,10.454002389486261,80.46594982078852,2.807646356033453,22.341696535244925,32.2,39.0,20.0,0.9803551213364695,2539108,Atlanta,No court,33.705678419693214,-84.38918819389562
13121005503,Census Tract 55.03,The Villages at Carver,0,0.0,0.0,21686.0,Q1 (lowest),1617,0.0,98.4539270253556,0.0,44.959802102659246,38.4,43.2,25.0,0.2207353856465744,571702,Atlanta,No court,33.71147894045952,-84.39080334246943
13121010126,Census Tract 101.26,,0,0.0,0.0,90913.0,Q3,2274,54.4415127528584,16.534740545294635,22.383465259454706,8.487247141600704,16.8,24.3,14.4,0.27926384214907557,723290,Atlanta,No court,33.943707067443306,-84.36761552380545
13121006701,Census Tract 67.01,Joyland,0,0.0,0.0,46364.0,Q1 (lowest),3259,2.730899048787972,93.12672598956735,1.841055538508745,31.389996931574103,28.1,37.4,18.7,0.34372475857031,890243,Atlanta,No court,33.71177799681325,-84.39755191101844
13121009302,Census Tract 93.02,Garden Hills,0,0.0,0.0,153578.0,Q4 (highest),2003,83.02546180728908,8.137793310034947,0.0,3.99400898652022,11.7,21.8,13.9,0.4426831321226199,1146544,Atlanta,No court,33.82245257079902,-84.37562663172517
13121009607,Census Tract 96.07,Ridgedale Park,0,0.0,0.0,118036.0,Q3,4851,55.53494124922697,34.52896310039167,4.267161410018553,9.890815671162493,16.5,20.9,12.1,0.2812592181894279,728458,Atlanta,No court,33.851594629503325,-84.3545827900766
13121009803,Census Tract 98.03,West Paces Ferry/Northside,0,0.0,0.0,81827.0,Q2,3195,77.27699530516432,11.486697965571205,6.134585289514867,6.698872785829307,16.3,22.9,12.2,0.949328336656386,2458749,Atlanta,No court,33.84465129427389,-84.41935921654068
13121009605,Census Tract 96.05,Buckhead Village,0,0.0,0.0,102757.0,Q3,2658,65.3122648607976,20.72987208427389,9.179834462001505,10.15801354401806,13.8,22.8,15.5,0.19460476264754895,504024,Atlanta,No court,33.83924327447499,-84.37407871526771
13121010223,Census Tract 102.23,,0,0.0,0.0,223691.0,Q4 (highest),2959,80.93950659006421,5.001689760054073,6.82663061845218,1.2166272389320716,13.2,21.3,10.6,3.452854607820577,8942852,Atlanta,No court,33.89532563165752,-84.42636507379586
13121010401,Census Tract 104.01,,0,0.0,0.0,58287.0,Q1 (lowest),4613,15.7381313678734,60.784738781703886,20.07370474745285,10.12795489047929,24.9,32.3,17.7,9.257575324673319,23977009,Atlanta,No court,33.526613216204815,-84.64846033103777
13121008204,Census Tract 82.04,Collier Heights,0,0.0,0.0,42513.0,Q1 (lowest),2451,1.38718890248878,93.14565483476133,1.1831905344757243,37.98449612403101,33.7,39.8,18.0,1.2630413731646633,3271262,Atlanta,No court,33.76645912336873,-84.48230842634611
13121008103,Census Tract 81.03,Peyton Forest,0,0.0,0.0,37151.0,Q1 (lowest),4144,0.0,83.85617760617761,12.282818532818533,34.12162162162162,37.2,40.7,20.5,0.993014639450067,2571896,Atlanta,No court,33.74881707746172,-84.48290302315044
13121008104,Census Tract 81.04,,0,0.0,0.0,61667.0,Q2,3364,5.529131985731272,92.95481569560047,3.032104637336504,37.58180118416952,33.9,38.9,18.6,2.1407743974103357,5544580,Atlanta,No court,33.743473429083316,-84.45990557605543
13121010308,Census Tract 103.08,,1,1.7975912277548085,0.19284937991563433,107136.0,Q3,5563,1.8155671400323568,94.33758763257235,1.8335430523099046,2.264964946971059,20.8,32.7,15.5,5.185393909160969,13430108,Atlanta,Has court,33.642386541326076,-84.57493205345077
13121000201,Census Tract 2.01,Morningside/Lenox Park,0,0.0,0.0,139883.0,Q4 (highest),2029,79.25086249383932,15.771315919172006,12.025628388368654,1.2814194184327254,12.1,22.6,13.7,0.4974393703754612,1288362,Atlanta,No court,33.79729591994931,-84.36586288903275
13121001501,Census Tract 15.01,Poncey-Highland,0,0.0,0.0,67219.0,Q2,2339,68.87558785805899,17.229585292860197,2.907225309961522,9.020949123557076,16.1,25.7,16.0,0.20606929452954995,533717,Atlanta,No court,33.7735876696959,-84.35394651372165
13121010524,Census Tract 105.24,,0,0.0,0.0,53311.0,Q1 (lowest),4219,2.2991230149324484,91.98862289642096,1.5643517421189856,10.835762876579203,25.3,36.2,19.5,0.9661581443620588,2502338,Atlanta,No court,33.578151670686104,-84.5409659293183
13121010314,Census Tract 103.14,,1,3.7202380952380953,0.3416279398605413,111036.0,Q3,2688,0.0,99.73958333333334,0.26041666666666663,0.0,21.2,32.1,16.6,2.927161052483641,7581312,Atlanta,Has court,33.66513310134034,-84.61045161678621
13121010311,Census Tract 103.11,,0,0.0,0.0,112417.0,Q3,6059,0.0,97.83792705066843,0.9407492985641195,6.8493150684931505,25.1,37.3,18.2,4.137701796301759,10716598,Atlanta,No court,33.67673453316935,-84.63245424327376
13121010536,Census Tract 105.36,,0,0.0,0.0,116065.0,Q3,3125,1.344,96.224,4.352,3.936,20.7,32.7,16.9,4.297991728147003,11131747,Atlanta,No court,33.599450839932125,-84.60751586600765
13121009606,Census Tract 96.06,Peachtree Park,0,0.0,0.0,224844.0,Q4 (highest),1498,77.83711615487317,13.484646194926569,5.473965287049399,1.2016021361815754,11.5,21.6,13.1,0.6363828712719904,1648224,Atlanta,No court,33.84078504768167,-84.36444570943665
13121010518,Census Tract 105.18,,0,0.0,0.0,85444.0,Q3,3462,0.5199306759098787,98.12247255921433,3.2928942807625647,4.2461005199306765,22.8,34.0,16.0,1.6385647346628633,4243863,Atlanta,No court,33.577005628729545,-84.4817867887031
13121010531,Census Tract 105.31,,0,0.0,0.0,86688.0,Q3,2280,0.5701754385964912,99.03508771929825,0.043859649122807015,0.7465963987703118,19.4,31.1,14.5,1.2431470724960887,3219736,Atlanta,No court,33.579902193365,-84.49855171168997
13121010538,Census Tract 105.38,,0,0.0,0.0,77500.0,Q2,3214,12.850031113876788,79.52706907280647,0.4667081518357187,9.24911376087657,26.9,31.6,15.9,2.4680129792107146,6392124,Atlanta,No court,33.548655713699254,-84.50436387171483
13121001302,Census Tract 13.02,Midtown,0,0.0,0.0,126635.0,Q4 (highest),2175,64.04597701149424,30.298850574712645,2.436781609195402,13.753581661891118,15.1,25.0,15.8,0.3158860195491253,818141,Atlanta,No court,33.77614706645321,-84.37000958181143
13121009503,Census Tract 95.03,Peachtree Heights West,0,0.0,0.0,44566.0,Q1 (lowest),1729,55.523423944476576,24.58068247541932,6.130711393869288,27.205387205387204,28.4,28.8,14.7,0.1308573630456975,338919,Atlanta,No court,33.834040950106726,-84.38579863331144
13121011443,Census Tract 114.43,,0,0.0,0.0,182042.0,Q4 (highest),3230,48.54489164086687,9.659442724458204,4.303405572755418,0.31201248049922,14.2,20.0,11.1,1.3097574197254969,3392256,Atlanta,No court,34.02495684085841,-84.23566564945536
13121009407,Census Tract 94.07,Pine Hills,0,0.0,0.0,97596.0,Q3,1069,41.534144059869035,32.647333956969135,1.028999064546305,0.4677268475210477,13.0,22.6,16.8,0.056079410406534705,145245,Atlanta,No court,33.82617620317096,-84.35608235240754
13121011630,Census Tract 116.30,,2,6.09942055504727,2.7670117256671443,167500.0,Q4 (highest),3279,64.37938395852395,7.075327843854834,2.531259530344617,1.1893870082342177,13.2,20.2,12.2,0.72280141838495,1872047,Atlanta,Has court,34.062620769247005,-84.2012080934476
13121011445,Census Tract 114.45,,2,7.457121551081283,1.5184088877163668,123836.0,Q4 (highest),2682,80.16405667412378,12.714392244593586,3.467561521252797,0.20764119601328906,14.7,22.1,11.8,1.3171682648722698,3411450,Atlanta,Has court,34.033969802151134,-84.37301612794191
13121010125,Census Tract 101.25,,0,0.0,0.0,90262.0,Q3,3736,42.23768736616702,43.897216274089935,6.8790149892933625,6.263383297644539,19.3,28.2,17.6,0.6064649720384805,1570737,Atlanta,No court,33.99004046304239,-84.34646990622021
13121011308,Census Tract 113.08,,0,0.0,0.0,48850.0,Q1 (lowest),1885,2.1750663129973478,95.49071618037135,1.0610079575596816,16.60477453580902,28.9,36.6,20.2,0.34172474930385777,885063,Atlanta,No court,33.63922934813323,-84.48873793494863
13121011440,Census Tract 114.40,,2,8.536064874093043,1.5938255282186886,139792.0,Q4 (highest),2343,56.12462654716176,26.888604353393085,13.188220230473751,7.298335467349553,16.9,23.6,12.3,1.2548424934787343,3250027,Atlanta,Has court,33.99106961007583,-84.29964682694452
13121011514,Census Tract 115.14,,0,0.0,0.0,206103.0,Q4 (highest),3073,74.91051090139929,7.289293849658314,4.653433127237228,0.6182883176049463,14.4,22.4,13.2,6.3150335059467455,16355861,Atlanta,No court,34.16236686239425,-84.29924879328293
13121011801,Census Tract 118.01,English Avenue,0,0.0,0.0,94045.0,Q3,575,32.17391304347826,63.13043478260869,6.608695652173912,5.043478260869565,13.5,21.4,17.4,0.221338863346085,573265,Atlanta,No court,33.77634939957066,-84.41381815812923
13121011635,Census Tract 116.35,,1,3.032140691328078,0.3807828166473726,182230.0,Q4 (highest),3298,21.04305639781686,7.671315949060037,3.7295330503335355,2.031534263189812,16.0,15.9,10.3,2.6261689243347845,6801746,Atlanta,Has court,34.044444351142594,-84.12664256187078
13121011648,Census Tract 116.48,,4,16.39344262295082,2.448099807317584,203375.0,Q4 (highest),2440,36.4344262295082,8.77049180327869,3.6475409836065573,6.863953966296752,15.7,18.6,11.1,1.6339203115998993,4231834,Atlanta,Has court,34.04199591556914,-84.15132628278867
13121010135,Census Tract 101.35,,0,0.0,0.0,49779.0,Q1 (lowest),1865,36.0857908847185,47.07774798927614,12.171581769436997,12.010723860589813,22.2,30.0,16.7,0.4952420628975887,1282671,Atlanta,No court,33.9757187374437,-84.3460370482078
13121010117,Census Tract 101.17,,0,0.0,0.0,82691.0,Q2,3843,27.946916471506633,42.206609419724174,13.374967473328129,4.839968774395004,14.8,25.0,15.7,0.5394279819057076,1397112,Atlanta,No court,33.962157792630244,-84.3589942887319
13121007602,Census Tract 76.02,Adams Park,0,0.0,0.0,55353.0,Q1 (lowest),3118,3.9448364336112896,94.74021808851828,0.0,15.248796147672552,35.7,40.2,18.3,1.3011415496905778,3369941,Atlanta,No court,33.71090111673658,-84.46215460177504
13121009410,Census Tract 94.10,Pine Hills,0,0.0,0.0,96690.0,Q3,3589,76.17720813597101,11.758149902479799,5.377542490944553,3.3992755642240176,12.5,21.5,14.8,0.3011017811665537,779850,Atlanta,No court,33.84549113149195,-84.35200655692225
13121011659,Census Tract 116.59,,0,0.0,0.0,176833.0,Q4 (highest),2609,46.87619777692603,11.000383288616328,3.3729398236872363,0.0,12.8,19.8,11.2,1.69790748065242,4397560,Atlanta,No court,34.03057985963639,-84.21979865757682
13121007709,Census Tract 77.09,Princeton Lakes,0,0.0,0.0,66684.0,Q2,4011,0.0,100.0,0.0,16.00598354525056,21.4,34.0,17.1,1.3194736809591396,3417421,Atlanta,No court,33.665478897208665,-84.51088164848308
13121001205,Census Tract 12.05,Midtown,0,0.0,0.0,110391.0,Q3,1963,65.91951095262354,9.67906265919511,16.40346408558329,9.98471726948548,11.8,22.0,14.0,0.10212016426330933,264490,Atlanta,No court,33.77440546054554,-84.38524372378657
13121010131,Census Tract 101.31,,0,0.0,0.0,67319.0,Q2,2666,38.89722430607652,30.38259564891223,10.652663165791449,0.86271567891973,14.7,20.1,13.0,0.5493060199506716,1422696,Atlanta,No court,33.95860204412106,-84.35055256741354
13121001102,Census Tract 11.02,Midtown,0,0.0,0.0,119985.0,Q3,3840,70.02604166666667,10.338541666666666,12.526041666666668,5.651041666666667,11.0,22.0,13.9,0.10622288597476127,275116,Atlanta,No court,33.78301994876133,-84.38314570262192
13121001204,Census Tract 12.04,Midtown,0,0.0,0.0,107194.0,Q3,2073,80.60781476121564,1.7366136034732274,3.5697057404727452,6.464061746261457,11.0,22.2,13.6,0.11844070320016926,306760,Atlanta,No court,33.7787803277897,-84.38016258908985
13121001203,Census Tract 12.03,Midtown,0,0.0,0.0,76330.0,Q2,2678,61.762509335324864,22.59148618371919,6.4973861090365945,10.082150858849888,14.1,22.5,15.0,0.10063251258306988,260637,Atlanta,No court,33.77354240850512,-84.38047237531987
13121010526,Census Tract 105.26,,0,0.0,0.0,84976.0,Q3,6675,0.0,84.28464419475655,10.666666666666668,8.565856585658565,22.9,34.3,17.9,5.624524129069324,14567450,Atlanta,No court,33.60997822107949,-84.55575171964237
13121008907,Census Tract 89.07,Cross Creek,0,0.0,0.0,81067.0,Q2,2770,64.98194945848375,26.82310469314079,7.436823104693141,10.68592057761733,14.0,23.9,15.2,0.3549043470471678,919198,Atlanta,No court,33.81723467104315,-84.42502871245172
13121001902,Census Tract 19.02,Downtown,0,0.0,0.0,76544.0,Q2,2267,32.81870313189237,49.53683281870313,6.6166740185266875,14.46846052051169,17.5,29.0,15.0,0.3292598266864557,852779,Atlanta,No court,33.76587604081693,-84.3865851310511
13121001301,Census Tract 13.01,Midtown,0,0.0,0.0,71535.0,Q2,3306,78.79612825166365,12.976406533575318,2.9340592861464008,10.52076002814919,12.3,23.5,15.2,0.19260012015499686,498832,Atlanta,No court,33.77626936476178,-84.37412906944785
13121010529,Census Tract 105.29,,0,0.0,0.0,82714.0,Q2,6370,1.6012558869701727,93.861852433281,4.615384615384616,17.797412432944146,24.6,35.9,17.9,3.64225162433185,9433388,Atlanta,No court,33.60280893055315,-84.50820154516232
13121011901,Census Tract 119.01,Downtown,0,0.0,0.0,55000.0,Q1 (lowest),1857,31.610123855681206,58.58912224017232,9.90845449649973,27.08192281651997,25.4,32.8,19.3,0.4532596290021421,1173937,Atlanta,No court,33.75422318336641,-84.38546429252598
13121008906,Census Tract 89.06,Fernleaf,0,0.0,0.0,208683.0,Q4 (highest),2344,85.36689419795222,5.716723549488054,4.522184300341297,0.0,13.5,22.8,14.1,0.7973894087540174,2065229,Atlanta,No court,33.82156015598047,-84.43937003124796
13121009504,Census Tract 95.04,South Tuxedo Park,0,0.0,0.0,105588.0,Q3,3456,64.67013888888889,16.05902777777778,8.796296296296296,10.32986111111111,13.9,24.3,14.9,0.589997328172949,1528086,Atlanta,No court,33.84375913910342,-84.38612710899825
13121009804,Census Tract 98.04,Castlewood,0,0.0,0.0,250001.0,Q4 (highest),2403,92.71743653766126,1.1652101539741988,1.2068248023304202,0.0,9.8,20.4,10.7,1.2331284932594282,3193788,Atlanta,No court,33.83125788138915,-84.41660281335258
13121010530,Census Tract 105.30,,1,3.3579583613163195,0.38339430169807454,47763.0,Q1 (lowest),2978,2.6527871054398924,87.74345198119543,0.5036937541974479,5.473472128945601,25.5,34.9,17.4,2.608280810567462,6755416,Atlanta,Has court,33.62659880564351,-84.5142435992482
13121009104,Census Tract 91.04,Colonial Homes,0,0.0,0.0,107212.0,Q3,2851,77.90249035426167,16.62574535250789,8.067344791301299,11.539810592774465,12.7,22.8,14.6,0.3780940297792886,979259,Atlanta,No court,33.81329213513116,-84.39684290600563
13089021213,Census Tract 212.13,,0,0.0,0.0,234000.0,Q4 (highest),3518,90.76179647527005,1.6202387720295623,2.6151222285389424,0.9096077316657191,11.9,21.6,10.9,1.1389014157594552,2949741,Atlanta,No court,33.954115417535355,-84.34222040958484
13089021301,Census Tract 213.01,,0,0.0,0.0,60221.0,Q2,3964,24.596367305751766,25.02522704339051,38.06760847628658,29.478283217681827,27.9,32.6,18.8,1.4663037048820304,3797709,Atlanta,No court,33.907167166233386,-84.28953813324839
13089021812,Census Tract 218.12,,0,0.0,0.0,78153.0,Q2,3024,27.215608465608465,24.57010582010582,36.27645502645503,15.112433862433864,24.7,28.2,14.7,0.8648016902008813,2239826,Atlanta,No court,33.887915615975416,-84.2375743732959
13089023311,Census Tract 233.11,,0,0.0,0.0,76946.0,Q2,5068,2.131018153117601,89.3646408839779,4.143646408839778,17.265193370165747,25.4,36.2,16.7,1.8980064772500878,4915814,Atlanta,No court,33.77491037267966,-84.11343312687197
13089021908,Census Tract 219.08,,0,0.0,0.0,43795.0,Q1 (lowest),5584,7.5035816618911175,80.56948424068769,5.856017191977077,9.912170639899625,30.8,38.0,19.0,1.297027244913876,3359285,Atlanta,No court,33.80215660591424,-84.19359441461383
13089023504,Census Tract 235.04,,0,0.0,0.0,57270.0,Q1 (lowest),2383,15.652538816617708,71.17079311791858,3.5249685270667226,8.350818296265212,25.5,35.7,16.3,0.8481093348695052,2196593,Atlanta,No court,33.723955219386184,-84.27205145071369
13089023505,Census Tract 235.05,,0,0.0,0.0,73304.0,Q2,2747,13.578449217327995,79.1044776119403,2.730251183108846,3.0578813250819072,26.7,36.2,16.1,0.8412301524176946,2178776,Atlanta,No court,33.72400111750066,-84.25885694951528
13089023506,Census Tract 235.06,,0,0.0,0.0,65724.0,Q2,5711,11.836806163544038,82.96270355454386,4.570127823498512,35.73782497253753,31.5,40.1,17.5,2.0697651881012575,5360667,Atlanta,No court,33.72673296293848,-84.24021773604457
13089023426,Census Tract 234.26,,0,0.0,0.0,85549.0,Q3,4390,1.5945330296127564,83.75854214123007,0.3416856492027335,6.879271070615034,23.3,35.3,15.5,2.0657226983291044,5350197,Atlanta,No court,33.67015437886927,-84.20324162120302
13121010212,Census Tract 102.12,,0,0.0,0.0,90893.0,Q3,5966,49.74857525980557,13.778075762655046,42.239356352665105,15.957090177673482,20.9,27.4,14.8,1.258455637632298,3259385,Atlanta,No court,33.901403961008555,-84.3869893109393
13121006802,Census Tract 68.02,Thomasville Heights,2,15.612802498048401,7.13654562037259,,nan,1281,8.430913348946136,82.66978922716628,0.0,86.65105386416862,49.2,49.4,29.8,0.2802476304909521,725838,Atlanta,Has court,33.704285428613254,-84.36096626108156
13121006900,Census Tract 69,Custer/McDonough/Guice,1,2.547121752419766,0.8220146052677098,100370.0,Q3,3926,35.96535914416709,38.43606724401427,21.930718288334184,25.11462047885889,23.2,32.2,17.7,1.2165233970196,3150781,Atlanta,Has court,33.71831399207979,-84.35877003681252
13121007001,Census Tract 70.01,Swallow Circle/Baywood,0,0.0,0.0,48813.0,Q1 (lowest),3655,8.043775649794801,85.63611491108071,8.727770177838577,36.90834473324213,33.9,40.2,20.3,1.7427389624971235,4513673,Atlanta,No court,33.69130000837175,-84.38878551373436
13121007400,Census Tract 74,Hammond Park,0,0.0,0.0,33430.0,Q1 (lowest),3043,8.577062109760107,70.0624383831745,20.736115675320406,23.891050583657588,40.1,40.5,20.6,0.8975365909031239,2324609,Atlanta,No court,33.67893309081277,-84.40708360413646
13121012300,Census Tract 123,,1,4.597701149425287,0.7144912743383338,49855.0,Q1 (lowest),2175,30.758620689655174,50.850574712643684,3.310344827586207,10.602522185894442,22.6,33.1,15.6,1.3995972182110497,3624940,Atlanta,Has court,33.66111507940535,-84.43965280995245
13121001400,Census Tract 14,Virginia Highland,0,0.0,0.0,100518.0,Q3,2313,85.38694336359706,7.825335062689148,2.3778642455685257,6.312148724600086,10.0,21.3,14.4,0.2791410616574285,722972,Atlanta,No court,33.77707846327389,-84.36226337972202
13121001600,Census Tract 16,Poncey-Highland,0,0.0,0.0,126477.0,Q4 (highest),2421,72.20156959933912,8.095828170177613,5.410987195373813,0.5782734407269724,10.6,21.3,15.0,0.35540241885290585,920488,Atlanta,No court,33.767597253889534,-84.35554752470286
13089023425,Census Tract 234.25,,0,0.0,0.0,75504.0,Q2,5517,6.398404930215697,86.71379372847562,7.739713612470546,12.463715529753266,24.1,36.4,16.3,1.931214739218869,5001823,Atlanta,No court,33.673139016452694,-84.22822422369924
13121010115,Census Tract 101.15,,0,0.0,0.0,185500.0,Q4 (highest),2885,67.8682842287695,12.547660311958406,16.568457538994803,2.751241880015285,13.8,21.5,12.3,1.3990921965661618,3623632,Atlanta,No court,33.89788402242789,-84.35563390503174
13121011641,Census Tract 116.41,,0,0.0,0.0,250001.0,Q4 (highest),5102,77.3030184241474,1.097608780870247,5.5272442179537435,0.7079646017699115,12.6,21.1,12.3,3.419944416730888,8857615,Atlanta,No court,34.10238141978598,-84.30971213152695
13121011654,Census Tract 116.54,,0,0.0,0.0,115682.0,Q3,2292,67.97556719022687,10.602094240837696,3.2286212914485164,7.547169811320755,15.4,23.8,14.4,0.6612173492695719,1712545,Atlanta,No court,34.07582930868019,-84.31190575194576
13121011647,Census Tract 116.47,,1,1.8839487565938204,0.31996953974701037,91083.0,Q3,5308,75.01883948756594,11.397889977392616,13.05576488319518,7.35663255454721,20.4,26.8,14.6,3.1252974917258305,8094483,Atlanta,Has court,34.060537440437685,-84.31673570808803
13121011643,Census Tract 116.43,,0,0.0,0.0,89629.0,Q3,4581,18.969657280069853,14.931237721021612,11.87513643309321,10.914647456887144,13.9,20.2,13.4,0.9860153792218342,2553768,Atlanta,No court,34.0953118122525,-84.26252755917582
13121011640,Census Tract 116.40,,0,0.0,0.0,97354.0,Q3,5525,63.67420814479638,11.619909502262443,8.687782805429864,11.04014598540146,16.7,24.5,14.1,1.3936778857662662,3609609,Atlanta,No court,34.07691416004913,-84.2786997561516
13121011434,Census Tract 114.34,,0,0.0,0.0,90804.0,Q3,3620,52.40331491712708,11.104972375690608,35.30386740331492,1.7717107173976183,16.2,25.1,15.1,1.5648964396746239,4053063,Atlanta,No court,34.030426768012376,-84.30373829473707
13089022700,Census Tract 227,,3,5.441683294032287,3.4427229273116864,196842.0,Q4 (highest),5513,63.758389261744966,18.53800108833666,10.321059314347906,4.622963243652898,14.4,26.5,13.7,0.8714032651888735,2256924,Atlanta,Has court,33.76046144145206,-84.3039345914268
13089021502,Census Tract 215.02,,0,0.0,0.0,98967.0,Q3,4699,65.01383273036816,12.875079804213662,8.831666311981273,9.78931687593105,13.8,24.4,14.4,1.3991254013532108,3623718,Atlanta,No court,33.817581583141994,-84.34090941847377
13089021602,Census Tract 216.02,,0,0.0,0.0,135489.0,Q4 (highest),3890,74.65295629820051,11.773778920308484,6.015424164524422,3.2904884318766063,13.9,23.0,11.4,1.2313342764522461,3189141,Atlanta,No court,33.81628861717599,-84.29609221631036
13089021405,Census Tract 214.05,,0,0.0,0.0,158393.0,Q4 (highest),5092,69.18695993715632,13.315003927729771,8.012568735271014,4.673998428908091,12.1,23.6,13.6,0.9272502420860638,2401567,Atlanta,No court,33.85715285088121,-84.32933009974906
13089022001,Census Tract 220.01,,0,0.0,0.0,106969.0,Q3,5298,59.701774254435634,18.04454511136278,22.385805964514912,6.572140256754168,18.9,27.3,14.9,1.6900726953175074,4377268,Atlanta,No court,33.81949975739426,-84.25020510630438
13089022005,Census Tract 220.05,,0,0.0,0.0,61333.0,Q2,4788,9.7953216374269,72.890559732665,4.5739348370927315,10.661918726434855,28.1,34.4,18.1,1.2718448888566278,3294063,Atlanta,No court,33.7912070413501,-84.2330488101981
13089023507,Census Tract 235.07,,0,0.0,0.0,65063.0,Q2,3528,2.380952380952381,86.25283446712018,10.629251700680271,17.885487528344672,28.8,37.8,17.5,1.3837253300015289,3583832,Atlanta,No court,33.72410325857024,-84.22211196739347
13089023602,Census Tract 236.02,,0,0.0,0.0,66750.0,Q2,2059,19.426906265177273,73.48227294803303,4.759592034968431,13.1617289946576,24.7,33.8,16.4,1.0573879106775785,2738622,Atlanta,No court,33.72476476922316,-84.29912724697536
13089023603,Census Tract 236.03,,0,0.0,0.0,46618.0,Q1 (lowest),3903,10.40225467589034,81.24519600307455,6.610299769408147,17.403672097233,33.1,39.2,18.4,1.1375238031990882,2946173,Atlanta,No court,33.71969786789352,-84.28529443059948
13121009601,Census Tract 96.01,Buckhead Forest,0,0.0,0.0,101801.0,Q3,2991,53.39351387495821,15.780675359411568,5.549983283182882,8.49214309595453,12.6,22.1,14.2,0.3173979956663892,822057,Atlanta,No court,33.84639168806233,-84.37770701356723
13121010121,Census Tract 101.21,,0,0.0,0.0,119167.0,Q3,2513,63.27099084759252,22.284122562674096,4.178272980501393,11.699164345403899,16.9,22.0,12.0,0.8095238279096274,2096657,Atlanta,No court,33.93115364214225,-84.37064209017808
13121010508,Census Tract 105.08,,0,0.0,0.0,58458.0,Q1 (lowest),4190,4.988066825775657,90.69212410501193,5.847255369928401,16.050863723608444,28.0,36.7,17.3,1.5282622931071494,3958181,Atlanta,No court,33.59198409940363,-84.47616815976522
13121011306,Census Tract 113.06,,0,0.0,0.0,56262.0,Q1 (lowest),2913,0.06865774116031582,83.83110195674563,8.891177480260898,19.77342945417096,30.2,37.7,21.2,2.781280067706877,7203482,Atlanta,No court,33.64073713089916,-84.50377287464674
13089023218,Census Tract 232.18,,0,0.0,0.0,37435.0,Q1 (lowest),2387,3.812316715542522,74.36112274821951,15.500628403854211,12.861332216170926,24.8,38.2,20.1,0.39729952416767955,1029001,Atlanta,No court,33.75501369817404,-84.19251439669804
13089023430,Census Tract 234.30,,0,0.0,0.0,50321.0,Q1 (lowest),4384,3.261861313868613,80.56569343065694,12.317518248175183,23.608576642335766,29.5,40.1,21.5,0.7285269275378882,1886876,Atlanta,No court,33.69607191866502,-84.15652909375729
13089022501,Census Tract 225.01,,2,4.814636494944632,4.045209723229841,125923.0,Q4 (highest),4154,49.49446316803081,21.064034665382763,20.462205103514684,9.009227780475959,16.8,27.3,13.9,0.49441194322135856,1280521,Atlanta,Has court,33.77142570054864,-84.30397108078252
13089022014,Census Tract 220.14,,0,0.0,0.0,40865.0,Q1 (lowest),2934,1.0906612133606,98.9093387866394,0.0,35.75323790047717,39.0,44.2,24.3,0.26995337430134814,699176,Atlanta,No court,33.81568082422266,-84.24053959291233
13089023319,Census Tract 233.19,,0,0.0,0.0,74161.0,Q2,2814,1.1371712864250179,89.01918976545842,8.208955223880597,19.402985074626866,27.3,38.6,18.5,1.3740357098179605,3558736,Atlanta,No court,33.71159512551497,-84.15738975151746
13089020902,Census Tract 209.02,East Atlanta,0,0.0,0.0,58611.0,Q1 (lowest),2750,44.07272727272728,43.6,1.6,31.849944832659066,21.3,33.1,16.8,0.7097592730159368,1838268,Atlanta,No court,33.73077301475018,-84.33174840976862
13089023702,Census Tract 237.02,,0,0.0,0.0,52177.0,Q1 (lowest),2928,22.19945355191257,66.70081967213115,2.800546448087432,16.039671682626537,31.2,40.5,20.4,0.8305274001269504,2151056,Atlanta,No court,33.72592686700419,-84.31394737570879
13089022601,Census Tract 226.01,,1,2.2558087074216107,1.2114125884592537,80000.0,Q2,4433,75.81773065644033,8.05323708549515,7.759981953530342,7.921462423832091,15.3,24.4,12.1,0.825482589108521,2137990,Atlanta,Has court,33.78122478779309,-84.2942902107383
13089023429,Census Tract 234.29,,0,0.0,0.0,36469.0,Q1 (lowest),4168,0.31190019193857965,98.1046065259117,2.111324376199616,27.51081210956271,29.7,41.5,20.5,1.6212194805535778,4198939,Atlanta,No court,33.695307097149545,-84.13872572217856
13089023446,Census Tract 234.46,,0,0.0,0.0,42125.0,Q1 (lowest),2219,2.388463271744029,97.5214060387562,0.04506534474988734,29.093369418132614,31.7,39.7,18.2,1.0867907496096507,2814775,Atlanta,No court,33.709977792062844,-84.25651329522762
13089023443,Census Tract 234.43,,0,0.0,0.0,106089.0,Q3,6602,6.255680096940321,90.0484701605574,8.285368070281732,9.1971467597511,22.6,35.8,16.2,2.9624836099626717,7672797,Atlanta,No court,33.65999776769224,-84.30800324406162
13089021420,Census Tract 214.20,,0,0.0,0.0,54402.0,Q1 (lowest),1610,19.503105590062113,12.48447204968944,76.08695652173914,17.018633540372672,38.1,37.6,19.8,0.12836739011918202,332470,Atlanta,No court,33.84865748347135,-84.3264831735194
13089021707,Census Tract 217.07,,0,0.0,0.0,129974.0,Q4 (highest),2613,76.84653654802909,6.199770378874857,9.950248756218906,2.8702640642939152,13.1,22.1,10.9,1.0383770117853828,2689384,Atlanta,No court,33.82798126579239,-84.27826392668068
13089022304,Census Tract 223.04,,0,0.0,0.0,93031.0,Q3,3115,54.18940609951846,13.418940609951846,14.510433386837882,14.991974317817014,15.3,23.8,14.0,0.7252388814156668,1878360,Atlanta,No court,33.797481943214315,-84.30059616673641
13089022303,Census Tract 223.03,,0,0.0,0.0,112049.0,Q3,3759,71.42857142857143,8.619313647246608,11.54562383612663,4.07023144453312,12.7,23.3,12.0,0.9426630548095204,2441486,Atlanta,No court,33.79796483072806,-84.28813203703207
13089023439,Census Tract 234.39,,0,0.0,0.0,54239.0,Q1 (lowest),2608,1.2269938650306749,94.47852760736197,3.4509202453987733,19.08679555738379,24.2,35.9,19.1,1.066907259801976,2763277,Atlanta,No court,33.690914827320945,-84.2622594543643
13089021818,Census Tract 218.18,,0,0.0,0.0,82989.0,Q2,4837,35.49720901385156,35.641926814140994,19.12342360967542,4.328018223234624,20.6,27.6,14.7,1.6291951931823623,4219596,Atlanta,No court,33.838585326858706,-84.22497151081409
13089023220,Census Tract 232.20,,0,0.0,0.0,72604.0,Q2,3774,6.942236354001059,61.1552729199788,3.391626921038686,10.196394942157653,27.2,34.9,17.2,1.475058571699946,3820384,Atlanta,No court,33.77222569124335,-84.20364354574875
13089023431,Census Tract 234.31,,0,0.0,0.0,55991.0,Q1 (lowest),1689,3.9076376554174073,78.92243931320307,11.249259917110717,16.838279830405813,28.4,38.9,19.2,0.5875270464573581,1521688,Atlanta,No court,33.69540160529498,-84.16869265946276
13089023222,Census Tract 232.22,,0,0.0,0.0,46354.0,Q1 (lowest),4138,12.20396326727888,82.11696471725472,2.416626389560174,22.90961817303045,31.4,39.7,19.9,0.8932527872716013,2313514,Atlanta,No court,33.775881328880345,-84.18995065208011
13089022404,Census Tract 224.04,Emory,0,0.0,0.0,,nan,3213,54.995331465919705,26.76626206037971,3.361344537815126,46.23893805309734,22.8,26.4,23.3,0.6609895489863273,1711955,Atlanta,No court,33.79656661344207,-84.32599437294445
13089021817,Census Tract 218.17,,0,0.0,0.0,95508.0,Q3,2658,25.319789315274644,39.69149736644093,10.72234762979684,6.033123028391167,23.6,27.3,15.6,0.8100581933198147,2098041,Atlanta,No court,33.82876646164469,-84.21626630765525
13089022502,Census Tract 225.02,,0,0.0,0.0,180375.0,Q4 (highest),2615,83.63288718929255,0.0,4.894837476099426,1.6826003824091778,11.3,22.7,11.0,0.6058028068083713,1569022,Atlanta,No court,33.77997358344439,-84.3067147129849
13089022602,Census Tract 226.02,,0,0.0,0.0,151797.0,Q4 (highest),2572,69.2457231726283,5.793157076205287,5.909797822706065,2.488335925349922,13.8,24.5,13.0,0.3785932598915516,980552,Atlanta,No court,33.78156666233901,-84.28465950642055
13089023209,Census Tract 232.09,,3,5.46448087431694,1.663356493414191,86458.0,Q3,5490,6.757741347905283,85.51912568306011,1.912568306010929,8.062442607897154,21.0,34.1,15.4,1.8035821015386944,4671256,Atlanta,Has court,33.774437579501516,-84.170950668799
13089023211,Census Tract 232.11,,0,0.0,0.0,71981.0,Q2,3893,1.8237862830721807,90.54713588492166,3.3650141279219117,11.71333162085795,23.0,36.1,16.6,0.9592666066406486,2484489,Atlanta,No court,33.73999196916533,-84.18940678810796
13121011650,Census Tract 116.50,,1,2.0308692120227456,0.9515794454948199,201118.0,Q4 (highest),4924,31.33631194151097,18.05442729488221,11.49471974004874,2.4370430544272947,14.6,19.1,11.8,1.050884405642034,2721778,Atlanta,Has court,34.061818401008495,-84.24548972377191
13121009103,Census Tract 91.03,Ardmore,0,0.0,0.0,91321.0,Q3,3710,59.59568733153638,19.622641509433965,13.854447439353098,12.614802809292275,15.8,24.8,16.5,0.27891055865895903,722375,Atlanta,No court,33.80396460935839,-84.39718407185588
13121000501,Census Tract 5.01,Atlantic Station,1,1.8399264029438822,2.0667359305701187,108940.0,Q3,5435,36.48574057037718,37.000919963201476,6.789328426862926,13.809064609450338,13.8,23.4,15.3,0.4838547514505859,1253178,Atlanta,Has court,33.79206573224391,-84.39320725686763
13121011428,Census Tract 114.28,,1,4.170141784820684,0.8094557369425434,146083.0,Q4 (highest),2398,78.6488740617181,6.630525437864887,12.969140950792326,3.697334479793637,15.1,22.4,12.0,1.235398001844024,3199666,Atlanta,Has court,34.02920747522609,-84.28098109544557
13121011432,Census Tract 114.32,,0,0.0,0.0,79269.0,Q2,4090,44.30317848410758,29.04645476772616,25.012224938875306,15.554465161923453,20.1,28.7,16.9,0.7098681538292841,1838550,Atlanta,No court,34.000656359884,-84.28065226753057
13121011639,Census Tract 116.39,,0,0.0,0.0,121211.0,Q3,2013,56.58221559860904,11.773472429210134,3.7754595131644315,2.710843373493976,13.6,21.6,13.6,0.8229088320100325,2131324,Atlanta,No court,34.06401229471347,-84.28363379138658
13121011637,Census Tract 116.37,,1,4.0241448692152915,0.7428322806003146,193750.0,Q4 (highest),2485,71.14688128772636,1.3279678068410463,3.742454728370221,3.1388329979879273,12.9,21.4,12.4,1.3461989013076507,3486639,Atlanta,Has court,34.04680483774513,-84.27336982736179
13121011638,Census Tract 116.38,,2,4.7892720306513406,1.685137441812878,135313.0,Q4 (highest),4176,67.26532567049809,5.842911877394636,15.804597701149426,3.3045977011494254,15.6,22.5,12.8,1.1868468116454594,3073919,Atlanta,Has court,34.045098413732056,-84.23916773161879
13121011636,Census Tract 116.36,,0,0.0,0.0,97574.0,Q3,1906,23.819517313746065,15.582371458551942,21.091290661070307,3.827751196172249,17.5,19.8,13.0,0.6730324619264645,1743146,Atlanta,No court,34.07244792894428,-84.25897395342447
13121011646,Census Tract 116.46,,0,0.0,0.0,99643.0,Q3,4159,37.220485693676366,14.017792738639095,3.7268574176484734,5.025246453474392,16.7,24.4,13.7,2.309530777748777,5981657,Atlanta,No court,34.0497571086129,-84.29930545234512
13121001206,Census Tract 12.06,Midtown,0,0.0,0.0,121361.0,Q3,3494,67.11505437893531,2.5472238122495705,13.27990841442473,16.51402404121351,12.0,21.9,14.6,0.07826715799455441,202711,Atlanta,No court,33.7795463141269,-84.38495381435186
13089021224,Census Tract 212.24,,3,6.437768240343347,3.5012723150817218,56964.0,Q1 (lowest),4660,39.248927038626604,38.73390557939914,3.9055793991416308,15.55845284658844,18.8,26.3,15.0,0.8568313830025467,2219183,Atlanta,Has court,33.92897958321733,-84.30196567950678
13089023433,Census Tract 234.33,,0,0.0,0.0,62450.0,Q2,5738,0.9585221331474381,71.54060648309516,10.561171139769955,8.71383757406762,28.7,41.0,18.7,4.580078363297436,11862348,Atlanta,No court,33.65620761204359,-84.13749104845022
13089023434,Census Tract 234.34,,0,0.0,0.0,85000.0,Q3,4896,11.376633986928104,82.80228758169935,0.0,2.472920498671572,21.6,35.1,16.9,5.835498079527782,15113870,Atlanta,No court,33.65171635422716,-84.11013758416931
13089023445,Census Tract 234.45,,0,0.0,0.0,50127.0,Q1 (lowest),3363,6.839131727624145,77.93636633957776,0.02973535533749628,7.2727272727272725,23.6,34.8,14.8,1.7460876266608185,4522346,Atlanta,No court,33.70518377573794,-84.23504453119529
13089023448,Census Tract 234.48,,0,0.0,0.0,80291.0,Q2,3132,3.9910600255427844,92.08173690932313,0.0,7.662835249042145,25.0,37.0,16.2,1.496482995288009,3875873,Atlanta,No court,33.70100037203022,-84.20932119252512
13089021824,Census Tract 218.24,,1,4.083299305839118,1.050704218495563,45524.0,Q1 (lowest),2449,27.848101265822784,50.510412413229886,30.74724377296856,27.449287872248597,34.3,37.0,19.3,0.9517426335566034,2465002,Atlanta,Has court,33.84432747019988,-84.20678859146264
13089021230,Census Tract 212.30,,0,0.0,0.0,109805.0,Q3,3799,30.192155830481703,8.449591997894183,2.737562516451698,0.13161358252171623,11.5,17.6,10.6,0.9568924643666302,2478340,Atlanta,No court,33.92883743095652,-84.34273785323292
13089021916,Census Tract 219.16,,0,0.0,0.0,58034.0,Q1 (lowest),2970,16.565656565656568,77.7104377104377,0.4377104377104377,16.61431064572426,25.4,35.2,18.7,0.6151827730475972,1593316,Atlanta,No court,33.79213905748231,-84.21268744521565
13089023215,Census Tract 232.15,,0,0.0,0.0,47766.0,Q1 (lowest),4802,4.727197001249479,75.82257392753019,6.018325697625989,30.00832986255727,34.4,39.9,19.5,1.3101578076809621,3393293,Atlanta,No court,33.756191615656824,-84.21056729275496
13089021608,Census Tract 216.08,,0,0.0,0.0,63507.0,Q2,4075,32.3680981595092,37.15337423312883,26.15950920245399,16.56441717791411,17.3,28.8,15.5,0.7329246313110331,1898266,Atlanta,No court,33.85419392633934,-84.28969940207837
13089021710,Census Tract 217.10,,0,0.0,0.0,181782.0,Q4 (highest),2508,68.54066985645933,12.08133971291866,3.4290271132376398,0.5983246908655764,14.4,23.0,11.4,1.0824220034996301,2803460,Atlanta,No court,33.86328556983908,-84.26200924120654
13089021820,Census Tract 218.20,,0,0.0,0.0,56019.0,Q1 (lowest),2074,25.40983606557377,54.09836065573771,0.9161041465766635,10.462873674059788,16.0,27.6,14.7,0.5948058446602842,1540540,Atlanta,No court,33.8543658424842,-84.25182464121794
13089021915,Census Tract 219.15,,0,0.0,0.0,119440.0,Q3,3996,20.345345345345343,68.21821821821821,1.5265265265265264,5.702084903290631,19.5,30.0,13.0,6.2978782141075556,16311429,Atlanta,No court,33.804574250867326,-84.13228134309587
13089022405,Census Tract 224.05,Emory,1,4.08997955010225,1.799306256543357,73365.0,Q2,2445,54.51942740286299,23.76278118609407,7.280163599182004,19.82758620689655,15.9,23.3,21.1,0.5557697564621921,1439437,Atlanta,Has court,33.79766074634073,-84.31466192530732
13089021220,Census Tract 212.20,,0,0.0,0.0,116989.0,Q3,3571,69.56034724166899,15.681881825819099,4.9565947913749655,4.452534304116494,13.1,23.8,12.4,0.9666797684004713,2503689,Atlanta,No court,33.9090745892478,-84.31693624843827
13089021225,Census Tract 212.25,,0,0.0,0.0,67172.0,Q2,2639,31.223948465327776,46.26752557787041,18.794998105342934,8.869432813094786,15.0,26.1,14.9,0.2208952319470206,572116,Atlanta,No court,33.9238396486555,-84.31117498427325
13089021815,Census Tract 218.15,,0,0.0,0.0,47535.0,Q1 (lowest),4246,9.491285916156382,47.59773904851625,47.80970325011776,8.949599623174754,28.8,35.1,20.4,0.3509653326579119,908996,Atlanta,No court,33.895863897347,-84.23253916890648
13089022013,Census Tract 220.13,,0,0.0,0.0,50727.0,Q1 (lowest),3032,12.071240105540896,84.10290237467018,6.695250659630607,36.70844327176781,30.0,39.8,21.7,0.3960956575860583,1025883,Atlanta,No court,33.821211011776576,-84.23190933723183
13089021227,Census Tract 212.27,,0,0.0,0.0,125291.0,Q4 (highest),5299,56.42574070579355,18.64502736365352,0.3963011889035667,1.1322891111530478,11.9,21.4,12.2,0.9175065675979966,2376331,Atlanta,No court,33.93012220227256,-84.3258598838719
13089021223,Census Tract 212.23,,0,0.0,0.0,111827.0,Q3,1710,40.35087719298245,5.964912280701754,0.3508771929824561,3.13064419024684,14.6,17.5,10.5,0.2825831625474713,731887,Atlanta,No court,33.94031690003621,-84.33378996258828
13089021506,Census Tract 215.06,,0,0.0,0.0,114246.0,Q3,2959,57.11388982764447,16.052720513687056,2.568435282189929,15.444839857651246,16.4,21.5,13.5,0.7147106473080184,1851092,Atlanta,No court,33.80851529471738,-84.3138320220362
13089021309,Census Tract 213.09,,0,0.0,0.0,35114.0,Q1 (lowest),1922,12.330905306971903,4.630593132154006,84.07908428720083,25.550891920251832,43.8,36.7,20.9,0.4395356271920951,1138392,Atlanta,No court,33.89945177882974,-84.26374159078124
13089021822,Census Tract 218.22,,0,0.0,0.0,97028.0,Q3,3976,61.46881287726358,13.279678068410464,11.795774647887324,7.18562874251497,19.6,26.4,13.4,1.9350599307796021,5011782,Atlanta,No court,33.866073254158145,-84.21000649827316
13089021917,Census Tract 219.17,,0,0.0,0.0,44724.0,Q1 (lowest),3300,13.363636363636363,70.66666666666667,7.606060606060606,18.242424242424242,25.4,36.6,18.9,0.7025538342262589,1819606,Atlanta,No court,33.79446631029454,-84.20119270456713
13089023324,Census Tract 233.24,,0,0.0,0.0,84661.0,Q2,3718,1.2641204948897258,96.7455621301775,0.13448090371167293,3.146853146853147,19.7,32.9,14.1,1.2531532964631495,3245652,Atlanta,No court,33.76943520232159,-84.14719750924522
13089023332,Census Tract 233.32,,0,0.0,0.0,67352.0,Q2,2468,4.538087520259319,88.04700162074555,2.674230145867099,5.348460291734198,24.6,36.0,16.4,0.8389652770591988,2172910,Atlanta,No court,33.74746742111698,-84.15976472352475
13089022011,Census Tract 220.11,,0,0.0,0.0,47083.0,Q1 (lowest),5954,9.993281827342964,73.19449109842124,0.0,22.74101444407121,32.0,33.4,19.8,0.5329588399637373,1380357,Atlanta,No court,33.8028136658284,-84.23283971027296
13089022012,Census Tract 220.12,,0,0.0,0.0,36807.0,Q1 (lowest),3607,16.828389243138343,31.85472691987801,2.8555586359855836,44.607707235930135,44.5,32.1,22.4,0.3409328537429517,883012,Atlanta,No court,33.80101932392588,-84.24222320342683
13089021104,Census Tract 211.04,,0,0.0,0.0,104762.0,Q3,1884,56.581740976645435,27.335456475583864,11.67728237791932,16.666666666666664,18.2,26.8,14.9,0.44978972875550005,1164950,Atlanta,No court,33.86236277896098,-84.34336180946902
13089021228,Census Tract 212.28,,0,0.0,0.0,239018.0,Q4 (highest),3430,89.12536443148687,0.20408163265306123,3.498542274052478,0.7580174927113703,12.7,22.1,11.4,1.0073795708705986,2609101,Atlanta,No court,33.95779253429809,-84.31533041261365
13089021310,Census Tract 213.10,,0,0.0,0.0,38554.0,Q1 (lowest),5439,26.16289759146902,2.7027027027027026,54.95495495495496,17.86966955879638,36.9,30.7,16.9,1.2534965412967165,3246541,Atlanta,No court,33.90580561397224,-84.25482577893798
13089021606,Census Tract 216.06,,1,2.2202486678507993,0.9835017761972481,107898.0,Q3,4504,68.71669626998224,22.424511545293072,7.2602131438721145,8.505440817232955,13.7,23.0,13.6,1.016774981196824,2633435,Atlanta,Has court,33.826511764476706,-84.31427919590604
13089023321,Census Tract 233.21,,0,0.0,0.0,64049.0,Q2,4313,0.0,97.17134245304892,1.2984001854857408,19.55649917433357,28.5,38.2,20.0,0.3888238092222821,1007049,Atlanta,No court,33.70964708147941,-84.14078593114787
13089021229,Census Tract 212.29,,0,0.0,0.0,177054.0,Q4 (highest),3465,83.05916305916305,0.6349206349206349,1.443001443001443,0.9235209235209235,11.8,22.0,11.0,1.1512292721047357,2981670,Atlanta,No court,33.95929962542,-84.33048698666272
13089021226,Census Tract 212.26,,0,0.0,0.0,78136.0,Q2,3502,37.94974300399772,33.6093660765277,5.653912050256996,6.853226727584237,15.1,24.0,14.4,0.5017509733635831,1299529,Atlanta,No court,33.92311953220125,-84.32955123313148
13089021221,Census Tract 212.21,,0,0.0,0.0,111146.0,Q3,2675,64.74766355140187,11.102803738317757,15.626168224299064,3.4018691588785046,12.3,23.0,12.5,0.683344864918293,1769855,Atlanta,No court,33.89830756607146,-84.32977499720273
13089021712,Census Tract 217.12,,0,0.0,0.0,59477.0,Q1 (lowest),2412,42.16417910447761,31.38474295190713,6.799336650082918,14.472537053182213,16.7,27.1,16.9,0.919707736097619,2382032,Atlanta,No court,33.875033447394266,-84.26091289252281
13089021418,Census Tract 214.18,,0,0.0,0.0,52326.0,Q1 (lowest),2383,30.004196391103648,12.505245488879563,58.79143936214856,26.898866974402015,30.5,34.1,18.9,0.17910816575211932,463888,Atlanta,No court,33.850334392812066,-84.31698985229066
13089021421,Census Tract 214.21,,0,0.0,0.0,89643.0,Q3,2314,33.88072601555748,13.439930855661192,46.84528954191875,12.802463704355477,22.9,29.8,15.5,0.24466213743075257,633672,Atlanta,No court,33.85355443391616,-84.32192163441701
13089021419,Census Tract 214.19,,0,0.0,0.0,76667.0,Q2,2269,20.31732040546496,44.29263992948436,36.53591890700749,10.489202291758485,20.7,29.3,17.8,0.23839145200672746,617431,Atlanta,No court,33.84380622892761,-84.31977846942024
13089022015,Census Tract 220.15,,0,0.0,0.0,80469.0,Q2,2248,23.265124555160142,49.86654804270463,0.3558718861209964,5.289557683538532,26.0,29.0,15.9,0.6128723376324523,1587332,Atlanta,No court,33.807093277419256,-84.22265281545931
13089021505,Census Tract 215.05,,0,0.0,0.0,114716.0,Q3,3172,58.29129886506935,17.74905422446406,6.809583858764187,24.170157911698357,14.8,23.4,15.4,0.7114059987922724,1842533,Atlanta,No court,33.80981858991401,-84.32824437815846
13089022205,Census Tract 222.05,,0,0.0,0.0,75625.0,Q2,4411,39.37882566311494,15.50668782588982,21.990478349580595,5.03382949932341,18.9,27.0,15.9,0.7759862207855789,2009795,Atlanta,No court,33.80908997153486,-84.26421663795736
13089022206,Census Tract 222.06,,0,0.0,0.0,82543.0,Q2,3102,34.622823984526114,34.13926499032882,2.0631850419084463,10.219707057256992,20.0,23.8,15.4,0.8184408576410392,2119752,Atlanta,No court,33.799481333279104,-84.27318255261899
13089023444,Census Tract 234.44,,0,0.0,0.0,67250.0,Q2,2380,11.974789915966387,81.97478991596638,1.134453781512605,40.068201193520885,32.1,41.8,18.8,5.803469359703597,15030916,Atlanta,No court,33.67386049981122,-84.31970055800622
13089021708,Census Tract 217.08,,0,0.0,0.0,83945.0,Q2,3811,68.19732353712936,20.650747835213853,11.886643925478877,10.705851482550512,18.9,28.0,14.9,1.7215539222575549,4458804,Atlanta,No court,33.835752911537995,-84.25520242848394
13089023442,Census Tract 234.42,,0,0.0,0.0,115341.0,Q3,2961,2.2965214454576155,96.31881121242823,3.309692671394799,7.913425769360839,26.6,38.4,17.1,1.4462866237218088,3745865,Atlanta,No court,33.69503553279845,-84.18858750774443
13089023701,Census Tract 237.01,,0,0.0,0.0,76078.0,Q2,2636,37.481031866464335,55.61456752655539,5.993930197268589,5.993930197268589,16.1,28.3,15.0,1.0255395005691146,2656135,Atlanta,No court,33.73817494834324,-84.32166827734093
13089020901,Census Tract 209.01,East Atlanta,3,9.250693802035153,3.0561532410320957,114478.0,Q3,3243,52.63644773358001,33.425840271353685,5.365402405180388,9.682392846130126,15.1,27.5,14.4,0.9816261696965392,2542400,Atlanta,Has court,33.740572921766,-84.34087162461739
13121000700,Census Tract 7,Knight Park/Howell Station,0,0.0,0.0,147045.0,Q4 (highest),3004,36.884154460719046,54.92676431424767,7.889480692410119,8.061002178649238,21.3,31.5,18.4,0.6822417710043445,1766998,Atlanta,No court,33.7800639006268,-84.42343706601447
13089023115,Census Tract 231.15,,0,0.0,0.0,,nan,1765,15.58073654390935,66.45892351274789,9.858356940509914,33.33333333333333,45.0,48.0,20.9,0.2558699113663847,662700,Atlanta,No court,33.77378088588147,-84.24131214103286
13089023422,Census Tract 234.22,,0,0.0,0.0,67875.0,Q2,5628,2.4697938877043355,95.77114427860697,0.6396588486140725,15.822222222222221,27.0,38.8,18.4,3.4883860465762777,9034878,Atlanta,No court,33.66068649647637,-84.26566721982682
13089023424,Census Tract 234.24,,0,0.0,0.0,67245.0,Q2,5547,4.218496484586263,95.1685595817559,0.9374436632413918,21.959581378563694,26.5,38.5,17.7,2.7088866821004576,7015984,Atlanta,No court,33.67242412181336,-84.29198273301259
13089023427,Census Tract 234.27,,0,0.0,0.0,66571.0,Q2,2985,4.690117252931323,83.68509212730318,4.0871021775544385,21.6750418760469,30.4,39.1,17.6,1.7562641216870503,4548703,Atlanta,No court,33.6815354916839,-84.15694886481818
13121010108,Census Tract 101.08,,1,2.2346368715083798,0.5214230364959566,146979.0,Q4 (highest),4475,87.21787709497207,4.75977653631285,3.1508379888268156,3.9776536312849164,14.6,22.0,11.4,1.917828576811939,4967153,Atlanta,Has court,33.96601002036643,-84.27984965484632
13089023437,Census Tract 234.37,,0,0.0,0.0,90766.0,Q3,7304,0.20536692223439212,96.13910186199342,1.095290251916758,13.62763915547025,24.8,37.8,16.0,3.902678313567476,10107890,Atlanta,No court,33.64792641366218,-84.22325475026166
13089021609,Census Tract 216.09,,0,0.0,0.0,108036.0,Q3,1726,61.70336037079953,4.113557358053303,22.595596755504054,3.186558516801854,15.0,23.7,12.3,0.6746479134266259,1747330,Atlanta,No court,33.8442926403817,-84.30007723879042
13089021709,Census Tract 217.09,,0,0.0,0.0,71125.0,Q2,3320,55.21084337349398,27.590361445783135,13.403614457831326,4.246987951807228,18.2,27.1,15.1,0.9151443944914031,2370213,Atlanta,No court,33.86234757604281,-84.27737417507664
13089021222,Census Tract 212.22,,1,2.024701356549909,0.8573569845787578,89728.0,Q3,4939,54.80866572180604,28.447054059526224,6.499291354525208,24.333888426311407,17.1,24.6,13.5,1.1663752882252736,3020898,Atlanta,Has court,33.89087840765247,-84.3177224920746
13089023441,Census Tract 234.41,,0,0.0,0.0,81250.0,Q2,3613,2.186548574591752,92.36091890395794,2.158870744533629,9.166898857620508,24.4,36.8,16.3,2.2386721482879457,5798134,Atlanta,No court,33.67517639545948,-84.18563939198496
13089021711,Census Tract 217.11,,0,0.0,0.0,120227.0,Q3,3111,46.833815493410484,15.26840244294439,35.61555769848923,23.028703398218408,24.0,28.3,15.0,1.0436839861806309,2703129,Atlanta,No court,33.884921023203354,-84.25914502028324
13089023216,Census Tract 232.16,,0,0.0,0.0,69150.0,Q2,4471,6.799373741892194,88.43659136658466,5.412659360322076,9.491828967987463,26.8,36.2,16.4,1.486819243950165,3850844,Atlanta,No court,33.741536690812936,-84.205526908442
13089023318,Census Tract 233.18,,0,0.0,0.0,85139.0,Q3,4169,5.325017989925642,81.38642360278244,8.20340609258815,2.1108179419525066,21.8,34.6,15.9,2.8924940964977446,7491525,Atlanta,No court,33.728121929421256,-84.08269967020959
13089021204,Census Tract 212.04,,0,0.0,0.0,40449.0,Q1 (lowest),3422,3.5943892460549387,0.847457627118644,98.45119812974869,44.090775125257885,49.6,40.4,22.4,1.8083828959825297,4683690,Atlanta,No court,33.881823812438356,-84.29908854417377
13089022100,Census Tract 221,,0,0.0,0.0,63810.0,Q2,3669,24.584355410193513,56.44589806486782,3.815753611338239,18.50640501499046,25.6,35.4,17.2,1.3129794423757948,3400601,Atlanta,No court,33.79051494534943,-84.25543276533723
13089023801,Census Tract 238.01,,0,0.0,0.0,90822.0,Q3,5326,20.672174239579423,63.44348479158843,11.716109650769809,10.501596843885027,21.2,33.0,16.7,1.6631663930489253,4307581,Atlanta,No court,33.717819432534405,-84.33860588559541
13121011423,Census Tract 114.23,,2,3.2905561039815727,0.801869882540998,151767.0,Q4 (highest),6078,81.96775255018099,0.3784139519578809,9.986837775584073,3.9322145442579797,13.5,22.8,12.8,2.4941702432598145,6459871,Atlanta,Has court,34.017750151232775,-84.38399266541391
13121010211,Census Tract 102.11,,0,0.0,0.0,225268.0,Q4 (highest),3370,79.76261127596439,9.70326409495549,5.044510385756676,4.699191858724933,12.2,21.6,12.0,1.479245463685546,3831228,Atlanta,No court,33.88154633551091,-84.39517209405433
13121012000,Census Tract 120,Mechanicsville,3,8.298755186721992,3.26178940832881,,nan,3615,14.965421853388658,75.82295988934993,4.011065006915629,58.85140786172289,40.5,46.0,23.1,0.9197405547824932,2382117,Atlanta,Has court,33.73593970690379,-84.39299784665126
13121007002,Census Tract 70.02,Lakewood,0,0.0,0.0,58750.0,Q1 (lowest),3051,3.1137332022287776,91.93706981317601,0.0,16.617502458210424,28.6,36.8,19.5,1.688367282010573,4372851,Atlanta,No court,33.69355511534181,-84.36774358732214
13121009900,Census Tract 99,Tuxedo Park,1,2.030456852791878,0.33376521119445973,141930.0,Q4 (highest),4925,84.85279187817258,8.121827411167512,3.6345177664974617,1.7055837563451774,12.5,21.8,13.1,2.996118128732643,7759910,Atlanta,Has court,33.859903262306844,-84.39486452182895
13121011000,Census Tract 110,,0,0.0,0.0,47933.0,Q1 (lowest),2855,15.3415061295972,47.42556917688266,43.6077057793345,19.843249020306377,33.1,37.5,18.7,1.097120141097179,2841528,Atlanta,No court,33.67426479464671,-84.42697686848189
13121000100,Census Tract 1,Morningside/Lenox Park,0,0.0,0.0,141410.0,Q4 (highest),5615,74.47907390917186,7.390917186108638,3.2769367764915405,9.47799750579013,12.6,23.4,13.5,1.2405984120389748,3213135,Atlanta,No court,33.79916746953256,-84.35510980515254
13121000400,Census Tract 4,Ansley Park,2,10.498687664041995,3.330244806272719,156528.0,Q4 (highest),1905,77.32283464566929,11.601049868766404,0.9448818897637795,2.967525195968645,12.1,21.6,11.6,0.6005564504545967,1555434,Atlanta,Has court,33.78853120344917,-84.37823536878432
13089021217,Census Tract 212.17,,0,0.0,0.0,126667.0,Q4 (highest),2806,55.91589451176051,20.349251603706346,11.119030648610122,6.03882099209202,15.2,24.4,12.7,0.6365326789158868,1648612,Atlanta,No court,33.92833876695143,-84.28993975580418
13089021409,Census Tract 214.09,,1,2.8943560057887123,2.4868675501648636,75885.0,Q2,3455,26.946454413892905,35.57163531114327,45.6150506512301,27.091172214182347,28.5,34.5,18.7,0.40211228777893954,1041466,Atlanta,Has court,33.8610665389483,-84.29577047913244
13089023111,Census Tract 231.11,,0,0.0,0.0,51058.0,Q1 (lowest),1956,6.901840490797547,79.85685071574642,9.969325153374232,25.396825396825395,31.3,40.2,17.7,0.9025574635867039,2337613,Atlanta,No court,33.75992004768391,-84.22672368376638
13089022010,Census Tract 220.10,,0,0.0,0.0,88000.0,Q3,2199,26.284674852205548,42.33742610277399,3.5925420645748067,13.271028037383179,27.8,28.5,16.7,0.4805902575610389,1244723,Atlanta,No court,33.812971725080715,-84.23069332875606
13089023113,Census Tract 231.13,,0,0.0,0.0,57250.0,Q1 (lowest),3143,32.834871142220805,36.97104677060133,1.4317531021317214,18.071905822462618,17.3,29.9,15.9,0.7875878189397016,2039843,Atlanta,No court,33.778125114246926,-84.25172242337241
13089021821,Census Tract 218.21,,0,0.0,0.0,160972.0,Q4 (highest),2947,74.38072616219885,8.754665761791653,8.143875127248048,4.580929759077027,15.7,23.5,11.7,1.3426235951672363,3477379,Atlanta,No court,33.86795447836788,-84.2263185840706
