GEOID,NAMELSAD,neighborhood,court_count,courts_per_10k,courts_per_sqmi,median_household_income,income_q,total_population,pct_white,pct_black,pct_hispanic,poverty_rate,LPA,OBESITY,MHLTH,area_sqmi,ALAND,city,has_court,lat,lon
17031251400,Census Tract 2514,Austin,1,3.0590394616090544,3.7643642409901923,21049.0,Q1 (lowest),3269,13.949219944937289,84.42948914040991,4.986234322422759,31.752829611501987,39.0,45.2,19.7,0.265649107254551,688028,Chicago,Has court,41.89095744228987,-87.77012479716826
17031260300,Census Tract 2603,Garfield Park,2,12.383900928792569,15.735663923544976,,nan,1615,2.910216718266254,87.6780185758514,10.588235294117647,36.26782393056416,37.7,45.1,20.9,0.1270998166786873,329187,Chicago,Has court,41.884276615036505,-87.73313624783252
17031260500,Census Tract 2605,Garfield Park,0,0.0,0.0,40991.0,Q1 (lowest),1594,0.9410288582183186,98.93350062735257,2.5721455457967375,22.187303582652422,37.9,47.8,21.5,0.13032994747466012,337553,Chicago,No court,41.87666392980593,-87.7377281698673
17031260600,Census Tract 2606,Garfield Park,0,0.0,0.0,42875.0,Q1 (lowest),2115,1.276595744680851,96.73758865248226,1.3238770685579195,17.872340425531917,41.0,47.0,23.1,0.12309902594143293,318825,Chicago,No court,41.87710770357853,-87.73286703707404
17031260700,Census Tract 2607,Garfield Park,0,0.0,0.0,46167.0,Q1 (lowest),1216,1.3980263157894737,86.8421052631579,16.365131578947366,34.45723684210527,38.9,45.0,21.4,0.1271052221091372,329201,Chicago,No court,41.87705659022654,-87.72799618499982
17031260800,Census Tract 2608,Garfield Park,0,0.0,0.0,36681.0,Q1 (lowest),1782,5.331088664421998,93.0976430976431,0.3928170594837262,31.313131313131315,40.7,48.8,22.4,0.12700637995233954,328945,Chicago,No court,41.87708482286876,-87.72309638827704
17031050700,Census Tract 507,North Center,0,0.0,0.0,130699.0,Q4 (highest),1484,84.70350404312669,0.3369272237196766,11.725067385444744,8.76010781671159,11.1,25.1,13.4,0.06344662600753363,164326,Chicago,No court,41.94507103847245,-87.67605949619478
17031050900,Census Tract 509,North Center,0,0.0,0.0,136053.0,Q4 (highest),1542,82.68482490272373,1.556420233463035,15.56420233463035,3.9030955585464335,12.8,25.2,13.9,0.06282809032319842,162724,Chicago,No court,41.9449465596841,-87.68577800321707
17031051000,Census Tract 510,North Center,0,0.0,0.0,184464.0,Q4 (highest),1665,74.77477477477478,6.126126126126126,8.528528528528529,3.123123123123123,11.5,24.5,13.0,0.06433852203176231,166636,Chicago,No court,41.941302426966494,-87.68573169844562
17031051100,Census Tract 511,North Center,0,0.0,0.0,181827.0,Q4 (highest),1864,73.39055793991416,0.37553648068669526,19.95708154506438,7.741935483870968,11.9,25.8,14.2,0.06281959607534861,162702,Chicago,No court,41.941365177959845,-87.68082663927251
17031051200,Census Tract 512,North Center,0,0.0,0.0,174598.0,Q4 (highest),1565,81.98083067092652,2.68370607028754,9.073482428115016,5.614266842800529,10.7,23.9,13.8,0.06353195458820658,164547,Chicago,No court,41.9414224477599,-87.67595355260681
17031831100,Census Tract 8311,Avondale,0,0.0,0.0,97640.0,Q4 (highest),6828,51.742823667252495,2.6215582893966025,49.97070884592853,12.369619509328631,21.5,30.0,15.4,0.5077857503586889,1315159,Chicago,No court,41.94285581303519,-87.71749553258198
17031831500,Census Tract 8315,Belmont Cragin,0,0.0,0.0,78682.0,Q3,3479,46.96751940212705,9.916642713423398,53.434895084794476,9.370508766887037,28.2,32.7,16.4,0.3716951584331665,962686,Chicago,No court,41.92759556923516,-87.78800675934622
17031831600,Census Tract 8316,Montclare,0,0.0,0.0,59535.0,Q2,7209,40.22749341101401,8.91940629768345,62.338743237619646,6.364016153739034,29.8,32.7,15.3,0.5748466788263111,1488846,Chicago,No court,41.92561056126982,-87.79761487598931
17031831200,Census Tract 8312,Hermosa,0,0.0,0.0,61250.0,Q2,4657,18.44535108438909,4.638179085248013,88.46897144084174,10.457375993128624,33.2,35.4,16.7,0.22164272575780275,574052,Chicago,No court,41.915321262277516,-87.73225998607661
17031831000,Census Tract 8310,Bucktown,0,0.0,0.0,199886.0,Q4 (highest),2277,86.64909969257796,2.4593763724198507,8.519982433025913,5.797101449275362,10.4,24.2,13.9,0.1085904645118047,281248,Chicago,No court,41.914798120094204,-87.67699655114818
17031843000,Census Tract 8430,North Lawndale,1,4.0733197556008145,2.4299491209454143,21726.0,Q1 (lowest),2455,10.30549898167006,89.61303462321793,0.8961303462321792,45.09403107113655,38.4,47.2,22.2,0.4115312503378394,1065861,Chicago,Has court,41.86793610040466,-87.72274885882986
17031843100,Census Tract 8431,North Lawndale,3,20.120724346076457,7.926140675877489,61648.0,Q2,1491,9.456740442655935,77.19651240778002,12.072434607645874,27.833668678739098,30.2,42.1,19.3,0.378494417734754,980296,Chicago,Has court,41.86075009449607,-87.70071235042221
17031842900,Census Tract 8429,"Little Italy, UIC",1,3.8022813688212924,1.1727941293004727,21521.0,Q1 (lowest),2630,20.722433460076044,63.76425855513308,2.3954372623574147,51.33079847908745,37.0,43.7,19.8,0.8526645683300463,2208391,Chicago,Has court,41.863138632969914,-87.67293711680027
17031843500,Census Tract 8435,Little Village,8,9.445100354191263,10.961937774843294,55833.0,Q2,8470,19.799291617473436,67.33175914994098,21.310507674144038,25.59241706161137,30.1,37.6,19.6,0.7297979758979578,1890168,Chicago,Has court,41.838216780930715,-87.69675404044784
17031842000,Census Tract 8420,Douglas,1,3.5523978685612794,4.389713446991846,135341.0,Q4 (highest),2815,30.586145648312613,47.60213143872114,8.632326820603907,16.898792943361187,20.7,26.3,16.9,0.22780530257283046,590013,Chicago,Has court,41.8349600784139,-87.62517013139242
17031070101,Census Tract 701.01,Lincoln Park,0,0.0,0.0,96944.0,Q4 (highest),4179,83.36922708782005,2.0339794209140942,10.768126346015794,11.438143096434555,13.0,23.1,13.1,0.20549477449316367,532229,Chicago,No court,41.93046401887253,-87.63255807586725
17031836200,Census Tract 8362,Hyde Park,0,0.0,0.0,,nan,1919,55.65398645127671,8.077123501823866,11.881188118811881,9.919571045576408,12.7,16.5,20.5,0.3141952781248407,813762,Chicago,No court,41.79046941913949,-87.60128491494923
17031836300,Census Tract 8363,Hyde Park,0,0.0,0.0,50729.0,Q2,1581,24.09867172675522,58.317520556609736,3.731815306767868,29.79127134724858,20.9,32.5,16.9,0.05309792941125596,137523,Chicago,No court,41.80153232988133,-87.60175847659731
17031834500,Census Tract 8345,Washington Park,0,0.0,0.0,53958.0,Q2,1606,3.1133250311332503,96.88667496886674,0.0,41.78082191780822,36.8,48.0,23.4,0.17920276078499206,464133,Chicago,No court,41.78808233246706,-87.62473600135581
17031836000,Census Tract 8360,Grand Boulevard,1,3.6429872495446265,5.12118479851307,79485.0,Q3,2745,4.116575591985428,87.61384335154827,2.8051001821493626,23.89799635701275,25.2,40.9,17.5,0.1952673139798331,505740,Chicago,Has court,41.81400356623662,-87.61168434804306
17031842600,Census Tract 8426,New City,0,0.0,0.0,91667.0,Q3,4587,45.65075212557227,5.798997165903641,39.65554828864181,16.13254850664923,25.7,29.7,15.7,1.420630906398022,3679417,Chicago,No court,41.816218595370955,-87.65169495991745
17031834400,Census Tract 8344,Woodlawn,0,0.0,0.0,40588.0,Q1 (lowest),4125,11.224242424242425,80.67878787878789,1.406060606060606,20.33939393939394,24.5,40.0,17.1,0.22644660901903793,586494,Chicago,No court,41.77695045912093,-87.59630295117084
17031834300,Census Tract 8343,Avalon Park,1,1.5964240102171137,1.354853458057152,52425.0,Q2,6264,0.031928480204342274,93.59833971902938,0.7982120051085568,18.726053639846743,27.5,39.7,15.5,0.7380872034928347,1911637,Chicago,Has court,41.745835163891186,-87.59178807376078
17031843200,Census Tract 8432,Lower West Side,2,9.385265133740027,1.8573125566742907,70525.0,Q3,2131,42.70295635851713,3.5664007508212108,61.33270764899108,13.467855466916939,26.6,33.6,15.2,1.0768246802687889,2788963,Chicago,Has court,41.84747033287172,-87.6635016834798
17031843400,Census Tract 8434,North Lawndale,0,0.0,0.0,43021.0,Q1 (lowest),1208,2.814569536423841,54.056291390728475,45.44701986754967,17.3841059602649,32.9,39.9,17.7,0.2533652665572196,656213,Chicago,No court,41.84932735622423,-87.7320217532552
17031301803,Census Tract 3018.03,Little Village,0,0.0,0.0,59213.0,Q2,3264,26.225490196078432,0.0,97.24264705882352,12.959558823529413,33.3,34.9,16.2,0.13554116853051057,351050,Chicago,No court,41.83954972050366,-87.72787083373709
17031710300,Census Tract 7103,Auburn Gresham,0,0.0,0.0,54886.0,Q2,1170,0.0,95.55555555555556,3.5042735042735043,17.00854700854701,32.0,41.5,18.8,0.12647973658565215,327581,Chicago,No court,41.75404851434254,-87.66110569972989
17031730700,Census Tract 7307,Washington Heights,1,4.688232536333802,2.6211429045636434,67500.0,Q2,2133,4.781997187060478,93.29582747304266,4.781997187060478,18.09657759024848,28.3,39.7,17.2,0.3815129645388318,988114,Chicago,Has court,41.703081671745274,-87.65007926852958
17031740100,Census Tract 7401,Mount Greenwood,0,0.0,0.0,109375.0,Q4 (highest),2794,88.43951324266285,1.0737294201861132,15.926986399427346,11.023622047244094,18.2,29.5,15.2,0.34414445163452495,891330,Chicago,No court,41.69728637660671,-87.69860836254739
17031740200,Census Tract 7402,Mount Greenwood,0,0.0,0.0,124161.0,Q4 (highest),6207,85.29080070887709,0.837763815047527,9.634283873046561,6.163434903047092,17.3,27.7,15.1,0.7578730094502368,1962882,Chicago,No court,41.70470184907959,-87.71270596462692
17031740300,Census Tract 7403,Mount Greenwood,0,0.0,0.0,124250.0,Q4 (highest),5127,89.76009362200116,0.31207333723425007,11.098108055393018,4.017944216890969,14.9,26.6,14.1,0.5099359533712126,1320728,Chicago,No court,41.69506933532328,-87.71072325358668
17031740400,Census Tract 7404,Mount Greenwood,0,0.0,0.0,91042.0,Q3,4425,83.81920903954803,9.016949152542372,10.621468926553671,3.367231638418079,18.1,29.7,16.1,1.096068398772504,2838804,Chicago,No court,41.687238652054155,-87.71931591812415
17031630600,Census Tract 6306,Gage Park,1,3.6245016310257343,2.349559886386006,48398.0,Q2,2759,24.39289597680319,9.568684305907937,86.00942370424066,31.388184124682855,37.7,38.9,17.6,0.4256116244554029,1102329,Chicago,Has court,41.80120937995317,-87.68885274167363
17031490200,Census Tract 4902,Roseland,0,0.0,0.0,65268.0,Q2,3106,3.4127495170637476,90.7598197037991,0.4829362524146813,13.680781758957655,26.5,38.5,15.3,0.33608032160766765,870444,Chicago,No court,41.72490947092418,-87.61687428430236
17031612200,Census Tract 6122,New City,1,2.5773195876288657,2.8839200114911936,46227.0,Q1 (lowest),3880,9.690721649484537,33.68556701030928,61.75257731958763,25.48969072164948,40.8,41.0,19.6,0.3467502552135377,898079,Chicago,Has court,41.80487604212147,-87.6527193509295
17031844700,Census Tract 8447,North Lawndale,0,0.0,0.0,69583.0,Q2,1906,4.984260230849948,68.5729275970619,27.6495278069255,28.12172088142707,29.8,40.5,19.2,0.15515593122439178,401852,Chicago,No court,41.85414730441007,-87.71170002304069
17031844600,Census Tract 8446,Grand Boulevard,0,0.0,0.0,56848.0,Q2,2274,5.013192612137203,74.75813544415128,13.852242744063325,20.647002854424358,28.3,40.4,17.7,0.1678274185054139,434671,Chicago,No court,41.81338527906852,-87.62544368907766
17031320102,Census Tract 3201.02,Loop,0,0.0,0.0,109211.0,Q4 (highest),5330,60.91932457786117,0.975609756097561,9.906191369606004,10.294946458763855,13.7,22.6,14.2,0.17515216286716387,453642,Chicago,No court,41.885039022703424,-87.62405518541148
17031750300,Census Tract 7503,Morgan Park,0,0.0,0.0,120643.0,Q4 (highest),2590,76.1003861003861,11.351351351351353,4.787644787644788,3.948896631823461,14.1,26.8,13.6,0.25550813362841834,661763,Chicago,No court,41.695391114950404,-87.6861725613578
17031750400,Census Tract 7504,Morgan Park,0,0.0,0.0,108788.0,Q4 (highest),3036,60.046113306982875,27.173913043478258,10.869565217391305,2.9693170570768723,16.9,30.0,13.8,0.3843874952316381,995559,Chicago,No court,41.68565685847078,-87.68507118110557
17031750500,Census Tract 7505,Morgan Park,1,1.8511662347278786,0.9824814029444232,68615.0,Q2,5402,24.805627545353573,62.513883746760456,0.7589781562384301,13.016693163751988,25.3,36.0,14.9,1.0178309706454238,2636170,Chicago,Has court,41.68461551629522,-87.67123345652128
17031231500,Census Tract 2315,Humboldt Park,1,1.6173378618793468,2.5907496804060393,31755.0,Q1 (lowest),6183,8.199902959728288,55.636422448649526,36.891476629467896,31.635128578360018,37.0,44.0,20.1,0.3859886609513249,999706,Chicago,Has court,41.891735716358355,-87.71865249594498
17031071100,Census Tract 711,Lincoln Park,0,0.0,0.0,212677.0,Q4 (highest),3279,82.0372064653858,1.1588899054589814,10.338517840805125,8.92416225749559,10.2,21.3,16.0,0.12565888336162176,325455,Chicago,No court,41.92177782219817,-87.65106140314478
17031071000,Census Tract 710,Sheffield & DePaul,1,2.331545814875262,7.97805562486331,186518.0,Q4 (highest),4289,83.14292375845186,5.619025413849382,6.48169736535323,5.644515612489992,11.0,20.1,18.4,0.12534382398682928,324639,Chicago,Has court,41.9217011749294,-87.65591141237115
17031071200,Census Tract 712,Lincoln Park,1,3.7091988130563798,7.96429274292743,131163.0,Q4 (highest),2696,73.88724035608308,1.0385756676557862,8.382789317507418,11.016320474777448,11.8,23.5,14.7,0.1255604273069991,325200,Chicago,Has court,41.92185477579139,-87.6462106452491
17031071300,Census Tract 713,Lincoln Park,0,0.0,0.0,127083.0,Q4 (highest),3894,74.67899332306112,0.05136106831022085,7.139188495120699,14.637904468412943,11.3,23.9,14.1,0.11953028353799322,309582,Chicago,No court,41.92177942965493,-87.64145776839024
17031110300,Census Tract 1103,Jefferson Park,0,0.0,0.0,122652.0,Q4 (highest),5064,67.51579778830964,0.5134281200631912,27.804107424960506,3.2187993680884674,18.9,27.0,13.7,0.4674430924004281,1210672,Chicago,No court,41.975290874944186,-87.78323488440017
17031220300,Census Tract 2203,Logan Square,1,4.708097928436912,7.942433953295818,94654.0,Q3,2124,65.01883239171374,4.001883239171375,25.423728813559322,10.438512869399428,13.5,25.5,14.5,0.12590598875361586,326095,Chicago,Has court,41.928464715798675,-87.69508635256472
17031220400,Census Tract 2204,Logan Square,0,0.0,0.0,124613.0,Q4 (highest),2622,69.26010678871091,4.195270785659801,23.72234935163997,9.70724191063174,14.9,26.3,14.2,0.12723919956385898,329548,Chicago,No court,41.92843150777661,-87.69996837274607
17031220500,Census Tract 2205,Logan Square,0,0.0,0.0,107857.0,Q4 (highest),2955,64.39932318104907,3.7563451776649748,24.602368866328256,9.313392250169953,13.2,26.0,14.7,0.13335660242441277,345392,Chicago,No court,41.92833439398387,-87.70498770610581
17031240300,Census Tract 2403,Wicker Park,0,0.0,0.0,142292.0,Q4 (highest),1290,80.07751937984496,3.0232558139534884,4.108527131782946,6.3565891472868215,10.7,24.0,13.9,0.06421612764229023,166319,Chicago,No court,41.912369308644024,-87.67506770203627
17031240500,Census Tract 2405,Wicker Park,0,0.0,0.0,178770.0,Q4 (highest),2487,80.94089264173702,0.8041817450743868,7.639726578206675,3.8198632891033375,9.5,22.7,14.0,0.09027184681936751,233803,Chicago,No court,41.91196830212125,-87.68362674010024
17031611600,Census Tract 6116,New City,1,4.885197850512946,7.721327358965874,52692.0,Q2,2047,8.695652173913043,55.98436736687836,43.91792867611139,28.578407425500735,36.3,41.7,19.1,0.12951141086367968,335433,Chicago,Has court,41.79763295888097,-87.67689801805777
17031340400,Census Tract 3404,Armour Square,0,0.0,0.0,41125.0,Q1 (lowest),1709,26.09713282621416,9.303686366296079,4.212990052662375,26.907155529272618,35.6,23.9,14.5,0.11209163903462101,290316,Chicago,No court,41.84188578901302,-87.6320356328775
17031191000,Census Tract 1910,Belmont Cragin,0,0.0,0.0,66632.0,Q2,2394,26.608187134502927,1.3784461152882206,93.734335839599,7.435254803675856,32.6,33.9,15.8,0.16768919392676723,434313,Chicago,No court,41.91922982032766,-87.74380099551676
17031243200,Census Tract 2432,West Town,0,0.0,0.0,124648.0,Q4 (highest),2364,60.95600676818951,7.656514382402707,20.642978003384094,10.144927536231885,13.3,26.5,14.0,0.12503918937076156,323850,Chicago,No court,41.8924327424389,-87.66962376185872
17031831900,Census Tract 8319,Lake View,0,0.0,0.0,131567.0,Q4 (highest),2874,83.57689631176062,2.2964509394572024,8.524704244954767,10.82115518441197,11.1,24.1,15.6,0.12522065739300722,324320,Chicago,No court,41.94516901048003,-87.66879066530161
17031832600,Census Tract 8326,Lincoln Park,1,2.354603249352484,3.7586827424869536,211324.0,Q4 (highest),4247,86.27266305627502,1.0124793972215682,4.544384271250294,2.18978102189781,10.5,23.4,14.5,0.2660506535165414,689068,Chicago,Has court,41.91474920450523,-87.65405513068569
17031836900,Census Tract 8369,Garfield Park,0,0.0,0.0,43333.0,Q1 (lowest),2237,2.011622708985248,94.68037550290568,11.801519892713456,73.4018775145284,38.5,49.6,23.3,0.06359566144708007,164712,Chicago,No court,41.881883054585515,-87.70613618169075
17031841200,Census Tract 8412,Lower West Side,0,0.0,0.0,62819.0,Q2,4516,26.395039858281667,3.16651904340124,82.99379982285208,14.038972542072631,29.1,32.5,17.3,0.24147100295445384,625407,Chicago,No court,41.85556187483232,-87.68334196400791
17031839500,Census Tract 8395,Douglas,0,0.0,0.0,55625.0,Q2,1770,14.237288135593221,52.48587570621469,20.225988700564972,15.147857573928786,24.0,34.4,14.3,0.10121243804990603,262139,Chicago,No court,41.83409758626683,-87.61929184377419
17031835800,Census Tract 8358,Grand Boulevard,0,0.0,0.0,84500.0,Q3,2093,0.19111323459149546,89.87099856665074,9.173435260391782,19.78021978021978,22.7,39.3,17.9,0.10981711112175037,284425,Chicago,No court,41.813046250575674,-87.61871920160297
17031838800,Census Tract 8388,South Deering,1,3.3422459893048124,0.1449896928085227,24432.0,Q1 (lowest),2992,12.934491978609625,54.37834224598931,43.24866310160428,42.876344086021504,42.7,44.4,20.1,6.897041994016961,17863256,Chicago,Has court,41.68348933574437,-87.57230613928357
17031842300,Census Tract 8423,River North,1,2.935995302407516,1.4868394010822403,173082.0,Q4 (highest),3406,62.77157956547269,15.41397533763946,6.928948913681738,10.305343511450381,12.7,26.0,13.7,0.6725675949077756,1741942,Chicago,Has court,41.90240429202626,-87.65616906704291
17031841900,Census Tract 8419,West Loop,4,6.396929473852551,4.15045551059653,136955.0,Q4 (highest),6253,44.93842955381417,20.77402846633616,12.857828242443627,13.505352731265441,15.1,21.7,17.7,0.9637496389944664,2496100,Chicago,Has court,41.86789377810062,-87.64296812876619
17031834000,Census Tract 8340,Roseland,3,8.595988538681949,8.031526731050109,41225.0,Q1 (lowest),3490,0.0,94.06876790830945,0.0,20.229226361031518,35.8,45.9,21.0,0.37352798545784766,967433,Chicago,Has court,41.727393986541216,-87.62943214913197
17031833900,Census Tract 8339,South Chicago,1,3.8774718883288095,3.82086971659047,40694.0,Q1 (lowest),2579,13.22217913920124,46.80108569212873,50.4846839860411,46.156847444401095,44.0,46.2,21.9,0.2617205176240199,677853,Chicago,Has court,41.73187717904626,-87.54785286272998
17031110501,Census Tract 1105.01,Jefferson Park,0,0.0,0.0,104848.0,Q4 (highest),5077,59.030923773882215,5.790821351191648,34.154027969273194,7.409602845287493,20.2,27.7,14.2,0.30564118443792015,791607,Chicago,No court,41.97700234901692,-87.76192501421566
17031030104,Census Tract 301.04,Edgewater,0,0.0,0.0,47330.0,Q1 (lowest),3401,58.80623346074684,10.732137606586297,15.113201999411938,22.032935831913687,19.4,25.7,19.6,0.042694406306129605,110578,Chicago,No court,41.997277183371345,-87.65564253737426
17031081401,Census Tract 814.01,Streeterville,0,0.0,0.0,82365.0,Q3,2386,62.11232187761945,3.3948030176026824,7.795473595976529,10.0,14.1,22.3,11.8,0.10879973189064969,281790,Chicago,No court,41.89503464062296,-87.61971754570416
17031831300,Census Tract 8313,Austin,0,0.0,0.0,45583.0,Q1 (lowest),1237,6.628940986257073,18.108326596604687,77.8496362166532,31.52789005658852,44.8,44.4,20.3,0.22246550949270807,576183,Chicago,No court,41.90776635689262,-87.74425949897889
17031831400,Census Tract 8314,Austin,2,6.414368184733803,2.461635845385742,33516.0,Q1 (lowest),3118,19.852469531751122,46.76074406670943,26.87620269403464,26.655112651646444,38.9,45.0,19.0,0.812467856993932,2104282,Chicago,Has court,41.86911847824178,-87.75608822030351
17031837000,Census Tract 8370,Garfield Park,0,0.0,0.0,43951.0,Q1 (lowest),2366,7.819103972950127,85.12256973795435,5.283178360101437,16.187658495350803,28.6,42.3,18.5,0.15928413567939312,412544,Chicago,No court,41.87832338220738,-87.69867387851903
17031842400,Census Tract 8424,Chatham,3,9.26497838171711,3.912417830033107,100870.0,Q4 (highest),3238,0.0,96.54107473749228,5.744286596664608,2.007411982705374,21.3,35.5,14.0,0.7667892669772988,1985975,Chicago,Has court,41.74242619015273,-87.63007091439275
17031832100,Census Tract 8321,Lake View,0,0.0,0.0,84875.0,Q3,3690,55.636856368563684,29.105691056910572,11.734417344173442,15.799457994579946,14.6,26.7,16.8,0.08575097645240055,222094,Chicago,No court,41.952821475699565,-87.6532413519096
17031242800,Census Tract 2428,West Town,0,0.0,0.0,165375.0,Q4 (highest),1492,77.21179624664879,1.1394101876675604,23.994638069705093,6.434316353887399,15.1,27.0,14.5,0.16974209919119315,439630,Chicago,No court,41.8926320455768,-87.69032375549158
17031242900,Census Tract 2429,West Town,0,0.0,0.0,124960.0,Q4 (highest),1906,66.73662119622246,3.2004197271773345,19.150052465897165,6.505771248688353,13.8,25.9,14.5,0.12502722020333684,323819,Chicago,No court,41.89219553293475,-87.68428963664432
17031243000,Census Tract 2430,West Town,0,0.0,0.0,123750.0,Q4 (highest),2253,55.65912117177098,1.908566355969818,25.07767421216156,3.905903240124279,13.6,26.5,14.4,0.12530830258673012,324547,Chicago,No court,41.89227537939269,-87.67939814177186
17031243100,Census Tract 2431,West Town,0,0.0,0.0,107833.0,Q4 (highest),2142,59.2436974789916,2.100840336134454,45.28478057889823,2.661064425770308,15.3,26.6,14.3,0.12509864910571014,324004,Chicago,No court,41.892354662136384,-87.6745067534742
17031081300,Census Tract 813,Streeterville,0,0.0,0.0,115260.0,Q4 (highest),5768,67.1116504854369,8.824549237170597,6.033287101248266,10.731622746185852,13.9,22.6,10.8,0.07824592237492992,202656,Chicago,No court,41.89833539670224,-87.62075315475484
17031081000,Census Tract 810,River North,0,0.0,0.0,81616.0,Q3,8442,73.09879175550817,10.38853352286188,6.50319829424307,14.748100197016607,16.1,24.7,16.0,0.11537852685031745,298829,Chicago,No court,41.9002655552527,-87.63210895228059
17031130100,Census Tract 1301,North Park,4,8.39454354669465,5.631525818980396,41336.0,Q1 (lowest),4765,66.94648478488983,2.8331584470094437,4.029380902413431,20.052770448548813,26.8,24.1,11.9,0.7102870746891491,1839635,Chicago,Has court,41.99110415557641,-87.72080867354936
17031170200,Census Tract 1702,Dunning,0,0.0,0.0,90625.0,Q3,3657,58.572600492206725,0.3554826360404703,45.28301886792453,5.715066994804484,21.5,29.1,13.8,0.2521424809690238,653046,Chicago,No court,41.94935283083585,-87.78151878281761
17031170300,Census Tract 1703,Dunning,0,0.0,0.0,95328.0,Q3,5039,61.678904544552495,0.0,33.65747172057948,4.070691024622716,21.3,28.3,14.6,0.5401175603902412,1398898,Chicago,No court,41.94912471218313,-87.79682780983993
17031170400,Census Tract 1704,Dunning,0,0.0,0.0,105524.0,Q4 (highest),3963,73.37875346959373,5.24854907898057,28.513752207923293,7.338056680161944,21.4,28.5,14.4,0.2969245417353285,769031,Chicago,No court,41.94890811109026,-87.81271068391062
17031170500,Census Tract 1705,Dunning,0,0.0,0.0,85395.0,Q3,5000,67.82000000000001,2.86,26.68,2.6,20.5,29.2,15.0,0.5944193563831184,1539539,Chicago,No court,41.95007799580466,-87.82889594328311
17031170600,Census Tract 1706,Dunning,1,3.897116134060795,4.571524389813396,78187.0,Q3,2566,69.83632112236945,3.4294621979735,23.57755261106781,12.470771628994544,23.1,29.5,15.3,0.218745415036672,566548,Chicago,Has court,41.941294355504034,-87.83070160114544
17031170700,Census Tract 1707,Dunning,4,12.21001221001221,17.872648165974876,82284.0,Q3,3276,67.85714285714286,2.5335775335775335,30.7997557997558,6.7765567765567765,25.0,30.8,15.9,0.22380567014210104,579654,Chicago,Has court,41.94148660768951,-87.82216401585785
17031170800,Census Tract 1708,Dunning,0,0.0,0.0,71897.0,Q3,4016,62.45019920318725,6.374501992031872,37.27589641434263,9.401061410159212,23.5,30.3,15.4,0.2819835458697106,730334,Chicago,No court,41.941576156262514,-87.8123712708139
17031040600,Census Tract 406,Lincoln Square,0,0.0,0.0,90921.0,Q3,2725,72.69724770642202,5.577981651376147,17.504587155963304,8.293577981651376,13.0,25.7,14.6,0.1278998203852682,331259,Chicago,No court,41.966833765014,-87.68401804407817
17031040700,Census Tract 407,Lincoln Square,0,0.0,0.0,109205.0,Q4 (highest),3626,74.84831770546056,2.6751241036955324,8.85273028130171,8.118592407869215,12.9,25.6,13.5,0.13207937642954332,342084,Chicago,No court,41.9668081827267,-87.6940778169974
17031040800,Census Tract 408,Lincoln Square,0,0.0,0.0,110179.0,Q4 (highest),1535,76.742671009772,1.5635179153094463,13.289902280130292,4.199475065616798,12.3,25.5,13.3,0.08406100723246594,217717,Chicago,No court,41.96315771335943,-87.69228708708113
17031380100,Census Tract 3801,Grand Boulevard,3,15.822784810126583,17.737699978084596,79734.0,Q3,1896,7.647679324894514,89.92616033755274,2.7953586497890295,18.459915611814345,27.3,40.5,16.3,0.16913128555035775,438048,Chicago,Has court,41.82020196548786,-87.61009737237524
17031380200,Census Tract 3802,Grand Boulevard,0,0.0,0.0,18690.0,Q1 (lowest),1798,13.793103448275861,78.80978865406007,0.7230255839822024,44.9944382647386,37.4,42.8,18.8,0.08306216090576482,215130,Chicago,No court,41.82057402635334,-87.61498605029654
17031431200,Census Tract 4312,South Shore,0,0.0,0.0,60110.0,Q2,2593,0.6556112610875434,97.45468569224836,0.46278441959120714,9.217123023524874,24.4,37.9,15.3,0.25301082476057807,655295,Chicago,No court,41.75530112860251,-87.57118433947277
17031560400,Census Tract 5604,Garfield Ridge,0,0.0,0.0,74554.0,Q3,1520,30.592105263157894,0.0,78.94736842105263,15.657894736842104,34.7,34.6,16.2,0.13113303999864093,339633,Chicago,No court,41.804006245138254,-87.74061436821529
17031710700,Census Tract 7107,Auburn Gresham,0,0.0,0.0,40938.0,Q1 (lowest),3492,0.429553264604811,96.42038946162657,1.8327605956471937,30.675203725261934,34.8,43.4,18.1,0.1892221122260026,490083,Chicago,No court,41.74711010065628,-87.6568839344924
17031243300,Census Tract 2433,West Town,1,4.5167118337850045,7.918200634070432,122917.0,Q4 (highest),2214,74.52574525745257,3.9295392953929538,18.11201445347787,4.200542005420054,12.6,25.0,15.1,0.12629131872425664,327093,Chicago,Has court,41.892478174240516,-87.66473878651611
17031243400,Census Tract 2434,West Town,0,0.0,0.0,113966.0,Q4 (highest),3003,73.59307359307358,5.028305028305028,19.547119547119546,13.686313686313687,14.7,27.2,14.7,0.12679209324521967,328390,Chicago,No court,41.89256606514704,-87.6598540386419
17031071400,Census Tract 714,Lincoln Park,0,0.0,0.0,123070.0,Q4 (highest),4540,82.44493392070484,5.110132158590308,6.828193832599119,17.048458149779737,13.5,24.9,14.0,0.24732662854036389,640573,Chicago,No court,41.92215307591396,-87.6294059796152
17031110400,Census Tract 1104,Jefferson Park,0,0.0,0.0,85825.0,Q3,4462,68.42223218287764,1.232631107126849,20.08068130883012,4.045853000674309,18.4,26.5,13.5,0.3606082344783065,933971,Chicago,No court,41.97295366781566,-87.77261142840985
17031150600,Census Tract 1506,Portage Park,0,0.0,0.0,95045.0,Q3,3999,49.962490622655665,1.2253063265816453,48.21205301325332,10.629722921914357,21.0,29.9,14.3,0.25335677230936976,656191,Chicago,No court,41.94947309630196,-87.77175783371877
17031150700,Census Tract 1507,Portage Park,0,0.0,0.0,108385.0,Q4 (highest),4239,56.85303137532437,1.3446567586694975,45.741920264213256,4.849939975990396,19.3,28.2,13.3,0.2557525363051875,662396,Chicago,No court,41.94959156460801,-87.76195802891984
17031150800,Census Tract 1508,Portage Park,0,0.0,0.0,79044.0,Q3,4357,44.112921735138855,3.075510672481065,49.66720220335093,10.557723204039476,24.1,30.8,15.3,0.2552332288798249,661051,Chicago,No court,41.949708612798034,-87.75211816585292
17031420100,Census Tract 4201,Jackson Park,2,12.610340479192939,6.80639909597987,22215.0,Q1 (lowest),1586,1.7023959646910467,95.39722572509459,0.0,39.53341740226986,34.9,44.9,19.2,0.2938411297658522,761045,Chicago,Has court,41.783408476321505,-87.57739379058593
17031420200,Census Tract 4202,Woodlawn,0,0.0,0.0,39688.0,Q1 (lowest),1968,24.085365853658537,63.109756097560975,2.4390243902439024,41.30938586326767,29.9,42.2,18.5,0.10705107514011648,277261,Chicago,No court,41.78346806446413,-87.59352076159601
17031420400,Census Tract 4204,Woodlawn,0,0.0,0.0,38605.0,Q1 (lowest),1442,26.421636615811373,56.10263522884882,14.49375866851595,32.5208913649025,29.1,36.7,17.9,0.09464445395113799,245128,Chicago,No court,41.78316989788863,-87.60355836148196
17031420700,Census Tract 4207,Woodlawn,0,0.0,0.0,28605.0,Q1 (lowest),2363,0.08463817181548879,93.99068980110029,2.5391451544646637,42.48836225137537,41.2,48.2,23.0,0.251171047896747,650530,Chicago,No court,41.77669145058926,-87.61069325260793
17031420800,Census Tract 4208,Woodlawn,1,4.395604395604395,7.450994381521449,56357.0,Q2,2275,4.043956043956045,88.21978021978022,0.0,15.428571428571427,28.7,42.1,19.9,0.13421027433331736,347603,Chicago,Has court,41.77690977673586,-87.60325691983384
17031470100,Census Tract 4701,Burnside,1,4.655493482309125,1.6299206999000015,46614.0,Q1 (lowest),2148,0.0,91.80633147113593,5.167597765363128,23.51024208566108,34.8,44.3,18.1,0.6135267808190618,1589027,Chicago,Has court,41.72822091302084,-87.59648943488708
17031480100,Census Tract 4801,Calumet Heights,1,4.764173415912339,3.9264968512078204,71719.0,Q3,2099,0.0,98.5707479752263,0.0,19.207920792079207,28.2,39.0,14.4,0.25467994446306313,659618,Chicago,Has court,41.73524087363289,-87.57572915860474
17031480200,Census Tract 4802,Calumet Heights,0,0.0,0.0,49667.0,Q2,1013,0.0,95.26159921026654,3.751233958538993,17.465069860279442,27.3,39.1,14.6,0.11046692108225985,286108,Chicago,No court,41.73512407776792,-87.58988291799437
17031480300,Census Tract 4803,Calumet Heights,0,0.0,0.0,54268.0,Q2,1123,1.2466607301869992,95.72573463935886,7.034728406055208,23.864648263579696,29.5,41.9,16.3,0.16051618771978865,415735,Chicago,No court,41.72919415163818,-87.58797254728944
17031480400,Census Tract 4804,Calumet Heights,0,0.0,0.0,78064.0,Q3,4599,0.0,98.17351598173516,0.19569471624266144,5.769230769230769,23.0,35.5,13.0,0.6988113458440735,1809913,Chicago,No court,41.728449775429354,-87.57563850472772
17031650400,Census Tract 6504,West Lawn,0,0.0,0.0,82758.0,Q3,7023,20.133845934785704,1.3526982770895628,93.3788979068774,22.913093196112065,32.7,35.1,16.3,0.42555911455960416,1102193,Chicago,No court,41.765311928195416,-87.71716517406313
17031832000,Census Tract 8320,Lake View,0,0.0,0.0,146944.0,Q4 (highest),1654,85.55018137847642,1.3301088270858523,8.52478839177751,7.315598548972188,9.5,22.0,15.2,0.06470493299582855,167585,Chicago,No court,41.946294076515656,-87.6542981856579
17031832500,Census Tract 8325,Lincoln Park,0,0.0,0.0,148971.0,Q4 (highest),3336,81.98441247002398,2.9676258992805753,9.772182254196643,13.157894736842104,14.3,25.9,14.4,0.2868329891875947,742894,Chicago,No court,41.92188393498575,-87.66411619048394
17031832300,Census Tract 8323,Bucktown,0,0.0,0.0,131212.0,Q4 (highest),2151,72.43142724314272,6.787540678754069,8.693630869363087,8.275220827522082,11.9,25.0,14.6,0.31025124440731,803547,Chicago,No court,41.91921032827447,-87.6714480809993
17031838300,Census Tract 8383,River North,5,16.666666666666668,37.198361541024674,104968.0,Q4 (highest),3000,57.666666666666664,29.533333333333335,2.0,15.585738539898134,14.3,27.8,15.6,0.13441452238388749,348132,Chicago,Has court,41.90156653010107,-87.63840388298311
17031831800,Census Tract 8318,North Park,2,2.6507620941020544,2.7109846676882627,84357.0,Q3,7545,44.44002650762094,7.236580516898608,18.740888005301525,18.087147163606467,22.9,27.4,14.5,0.737739325433168,1910736,Chicago,Has court,41.97822374491787,-87.71648748828865
17031831700,Census Tract 8317,Portage Park,0,0.0,0.0,47232.0,Q1 (lowest),2110,57.25118483412322,3.080568720379147,45.308056872037916,12.701421800947868,26.8,32.6,15.3,0.20559940818258618,532500,Chicago,No court,41.95265398086107,-87.74525462607386
17031835100,Census Tract 8351,Gage Park,1,2.237136465324385,2.579723281064644,46414.0,Q1 (lowest),4470,40.246085011185684,25.74944071588367,68.45637583892618,20.93546210928716,32.7,36.3,16.8,0.3876384755450604,1003979,Chicago,Has court,41.79015790535558,-87.68624791482304
17031835000,Census Tract 8350,Chicago Lawn,0,0.0,0.0,41907.0,Q1 (lowest),5865,6.001705029838022,36.79454390451833,60.37510656436488,22.097186700767264,37.1,41.0,19.3,0.3876770857625595,1004079,Chicago,No court,41.78284948232313,-87.68604922603441
17031843700,Census Tract 8437,North Center,0,0.0,0.0,134000.0,Q4 (highest),2381,69.92860142797144,5.03989920201596,9.95380092398152,8.189836203275934,13.7,25.5,13.0,0.4651797614506322,1204810,Chicago,No court,41.944849466933206,-87.69080238311325
17031220702,Census Tract 2207.02,Logan Square,1,2.6143790849673203,4.502792091739164,80452.0,Q3,3825,44.75816993464052,5.2026143790849675,55.55555555555556,13.385620915032682,23.6,32.1,17.1,0.22208442664599218,575196,Chicago,Has court,41.92936868950476,-87.72423130646912
17031842100,Census Tract 8421,Humboldt Park,0,0.0,0.0,60741.0,Q2,6808,14.468272620446534,43.62514688601645,49.16274970622796,18.915716190194047,35.4,40.7,18.2,0.7855793154253996,2034641,Chicago,No court,41.89527865830878,-87.73361033887545
17031843300,Census Tract 8433,North Lawndale,0,0.0,0.0,65278.0,Q2,1601,15.365396627108058,56.5896314803248,30.418488444722048,35.5134074558535,32.8,42.5,19.2,0.22558058184053362,584251,Chicago,No court,41.8637638539358,-87.69255031100053
17031650500,Census Tract 6505,West Lawn,0,0.0,0.0,64432.0,Q2,4048,31.91699604743083,10.57312252964427,71.26976284584981,18.208881170925327,32.0,34.8,15.9,1.2533274285440705,3246103,Chicago,No court,41.76221900595365,-87.73203521888016
17031660400,Census Tract 6604,Chicago Lawn,0,0.0,0.0,50710.0,Q2,5375,15.869767441860466,1.4697674418604652,94.58604651162791,21.221864951768488,36.4,36.9,17.4,0.24928532487409208,645646,Chicago,No court,41.782532111921235,-87.70804407561849
17031010300,Census Tract 103,Rogers Park,0,0.0,0.0,65871.0,Q2,6311,56.37775312945651,20.567263508160355,22.595468230074474,8.00520059435364,22.0,32.0,15.0,0.18244177193098965,472522,Chicago,No court,42.015943161506094,-87.6665393675211
17031010600,Census Tract 106,Rogers Park,0,0.0,0.0,71920.0,Q3,6708,56.708407871198574,16.71138938580799,18.962432915921287,17.744888617638082,17.8,29.3,15.8,0.19112714035740705,495017,Chicago,No court,42.006277592259714,-87.66768304345423
17031020100,Census Tract 201,West Ridge,0,0.0,0.0,69850.0,Q2,4066,24.52041318248893,41.02311854402361,27.619281849483524,17.338908017707823,26.7,33.1,16.0,0.15874783975833093,411155,Chicago,No court,42.01572106590844,-87.68711692295373
17031280800,Census Tract 2808,United Center,0,0.0,0.0,31500.0,Q1 (lowest),1036,9.266409266409266,82.62548262548263,7.4324324324324325,28.09756097560976,32.1,42.3,20.1,0.09164405394928471,237357,Chicago,No court,41.878596769032995,-87.68890087411108
17031420300,Census Tract 4203,Woodlawn,0,0.0,0.0,42881.0,Q1 (lowest),2456,40.30944625407166,31.107491856677527,7.41042345276873,33.6812804453723,23.1,30.2,22.5,0.09464097903156309,245119,Chicago,No court,41.783224093822156,-87.59869701520593
17031030101,Census Tract 301.01,Edgewater,0,0.0,0.0,49132.0,Q2,3356,49.284862932061976,20.232419547079857,9.088200238379022,17.520858164481528,21.8,30.0,14.7,0.04914424313935045,127283,Chicago,No court,41.99126958781429,-87.65466761133496
17031030701,Census Tract 307.01,Edgewater,0,0.0,0.0,51625.0,Q2,1525,52.196721311475414,34.22950819672131,12.852459016393441,19.72140762463343,19.9,32.4,15.9,0.026980047784005177,69878,Chicago,No court,41.98274528879209,-87.65796585953571
17031070103,Census Tract 701.03,Lincoln Park,0,0.0,0.0,76477.0,Q3,1449,74.05106970324363,8.695652173913043,6.280193236714976,13.388543823326431,9.7,21.7,15.6,0.02667734367881241,69094,Chicago,No court,41.92681098246036,-87.64260515425379
17031100200,Census Tract 1002,Norwood Park,1,1.3227513227513228,1.257079843383628,113767.0,Q4 (highest),7560,68.505291005291,1.1375661375661377,29.894179894179896,2.253597610643497,17.9,26.7,13.8,0.7954944192791626,2060321,Chicago,Has court,41.995773457718556,-87.79425900089683
17031241000,Census Tract 2410,Humboldt Park,0,0.0,0.0,96518.0,Q3,1810,60.110497237569064,4.696132596685083,39.61325966850829,11.686746987951807,19.3,29.0,15.5,0.0801212206388601,207513,Chicago,No court,41.90796860840126,-87.69453416193993
17031530100,Census Tract 5301,West Pullman,2,10.764262648008613,7.969966319812536,29747.0,Q1 (lowest),1858,24.488697524219592,40.58127018299246,54.14424111948332,31.216361679224974,45.6,45.4,20.7,0.2509420893069775,649937,Chicago,Has court,41.68185227648358,-87.61793947901674
17031061800,Census Tract 618,Boystown,0,0.0,0.0,76393.0,Q3,1144,75.26223776223776,3.4965034965034967,11.363636363636363,9.60989533777355,12.0,24.4,14.7,0.031957290921811224,82769,Chicago,No court,41.94649014196902,-87.64711464642785
17031410200,Census Tract 4102,Hyde Park,0,0.0,0.0,62591.0,Q2,1157,43.64736387208297,26.27484874675886,18.236819360414867,22.805429864253394,14.0,26.2,15.5,0.025029845698126788,64827,Chicago,No court,41.80167085916463,-87.59426506355798
17031222900,Census Tract 2229,Logan Square,1,9.46969696969697,11.859625343999413,89630.0,Q3,1056,34.18560606060606,5.965909090909091,70.35984848484848,5.492424242424242,20.4,30.4,15.1,0.08431969568970976,218387,Chicago,Has court,41.91556435214301,-87.72007440938823
17031200200,Census Tract 2002,Hermosa,1,2.1579628830384117,3.1635991420377096,65599.0,Q2,4634,31.18256365990505,3.7548554164868366,78.83038411739318,16.91842900302115,31.8,35.0,16.3,0.3160956730301453,818684,Chicago,Has court,41.92785226905629,-87.73562827295532
17031190900,Census Tract 1909,Belmont Cragin,0,0.0,0.0,64375.0,Q2,1720,46.51162790697674,9.476744186046512,69.47674418604652,10.58139534883721,28.3,32.1,13.6,0.12148203003257158,314637,Chicago,No court,41.92792260972525,-87.74410483158343
17031191200,Census Tract 1912,Belmont Cragin,0,0.0,0.0,64688.0,Q2,3767,15.10485797717016,1.8316963100610568,92.83249269976108,20.72844134975897,36.8,37.1,18.2,0.27242481432346405,705577,Chicago,No court,41.92014322902477,-87.76082695396428
17031200100,Census Tract 2001,Hermosa,1,2.7005130974885225,4.428374556733041,72417.0,Q3,3703,24.4936537942209,0.945179584120983,75.23629489603024,19.096452328159646,29.1,33.8,15.2,0.225816490269453,584862,Chicago,Has court,41.93505525752474,-87.73762264710896
17031230400,Census Tract 2304,Humboldt Park,0,0.0,0.0,91771.0,Q3,2206,45.10426110607435,10.788757932910245,64.14324569356302,19.628286491387126,29.8,35.4,15.4,0.13069983335830127,338511,Chicago,No court,41.911820201081476,-87.72155193810806
17031200300,Census Tract 2003,Hermosa,0,0.0,0.0,39740.0,Q1 (lowest),1821,41.51565074135091,10.598572213069742,82.15266337177376,26.908292147171885,29.5,34.4,15.4,0.09678346000058688,250668,Chicago,No court,41.92348054196371,-87.7341263764247
17031222700,Census Tract 2227,Logan Square,0,0.0,0.0,86473.0,Q3,2120,45.47169811320755,6.179245283018868,52.924528301886795,18.705378391242267,22.4,31.9,17.3,0.08684789273154933,224935,Chicago,No court,41.915500897423904,-87.71020576333262
17031230100,Census Tract 2301,Humboldt Park,0,0.0,0.0,89773.0,Q3,1484,49.19137466307278,11.05121293800539,36.59029649595688,26.68463611859838,21.6,31.8,15.8,0.06422423578796504,166340,Chicago,No court,41.912008027487765,-87.70436547646109
17031230200,Census Tract 2302,Humboldt Park,0,0.0,0.0,78056.0,Q3,1897,46.02003162888772,10.43753294675804,54.82340537691092,6.642066420664207,22.0,30.2,15.4,0.08273513236354763,214283,Chicago,No court,41.91186877382346,-87.71008438364542
17031230300,Census Tract 2303,Humboldt Park,1,9.980039920159681,24.323018697820313,67337.0,Q2,1002,13.273453093812376,14.471057884231536,82.73453093812375,18.263473053892216,30.5,35.0,17.3,0.04111331789954239,106483,Chicago,Has court,41.91178659080935,-87.71498836649354
17031230500,Census Tract 2305,Humboldt Park,1,2.994908655286014,4.918386685732624,35727.0,Q1 (lowest),3339,20.245582509733453,21.83288409703504,68.79305181191974,23.39023659778377,37.1,38.4,17.1,0.2033187026349157,526593,Chicago,Has court,41.91168918010153,-87.7339433798404
17031030900,Census Tract 309,Andersonville,0,0.0,0.0,97375.0,Q4 (highest),2976,71.875,5.712365591397849,10.14784946236559,4.368438875719607,14.6,26.2,13.1,0.15780613655352843,408716,Chicago,No court,41.97979515371347,-87.67144544661227
17031031000,Census Tract 310,Uptown,0,0.0,0.0,117114.0,Q4 (highest),3797,65.76244403476429,2.712667895707137,18.698972873321043,5.339028296849974,13.0,25.3,13.4,0.16405365584705411,424897,Chicago,No court,41.972437058242946,-87.67110936198573
17031980000,Census Tract 9800,O'Hare,0,,0.0,,nan,0,,,,,,,,7.679651025410156,19890204,Chicago,No court,41.980282125279324,-87.90384042449492
17031600600,Census Tract 6006,Bridgeport,1,3.702332469455757,6.571338681768129,72210.0,Q3,2701,28.989263235838582,0.0,22.54720473898556,12.62495372084413,29.5,26.9,14.6,0.152175994637813,394134,Chicago,Has court,41.84238527193596,-87.6555817583142
17031420600,Census Tract 4206,Woodlawn,0,0.0,0.0,43063.0,Q1 (lowest),2590,2.1235521235521233,89.34362934362935,0.0,36.75675675675676,36.0,46.1,22.2,0.09405796474732701,243609,Chicago,No court,41.78301351215574,-87.6132776944952
17031110100,Census Tract 1101,Jefferson Park,0,0.0,0.0,94141.0,Q3,5763,67.74249522817976,0.7808433107756376,18.549366649314596,7.159110799929984,18.7,27.2,13.5,0.7120978938898559,1844325,Chicago,No court,41.9874756936133,-87.76967355462155
17031031400,Census Tract 314,Uptown,1,2.0959966464053656,1.7390943506701924,87500.0,Q3,4771,76.27331796269125,6.623349402640956,8.887025780758751,4.901960784313726,13.4,24.6,12.3,0.5750119305572072,1489274,Chicago,Has court,41.9625703318427,-87.6405208673502
17031071500,Census Tract 715,Lincoln Park,1,1.6739203213927016,2.8910439730941904,123663.0,Q4 (highest),5974,87.93103448275862,1.690659524606629,7.231335788416471,2.0087043856712423,9.4,22.1,13.3,0.3458958111002831,895866,Chicago,Has court,41.91491349699402,-87.62676245971713
17031071800,Census Tract 718,Old Town,0,0.0,0.0,232807.0,Q4 (highest),2773,77.28092318788316,8.43851424450054,6.815723043635052,4.075009015506671,11.7,24.4,12.4,0.12485386032676599,323370,Chicago,No court,41.91458551396282,-87.64596598534575
17031080100,Census Tract 801,Gold Coast,0,0.0,0.0,116983.0,Q4 (highest),6181,87.23507523054522,0.420643908752629,2.8959715256431,9.464487946934153,12.7,22.9,11.4,0.1024892779426005,265446,Chicago,No court,41.907548786122454,-87.62678998462535
17031080300,Census Tract 803,Old Town,1,1.649348507339601,7.1644795078339385,157882.0,Q4 (highest),6063,69.32211776348342,0.7422068283028204,17.532574633019955,8.279729506844797,10.2,23.4,14.3,0.1395774806678641,361504,Chicago,Has court,41.907489911695535,-87.63579873819849
17031080400,Census Tract 804,Old Town,0,0.0,0.0,,nan,5986,25.225526227865018,63.18075509522218,0.9021049114600734,27.735753908219866,24.4,35.9,19.7,0.12634846184615528,327241,Chicago,No court,41.90741240558806,-87.64090154950055
17031160100,Census Tract 1601,Irving Park,1,3.770739064856712,4.362959481563463,111602.0,Q4 (highest),2652,60.78431372549019,0.0,24.660633484162897,5.052790346907994,21.1,29.5,14.6,0.22920222024194706,593631,Chicago,Has court,41.96462819017767,-87.74279561014563
17031160200,Census Tract 1602,Irving Park,1,2.891844997108155,2.706681144168538,128288.0,Q4 (highest),3458,69.8958935801041,6.130711393869288,19.98264893001735,10.787172011661808,16.9,27.4,13.2,0.369456151920395,956887,Chicago,Has court,41.95879316199792,-87.73839796284847
17031160300,Census Tract 1603,Irving Park,1,2.8208744710860367,6.077244719342622,76083.0,Q3,3545,55.17630465444287,4.992947813822285,14.499294781382229,14.59054209919262,19.9,28.8,14.7,0.1645482527332173,426178,Chicago,Has court,41.95726819625437,-87.73089576787218
17031160400,Census Tract 1604,Irving Park,0,0.0,0.0,72593.0,Q3,5200,49.19230769230769,6.903846153846153,40.88461538461539,15.557692307692308,22.9,31.0,15.7,0.25379731489103424,657332,Chicago,No court,41.95736577434252,-87.72282382876296
17031051300,Census Tract 513,North Center,0,0.0,0.0,199890.0,Q4 (highest),3028,85.40290620871862,3.533685601056803,15.521796565389694,1.6182298546895642,10.4,24.0,12.8,0.12436852989280259,322113,Chicago,No court,41.93599718047072,-87.67583954381017
17031150200,Census Tract 1502,Portage Park,0,0.0,0.0,94021.0,Q3,7056,63.52040816326531,3.018707482993197,27.593537414965986,13.231733371314627,21.5,29.5,15.1,0.5122730298364316,1326781,Chicago,No court,41.96067493111605,-87.7524131309287
17031150300,Census Tract 1503,Portage Park,1,1.4384349827387801,1.9524813589936307,88125.0,Q3,6952,73.24510932105869,0.9062140391254315,22.209436133486765,6.609777263523286,19.3,28.3,14.2,0.5121687822491842,1326511,Chicago,Has court,41.96051809270906,-87.76228594798707
17031140800,Census Tract 1408,Albany Park,0,0.0,0.0,100250.0,Q4 (highest),6219,69.56102267245538,0.6110307123331725,29.779707348448305,11.609583534330278,16.7,26.9,13.6,0.27581788023728293,714365,Chicago,No court,41.96449508998387,-87.70276420376143
17031231200,Census Tract 2312,Humboldt Park,1,1.7540782318891421,3.9441001166484435,31629.0,Q1 (lowest),5701,5.683213471320821,70.47886335730573,27.275916505876165,50.499912296088404,41.6,45.0,20.7,0.25354325965989033,656674,Chicago,Has court,41.899061400460845,-87.72131534423326
17031231100,Census Tract 2311,Humboldt Park,0,0.0,0.0,59745.0,Q2,1505,6.179401993355482,56.87707641196014,47.70764119601329,18.33887043189369,33.8,40.2,18.4,0.06810108772704739,176381,Chicago,No court,41.89925425194319,-87.71506836256549
17031242400,Census Tract 2424,Ukrainian Village,1,3.1416902293433866,7.895053223269481,110129.0,Q4 (highest),3183,82.40653471567704,1.413760603204524,17.37354696826893,8.066052715147666,11.5,24.7,14.6,0.1266615907100728,328052,Chicago,Has court,41.89942194937812,-87.68449000674887
17031242500,Census Tract 2425,Ukrainian Village,0,0.0,0.0,93279.0,Q3,3333,74.61746174617461,8.16081608160816,26.7026702670267,11.508176862507572,17.1,28.7,15.6,0.11961985924259108,309814,Chicago,No court,41.899445532547325,-87.68931910638942
17031430200,Census Tract 4302,South Shore,0,0.0,0.0,34072.0,Q1 (lowest),5139,6.246351430239346,91.14613738081339,0.29188558085230587,30.92041253162094,32.3,43.9,18.7,0.2553479012257972,661348,Chicago,No court,41.76976128060318,-87.58135086622278
17031120200,Census Tract 1202,"Sauganash,Forest Glen",3,6.684491978609626,3.24480744880948,155481.0,Q4 (highest),4488,82.0187165775401,0.9581105169340463,4.09982174688057,0.9803921568627451,15.6,24.5,11.5,0.9245540905981031,2394584,Chicago,Has court,41.99453234734186,-87.75761154658812
17031120300,Census Tract 1203,"Sauganash,Forest Glen",1,1.4098406880022556,1.260290023760713,137043.0,Q4 (highest),7093,82.4333850274919,0.2960665444804737,8.430847314253489,6.120141342756184,17.0,24.6,11.9,0.7934681550648112,2055073,Chicago,Has court,41.99111234964114,-87.74006575148807
17031120400,Census Tract 1204,"Sauganash,Forest Glen",0,0.0,0.0,117404.0,Q4 (highest),3832,49.817327766179545,3.02713987473904,30.715031315240083,6.993736951983298,20.5,26.8,13.6,0.4110818274061501,1064697,Chicago,No court,41.977235762929716,-87.75216259449283
17031340300,Census Tract 3403,Armour Square,0,0.0,0.0,50543.0,Q2,1751,28.155339805825243,0.0,24.271844660194176,13.363792118789263,31.3,20.1,12.1,0.08246988016932896,213596,Chicago,No court,41.842804645150395,-87.6357882237474
17031340500,Census Tract 3405,Armour Square,0,0.0,0.0,61018.0,Q2,1613,53.13081215127092,5.517668939863609,7.873527588344699,33.41599504029758,32.2,24.8,13.3,0.16812703379320676,435447,Chicago,No court,41.83451818044223,-87.63291692850277
17031340600,Census Tract 3406,Armour Square,1,6.788866259334692,5.215714072827011,20588.0,Q1 (lowest),1473,6.449422946367957,84.31771894093686,0.0,55.14655760054533,43.9,49.2,23.4,0.19172830144386768,496574,Chicago,Has court,41.82728646166219,-87.63265160454756
17031430300,Census Tract 4303,South Shore,0,0.0,0.0,53807.0,Q2,2659,2.1436630312147424,97.78112072207597,5.8292591199699135,21.356196414653155,31.3,44.1,20.7,0.15680883463552728,406133,Chicago,No court,41.76971639686329,-87.58936011962872
17031839100,Census Tract 8391,Loop,0,0.0,0.0,139943.0,Q4 (highest),7989,47.01464513706346,9.475528852171736,15.05820503191889,6.017277330950253,11.6,22.1,14.0,0.425396179441758,1101771,Chicago,No court,41.88102813647396,-87.63274576901246
17031833100,Census Tract 8331,West Loop,3,3.368137420006736,8.41987750484389,168125.0,Q4 (highest),8907,63.46693611766027,5.939148983945212,7.376220949814752,5.146476642913698,11.0,23.4,13.2,0.35629972030758444,922812,Chicago,Has court,41.879077672803604,-87.65704585101493
17031838100,Census Tract 8381,United Center,3,18.844221105527637,9.474780140183496,,nan,1592,38.81909547738693,49.30904522613066,9.045226130653267,33.83647798742138,27.2,37.2,15.8,0.31663003844033255,820068,Chicago,Has court,41.878670108299964,-87.6716928505684
17031833300,Census Tract 8333,"Little Italy, UIC",0,0.0,0.0,90806.0,Q3,2741,40.64210142283838,2.261948194089748,12.805545421379058,22.422018348623855,15.0,21.5,14.6,0.18429815118834528,477330,Chicago,No court,41.87169458300139,-87.65412373420169
17031838200,Census Tract 8382,"Little Italy, UIC",1,5.797101449275363,2.2496399690781645,105667.0,Q4 (highest),1725,45.33333333333333,25.91304347826087,24.0,8.657587548638132,15.2,19.7,14.6,0.44451557304512607,1151290,Chicago,Has court,41.87041483114621,-87.67512594532063
17031510300,Census Tract 5103,South Deering,2,4.523863379325944,1.7509685300821505,30875.0,Q1 (lowest),4421,0.9952499434517077,98.68807961999548,0.0,36.49851632047478,38.3,45.5,19.3,1.142224983281776,2958349,Chicago,Has court,41.71573740643548,-87.57497712281803
17031520100,Census Tract 5201,East Side,1,4.85201358563804,1.0031566659100997,58713.0,Q2,2061,41.387675885492484,2.6686074721009216,93.15866084425036,17.806889859291605,39.2,37.7,18.1,0.9968532672738252,2581838,Chicago,Has court,41.72029914376405,-87.53048599561137
17031590700,Census Tract 5907,Mckinley Park,0,0.0,0.0,77344.0,Q3,2728,39.002932551319645,1.3929618768328444,65.02932551319648,10.410557184750733,27.7,29.3,15.4,0.33584325487222333,869830,Chicago,No court,41.826806728658056,-87.6637641547629
17031600400,Census Tract 6004,Bridgeport,0,0.0,0.0,63497.0,Q2,4053,28.34937083641747,6.094251171971379,10.461386627189736,15.840118430792005,31.6,23.8,14.1,0.1263438286200554,327229,Chicago,No court,41.84171835840582,-87.64393217402709
17031063100,Census Tract 631,Lake View,0,0.0,0.0,97347.0,Q4 (highest),2357,80.78065337293168,2.800169707254985,7.000424268137463,8.315655494272379,10.3,22.6,15.2,0.06163155968290201,159625,Chicago,No court,41.93823193903282,-87.64677988247378
17031640400,Census Tract 6404,Clearing,1,2.9824038174768863,1.9401458487053773,93488.0,Q3,3353,65.40411571726811,1.4315538323889054,49.806143751864,8.529674917983895,23.5,30.3,15.0,0.5154251679930564,1334945,Chicago,Has court,41.78117830136127,-87.79124739686101
17031640500,Census Tract 6405,Clearing,0,0.0,0.0,76250.0,Q3,4162,50.2162421912542,1.4175876982220088,52.97933685728016,8.096063382025253,23.9,30.7,15.1,0.25556759336336693,661917,Chicago,No court,41.77568235531827,-87.79098786029078
17031640600,Census Tract 6406,Clearing,0,0.0,0.0,74773.0,Q3,4387,53.74971506724413,0.41030316845224524,60.97560975609756,7.660359944623904,22.6,30.9,14.5,0.25473361266538685,659757,Chicago,No court,41.776036108935656,-87.77142981876794
17031640700,Census Tract 6407,Clearing,1,3.007518796992481,3.9415911318354206,78533.0,Q3,3325,38.73684210526316,1.5338345864661656,79.24812030075188,7.2481203007518795,25.9,32.1,15.1,0.25370465036903644,657092,Chicago,Has court,41.77641093526372,-87.75193560550355
17031640800,Census Tract 6408,Clearing,0,0.0,0.0,40556.0,Q1 (lowest),1456,52.815934065934066,1.2362637362637363,76.16758241758241,18.337912087912088,32.8,36.3,16.4,0.12616622161955962,326769,Chicago,No court,41.77482419504215,-87.73974224575205
17031650100,Census Tract 6501,West Lawn,0,0.0,0.0,65852.0,Q2,4263,29.27515833919775,1.1025099695050433,83.86113065916022,12.190336031395633,31.2,34.4,15.5,0.2600096988866358,673422,Chicago,No court,41.78237660898072,-87.71785492533068
17031650200,Census Tract 6502,West Lawn,0,0.0,0.0,93041.0,Q3,6748,40.21932424422051,0.0,84.64730290456431,6.135151155898043,28.5,33.4,14.9,0.38265544087462955,991073,Chicago,No court,41.782222120717286,-87.73022519147763
17031062500,Census Tract 625,Lake View,0,0.0,0.0,169917.0,Q4 (highest),1463,82.43335611756665,0.4784688995215311,13.260423786739576,11.346548188653452,12.4,26.2,14.5,0.06216360848003929,161003,Chicago,No court,41.94148802612662,-87.67110725178321
17031062600,Census Tract 626,Lake View,1,4.233700254022016,7.8480679724619415,177045.0,Q4 (highest),2362,78.19644369178663,1.397121083827265,9.314140558848434,4.191363251481795,10.3,23.5,13.0,0.12741989538175466,330016,Chicago,Has court,41.93597520220608,-87.6709842607829
17031062700,Census Tract 627,Lake View,1,3.450655624568668,7.966791552085834,136667.0,Q4 (highest),2898,75.94893029675637,1.621808143547274,6.86680469289165,8.700173310225304,10.4,23.2,13.5,0.12552104488515003,325098,Chicago,Has court,41.93608628484741,-87.6661103226328
17031062800,Census Tract 628,Lake View,1,2.655337227827934,7.954239875188492,166741.0,Q4 (highest),3766,80.11152416356877,0.7966011683483802,13.515666489644184,2.748865759274086,9.0,22.3,13.9,0.1257191153009203,325611,Chicago,Has court,41.936158698495476,-87.66126479864029
17031062900,Census Tract 629,Lake View,1,2.3121387283236996,7.9510898262417875,181429.0,Q4 (highest),4325,73.31791907514452,5.687861271676301,10.797687861271676,2.4277456647398843,9.3,21.8,14.5,0.12576892248149413,325740,Chicago,Has court,41.9362370422038,-87.65641126095656
17031063000,Census Tract 630,Lake View,0,0.0,0.0,103250.0,Q4 (highest),3017,80.24527676499834,3.646005966191581,7.4577394763009615,10.00997672098437,9.4,21.6,14.8,0.12523262656043194,324351,Chicago,No court,41.936310301766376,-87.65156173453342
17031062400,Census Tract 624,Lake View,0,0.0,0.0,158542.0,Q4 (highest),1763,83.60748723766307,3.3465683494044245,8.111174134997164,8.961996596710154,12.1,23.7,14.3,0.06290994398429645,162936,Chicago,No court,41.94155555969448,-87.66628816416133
17031063200,Census Tract 632,Lake View,0,0.0,0.0,77183.0,Q3,6481,79.58648356735071,7.776577688628299,8.347477241166487,2.526906878802059,10.5,21.3,12.4,0.14161416964094042,366779,Chicago,No court,41.93916552998904,-87.63464320345828
17031063400,Census Tract 634,Lake View,0,0.0,0.0,116765.0,Q4 (highest),2395,80.91858037578288,5.260960334029228,10.647181628392484,5.052192066805845,9.7,22.1,14.5,0.06133310270163414,158852,Chicago,No court,41.9346595824628,-87.64673000892329
17031090300,Census Tract 903,Edison Park,1,7.331378299120235,5.442957956632664,117768.0,Q4 (highest),1364,83.79765395894428,0.0,16.129032258064516,7.6523031203566125,16.2,27.1,13.1,0.183723631151959,475842,Chicago,Has court,41.99911270572568,-87.81636458416983
17031100100,Census Tract 1001,Norwood Park,1,1.7914725904693658,2.190479573471901,109242.0,Q4 (highest),5582,80.00716589036188,0.017914725904693656,10.730920816911501,11.053385883195988,17.8,27.7,13.9,0.4565210340742891,1182384,Chicago,Has court,41.98958415845322,-87.78301360609623
17031100300,Census Tract 1003,Norwood Park,3,4.770233741453331,3.33391573435305,74250.0,Q3,6289,87.16807123549054,1.5900779138177772,14.660518365399906,11.911448868329753,21.6,26.7,13.0,0.8998427791943437,2330582,Chicago,Has court,41.98873303850588,-87.80426022102034
17031750600,Census Tract 7506,Morgan Park,2,5.46448087431694,3.935105405097428,58494.0,Q2,3660,1.2841530054644807,92.34972677595628,5.437158469945355,27.90633608815427,32.6,41.8,17.2,0.508245598049103,1316350,Chicago,Has court,41.68863114142259,-87.65204932766167
17031283100,Census Tract 2831,"Little Italy, UIC",2,7.451564828614008,23.924549565153132,61806.0,Q2,2684,33.12220566318927,19.821162444113263,17.2876304023845,28.390461997019372,22.4,26.9,16.7,0.08359614021377705,216513,Chicago,Has court,41.869274106116784,-87.6640920122828
17031283800,Census Tract 2838,"Little Italy, UIC",1,2.7987685418415897,6.88390858977562,86103.0,Q3,3573,25.664707528687376,55.55555555555556,7.500699692135461,18.052057094878254,23.4,34.5,16.9,0.14526631011417815,376238,Chicago,Has court,41.863416894755964,-87.65375472002759
17031410700,Census Tract 4107,Hyde Park,0,0.0,0.0,57000.0,Q2,2623,40.3736179946626,28.28821959588258,8.19672131147541,28.478841021730844,19.3,27.7,17.0,0.10035683563012647,259923,Chicago,No court,41.798049342890906,-87.594199555527
17031410800,Census Tract 4108,Hyde Park,0,0.0,0.0,63091.0,Q2,2768,45.77312138728324,18.569364161849713,8.092485549132949,17.262773722627735,16.2,25.4,13.5,0.09634021470369747,249520,Chicago,No court,41.79796146757349,-87.58962479136791
17031031700,Census Tract 317,Uptown,2,3.2578595862518327,10.848617109060521,82774.0,Q3,6139,68.78970516370745,13.748167453982733,11.337351360156376,10.185491884730043,13.8,27.3,14.7,0.18435529431024392,477478,Chicago,Has court,41.96544661947014,-87.66319544208933
17031071700,Census Tract 717,Old Town,0,0.0,0.0,149821.0,Q4 (highest),1564,82.1611253196931,4.667519181585678,1.278772378516624,7.933461292386436,11.6,24.3,12.4,0.06175781509412399,159952,Chicago,No court,41.9128666422033,-87.64107172085302
17031031800,Census Tract 318,Uptown,0,0.0,0.0,86159.0,Q3,1980,59.696969696969695,4.444444444444445,15.353535353535353,13.37386018237082,14.6,27.0,14.4,0.09079192644908007,235150,Chicago,No court,41.96701142795688,-87.67062093013001
17031610400,Census Tract 6104,New City,0,0.0,0.0,35938.0,Q1 (lowest),2034,27.482792527040317,4.818092428711897,95.57522123893806,17.99410029498525,35.3,36.9,17.1,0.0630041529149942,163180,Chicago,No court,41.81039845569694,-87.66744912552305
17031050600,Census Tract 506,North Center,0,0.0,0.0,114940.0,Q4 (highest),2286,81.583552055993,0.7874015748031495,8.092738407699038,5.730533683289589,11.1,24.5,13.8,0.12830715817988345,332314,Chicago,No court,41.95054775751128,-87.67618236992418
17031050500,Census Tract 505,North Center,0,0.0,0.0,144250.0,Q4 (highest),5134,84.26178418387222,0.038955979742890535,6.5640825866770545,1.7533606078316772,11.1,24.1,12.7,0.2519617851511281,652578,Chicago,No court,41.95044743317702,-87.6835072769511
17031140100,Census Tract 1401,Albany Park,0,0.0,0.0,92595.0,Q3,3622,43.29099944781888,1.3804527885146327,43.097736057426836,6.018774157923799,22.3,29.0,15.9,0.1090715478218432,282494,Chicago,No court,41.97108443289004,-87.70579415111742
17031140200,Census Tract 1402,Albany Park,0,0.0,0.0,68875.0,Q2,6528,33.685661764705884,7.674632352941177,39.39950980392157,19.931703810208486,25.8,28.9,17.2,0.15229993343598502,394455,Chicago,No court,41.97069488881721,-87.71300426199412
17031140400,Census Tract 1404,Albany Park,0,0.0,0.0,98819.0,Q4 (highest),5795,51.56169111302847,1.363244176013805,31.130284728213976,11.406384814495254,21.8,26.6,13.4,0.4562024997799218,1181559,Chicago,No court,41.97153701640749,-87.73894298531286
17031140500,Census Tract 1405,Albany Park,0,0.0,0.0,70598.0,Q3,3080,43.40909090909091,3.6363636363636362,42.62987012987013,7.1054354944335305,26.2,30.4,15.0,0.17483517298149645,452821,Chicago,No court,41.96536191638559,-87.7318319514797
17031071600,Census Tract 716,Old Town,0,0.0,0.0,242250.0,Q4 (highest),1814,88.47850055126791,3.693495038588754,3.031973539140022,5.402425578831313,12.0,24.1,12.4,0.06261380361607853,162169,Chicago,No court,41.91647216752675,-87.64118228526068
17031671400,Census Tract 6714,Englewood,0,0.0,0.0,29469.0,Q1 (lowest),1507,8.161911081619111,57.39880557398806,24.684804246848042,42.88563829787234,43.8,46.7,21.0,0.19136227658197644,495626,Chicago,No court,41.773792202464705,-87.67622885931691
17031062300,Census Tract 623,Lake View,0,0.0,0.0,244286.0,Q4 (highest),1567,81.62093171665603,0.9572431397574984,8.359923420548819,5.2329291640076585,9.5,22.6,13.8,0.063054346197743,163310,Chicago,No court,41.941627776786994,-87.66144316990932
17031630400,Census Tract 6304,Gage Park,0,0.0,0.0,58147.0,Q2,6390,27.43348982785602,0.26604068857589985,97.80907668231612,8.309859154929578,35.8,36.3,17.2,0.2541509844833258,658248,Chicago,No court,41.79725452881888,-87.69878109743803
17031260200,Census Tract 2602,Garfield Park,0,0.0,0.0,51125.0,Q2,1274,0.47095761381475665,87.36263736263736,11.224489795918368,16.95583596214511,36.6,43.3,20.9,0.12681564547789412,328451,Chicago,No court,41.88432436870322,-87.72823016882283
17031010100,Census Tract 101,Rogers Park,0,0.0,0.0,69460.0,Q2,3726,39.58668813741277,36.95652173913043,21.712292002147073,14.006065618968844,24.2,35.7,17.3,0.14653002253292294,379511,Chicago,No court,42.02125523197245,-87.66983016903473
17031060200,Census Tract 602,Lake View,1,4.5892611289582375,8.137476867779528,91081.0,Q3,2179,72.69389628269849,6.287287746672786,15.83295089490592,6.424965580541533,11.3,24.5,13.7,0.12288821415388797,318279,Chicago,Has court,41.957903695846,-87.6715174679772
17031221200,Census Tract 2212,Logan Square,0,0.0,0.0,126481.0,Q4 (highest),3168,50.75757575757576,14.172979797979798,31.060606060606062,16.098484848484848,15.2,27.5,15.8,0.12757626676262593,330421,Chicago,No court,41.921083133799215,-87.70464989338866
17031061200,Census Tract 612,Wrigleyville,0,0.0,0.0,118398.0,Q4 (highest),2065,81.16222760290557,6.392251815980629,15.932203389830507,6.27431906614786,10.5,22.6,15.5,0.06744046690563817,174670,Chicago,No court,41.949059917612864,-87.66164269452238
17031290900,Census Tract 2909,North Lawndale,1,2.343566908835247,2.5990952296848158,46189.0,Q1 (lowest),4267,1.6639325052730254,96.90649168033747,0.4687133817670494,39.44223107569721,38.1,46.8,22.5,0.3847492729696045,996496,Chicago,Has court,41.862410315106544,-87.73245668751481
17031291200,Census Tract 2912,North Lawndale,0,0.0,0.0,24555.0,Q1 (lowest),1532,0.13054830287206268,99.02088772845953,0.8485639686684074,31.135770234986943,35.8,46.4,23.0,0.12708089767211278,329138,Chicago,No court,41.86266119850849,-87.71287458655664
17031421200,Census Tract 4212,Woodlawn,0,0.0,0.0,45972.0,Q1 (lowest),1865,1.0187667560321716,95.44235924932975,0.9115281501340482,12.332439678284182,43.2,50.0,20.5,0.12577239740106905,325749,Chicago,No court,41.77066216236715,-87.60894745404624
17031240700,Census Tract 2407,Humboldt Park,0,0.0,0.0,96250.0,Q3,1578,66.28643852978455,12.864385297845374,35.61470215462611,13.181242078580482,17.5,28.3,14.4,0.06404353997006935,165872,Chicago,No court,41.912087780791275,-87.69459863700419
17031240900,Census Tract 2409,Humboldt Park,3,26.97841726618705,8.110118594072592,98145.0,Q4 (highest),1112,44.514388489208635,13.219424460431656,32.643884892086334,5.877034358047016,17.4,27.6,13.0,0.3699082775673092,958058,Chicago,Has court,41.90471618683242,-87.70188668146228
17031170900,Census Tract 1709,Dunning,0,0.0,0.0,61771.0,Q2,1922,44.640998959417274,3.433922996878252,57.02393340270552,28.04370447450572,28.9,34.4,16.9,0.12377624915636674,320579,Chicago,No court,41.936195821297346,-87.81160567916316
17031171000,Census Tract 1710,Dunning,1,1.5938795027095953,1.8592358146469696,82790.0,Q3,6274,58.04909148868346,1.7213898629263629,37.63149505897354,8.718520879821485,21.2,29.3,14.1,0.5378553877469703,1393039,Chicago,Has court,41.941807111526664,-87.79652375431047
17031171100,Census Tract 1711,Dunning,0,0.0,0.0,94830.0,Q3,4144,56.68436293436293,2.8957528957528957,53.59555984555985,7.939189189189189,27.5,31.7,16.1,0.2572008055635779,666147,Chicago,No court,41.942052821592476,-87.78128650541638
17031180100,Census Tract 1801,Montclare,0,0.0,0.0,97301.0,Q4 (highest),6875,47.78181818181818,5.978181818181818,52.34909090909091,14.198813056379823,25.4,31.3,14.9,0.4124938030600914,1068354,Chicago,No court,41.93448502717123,-87.79863170566627
17031040900,Census Tract 409,Lincoln Square,0,0.0,0.0,92167.0,Q3,2009,79.04430064708811,2.4888003982080638,12.692882030861124,3.6831483350151366,11.9,24.7,13.2,0.12426814332730499,321853,Chicago,No court,41.96318465788292,-87.68385442540638
17031050200,Census Tract 502,North Center,2,3.7223152801042247,7.94166680720518,124167.0,Q4 (highest),5373,77.61027359017308,1.0050251256281406,15.484831565233575,4.727340405732366,13.3,25.1,12.7,0.2518363019442561,652253,Chicago,Has court,41.95774056555574,-87.68371677634354
17031050300,Census Tract 503,North Center,0,0.0,0.0,166681.0,Q4 (highest),2725,58.23853211009175,1.0275229357798166,21.541284403669724,4.674273095325727,13.7,25.8,13.0,0.14673079566391814,380031,Chicago,No court,41.95767809759068,-87.69151855848949
17031190100,Census Tract 1901,Belmont Cragin,0,0.0,0.0,53717.0,Q2,2403,27.548897211818563,2.4136496046608404,86.1839367457345,6.533499791926759,33.0,34.5,16.0,0.12206543041898264,316148,Chicago,No court,41.935217638662756,-87.7443888733132
17031222200,Census Tract 2222,Bucktown,0,0.0,0.0,188065.0,Q4 (highest),2183,86.76133760879523,0.9161704076958315,7.87906550618415,4.770642201834862,10.0,23.5,13.4,0.08921817398381769,231074,Chicago,No court,41.91590952789829,-87.68382618099291
17031222500,Census Tract 2225,Logan Square,0,0.0,0.0,155878.0,Q4 (highest),1374,74.45414847161572,2.911208151382824,21.90684133915575,5.91672753834916,13.0,25.8,14.3,0.062036966966642314,160675,Chicago,No court,41.91568254747798,-87.69958742224284
17031222600,Census Tract 2226,Logan Square,0,0.0,0.0,94688.0,Q3,1552,58.95618556701031,5.541237113402062,31.25,7.216494845360824,17.0,28.3,15.8,0.062009553712217974,160604,Chicago,No court,41.915638779755255,-87.70447981083757
17031251500,Census Tract 2515,Austin,1,2.209456473707468,3.7869418621312834,47491.0,Q1 (lowest),4526,6.539991162174105,74.74591250552363,22.29341581970835,24.830393487109905,33.5,42.6,19.6,0.2640653161327388,683926,Chicago,Has court,41.89110350714657,-87.76035377374997
17031251600,Census Tract 2516,Austin,0,0.0,0.0,34332.0,Q1 (lowest),4418,11.521050248981439,64.53146220009054,24.30964237211408,30.217292892711633,39.1,45.9,20.9,0.18563252030511337,480786,Chicago,No court,41.8914065052047,-87.7518037239849
17031251700,Census Tract 2517,Austin,1,8.417508417508417,5.322020733373745,57037.0,Q2,1188,3.2828282828282833,79.7979797979798,17.087542087542086,27.525252525252526,32.8,40.7,18.7,0.18789855397013422,486655,Chicago,Has court,41.891384395212576,-87.74447927528361
17031251800,Census Tract 2518,Austin,0,0.0,0.0,36681.0,Q1 (lowest),5641,0.21272823967381668,93.12178691721326,5.672753057968445,34.5158371040724,41.5,48.5,22.7,0.385229970177468,997741,Chicago,No court,41.88414361586754,-87.74788851034711
17031251900,Census Tract 2519,Austin,0,0.0,0.0,35047.0,Q1 (lowest),5355,4.873949579831933,85.67693744164332,11.055088702147525,37.3109243697479,39.8,48.7,23.4,0.24419109277726384,632452,Chicago,No court,41.8838116360415,-87.76009447553598
17031252000,Census Tract 2520,Austin,0,0.0,0.0,30103.0,Q1 (lowest),5787,8.53637463279765,82.32244686365992,7.534128218420598,32.188765627751366,37.4,45.4,20.8,0.24115710188618636,624594,Chicago,No court,41.88367591605043,-87.76987979346161
17031680600,Census Tract 6806,Englewood,1,10.040160642570282,7.93340807312247,52237.0,Q2,996,0.0,100.0,0.0,16.867469879518072,30.4,40.0,18.5,0.1260492326605374,326466,Chicago,Has court,41.783281142061774,-87.65216524560562
17031130300,Census Tract 1303,North Park,1,2.028397565922921,3.591703265691586,69857.0,Q2,4930,32.73833671399594,5.618661257606491,21.29817444219067,11.845841784989858,22.0,25.4,13.6,0.2784194366923708,721103,Chicago,Has court,41.986558972467385,-87.7133914753396
17031190200,Census Tract 1902,Belmont Cragin,0,0.0,0.0,82551.0,Q3,5753,26.69911350599687,6.24022249261255,76.84686250651835,20.26956065114651,32.2,35.4,15.6,0.2548691345288086,660108,Chicago,No court,41.93511366979179,-87.75164892978421
17031190300,Census Tract 1903,Belmont Cragin,0,0.0,0.0,68281.0,Q2,5609,37.38634337671599,4.439293991798895,68.92494205740773,14.5302192904261,28.5,32.9,15.3,0.25494403835075685,660302,Chicago,No court,41.93498642161399,-87.76146345326028
17031190800,Census Tract 1908,Belmont Cragin,0,0.0,0.0,56311.0,Q2,6326,37.98608915586468,3.177363262725261,85.69396142902308,10.82598235765838,33.6,35.6,16.4,0.25533593205837246,661317,Chicago,No court,41.92781863192134,-87.75136236760547
17031260100,Census Tract 2601,Garfield Park,0,0.0,0.0,21875.0,Q1 (lowest),1145,1.222707423580786,91.87772925764193,4.890829694323144,35.9825327510917,40.6,46.0,19.4,0.12565733895292178,325451,Chicago,No court,41.88437076493542,-87.72333017765632
17031242600,Census Tract 2426,Humboldt Park,0,0.0,0.0,85000.0,Q3,5351,58.30685853111568,12.035133619884133,39.45056998691833,17.342552793870304,19.5,29.9,16.5,0.1836854070366349,475743,Chicago,No court,41.90056013235445,-87.69419701935908
17031060400,Census Tract 604,Lake View,0,0.0,0.0,154038.0,Q4 (highest),3664,83.87008733624454,1.4737991266375545,8.842794759825328,3.802700468448608,9.3,22.7,13.5,0.12549440383507568,325029,Chicago,No court,41.9506732036877,-87.66653642575875
17031060500,Census Tract 605,Wrigleyville,0,0.0,0.0,60987.0,Q2,1212,76.89768976897689,7.1782178217821775,10.891089108910892,23.432343234323433,23.1,28.0,14.3,0.08813786009819351,228276,Chicago,No court,41.952719965822006,-87.6605008323298
17031240800,Census Tract 2408,Humboldt Park,0,0.0,0.0,103565.0,Q4 (highest),1573,54.54545454545454,8.709472345835982,25.492689129052764,13.200257566001289,17.2,28.9,14.7,0.06431535590126286,166576,Chicago,No court,41.912048358589225,-87.6994876390715
17031240600,Census Tract 2406,Wicker Park,0,0.0,0.0,166537.0,Q4 (highest),1814,66.48291069459758,6.339581036383682,23.92502756339581,14.837625979843224,14.1,26.6,15.0,0.06385319159779891,165379,Chicago,No court,41.91213415027697,-87.68971114874037
17031411100,Census Tract 4111,Hyde Park,0,0.0,0.0,123611.0,Q4 (highest),2304,58.28993055555556,3.4288194444444446,5.034722222222222,9.226037929267042,13.3,21.2,13.9,0.10939201262708553,283324,Chicago,No court,41.790455289066664,-87.58970081603708
17031411200,Census Tract 4112,Hyde Park,0,0.0,0.0,93958.0,Q3,1662,61.91335740072203,7.9422382671480145,6.678700361010831,16.515973477998795,14.5,23.0,12.7,0.15559531549953126,402990,Chicago,No court,41.79056192890675,-87.59401711940222
17031460400,Census Tract 4604,South Chicago,1,2.5329280648429586,3.9691781924064213,70472.0,Q3,3948,0.7598784194528876,95.33941236068895,0.0,23.353596757852078,28.8,41.4,17.2,0.2519413217358536,652525,Chicago,Has court,41.74449055811051,-87.56369222540243
17031460500,Census Tract 4605,South Chicago,0,0.0,0.0,54850.0,Q2,5615,8.15672306322351,89.99109528049867,1.1041852181656278,18.575244879786286,26.8,38.6,14.9,0.4931405087591139,1277228,Chicago,No court,41.7468819487111,-87.57260433920587
17031461000,Census Tract 4610,South Chicago,0,0.0,0.0,14311.0,Q1 (lowest),1212,16.996699669966997,61.71617161716172,34.57095709570957,40.87530966143683,47.8,44.5,16.2,0.21693498193814026,561859,Chicago,No court,41.72742489097303,-87.54648548712936
17031350100,Census Tract 3501,Douglas,0,0.0,0.0,65000.0,Q2,2566,5.728760717069369,23.616523772408417,0.0,24.70771628994544,16.4,25.2,13.1,0.21925815872505974,567876,Chicago,No court,41.841749299854065,-87.60842057618788
17031350400,Census Tract 3504,Douglas,2,12.383900928792569,25.712946876209955,20938.0,Q1 (lowest),1615,0.0,88.48297213622291,3.8390092879256965,53.126934984520126,41.0,49.3,25.2,0.07778182756059102,201454,Chicago,Has court,41.841929126668575,-87.62836949830448
17031351000,Census Tract 3510,Douglas,2,5.17196793379881,6.306407607656842,61347.0,Q2,3867,4.422032583397983,73.85570209464701,4.370312904059995,18.386346004654772,20.4,31.7,14.9,0.3171377628004454,821383,Chicago,Has court,41.834781566090136,-87.60597901814225
17031351400,Census Tract 3514,Douglas,1,6.090133982947624,7.994851168519278,30542.0,Q1 (lowest),1642,6.82095006090134,64.19001218026796,12.362971985383679,29.293544457978076,36.1,46.1,20.0,0.12508050230348558,323957,Chicago,Has court,41.82740193285881,-87.62409091997655
17031360200,Census Tract 3602,Oakland,1,5.353319057815846,11.161624519487685,28456.0,Q1 (lowest),1868,0.9635974304068522,95.44967880085653,0.0,46.19914346895075,36.4,47.0,21.3,0.08959269309355873,232044,Chicago,Has court,41.82688551734436,-87.60988760387599
17031430400,Census Tract 4304,South Shore,0,0.0,0.0,38034.0,Q1 (lowest),2974,3.362474781439139,90.48419636852724,2.589105581708137,25.695858791581806,30.4,42.7,18.1,0.21147974430769564,547730,Chicago,No court,41.76219613451243,-87.5903098194601
17031430600,Census Tract 4306,South Shore,0,0.0,0.0,42487.0,Q1 (lowest),1972,2.383367139959432,90.41582150101421,3.4482758620689653,23.884381338742394,30.1,42.5,18.1,0.12871063495274881,333359,Chicago,No court,41.76441328813644,-87.57137298777621
17031430800,Census Tract 4308,South Shore,0,0.0,0.0,47625.0,Q1 (lowest),1897,0.0,90.0896151818661,0.0,17.796610169491526,27.6,40.9,16.6,0.12666892665139762,328071,Chicago,No court,41.760750007806,-87.57129826090427
17031430500,Census Tract 4305,South Shore,0,0.0,0.0,36310.0,Q1 (lowest),4000,0.7000000000000001,97.6,0.325,30.335365853658537,34.4,45.1,20.6,0.13236856695861138,342833,Chicago,No court,41.76431388102519,-87.58126994948844
17031430900,Census Tract 4309,South Shore,2,12.944983818770227,15.392864571880255,31357.0,Q1 (lowest),1545,0.7766990291262136,96.89320388349515,0.0,29.449838187702266,32.7,43.6,18.2,0.12993033172354468,336518,Chicago,Has court,41.76064096185784,-87.58118514144213
17031030604,Census Tract 306.04,Edgewater,0,0.0,0.0,51032.0,Q2,2793,54.09953455066236,18.33154314357322,8.19906910132474,19.763694951664874,18.9,26.8,13.3,0.07667603093141745,198590,Chicago,No court,41.98594492238067,-87.65276563075925
17031031502,Census Tract 315.02,Uptown,0,0.0,0.0,47674.0,Q1 (lowest),4630,43.04535637149028,38.38012958963283,9.97840172786177,40.36756756756757,25.7,36.1,18.1,0.06243465220688281,161705,Chicago,No court,41.96363265817102,-87.65236559117237
17031080201,Census Tract 802.01,Gold Coast,0,0.0,0.0,118417.0,Q4 (highest),3416,88.81733021077284,0.0,1.6978922716627636,2.4004683840749412,12.8,22.8,11.9,0.05226858193937578,135375,Chicago,No court,41.909497569694565,-87.63100510505922
17031760802,Census Tract 7608.02,O'Hare,0,0.0,0.0,93313.0,Q3,2244,85.51693404634581,3.2085561497326207,15.686274509803921,5.303030303030303,20.5,27.5,14.0,2.3898052809511086,6189567,Chicago,No court,41.95783207010122,-87.84721685208288
17031140601,Census Tract 1406.01,Albany Park,0,0.0,0.0,81833.0,Q3,2402,32.4729392173189,9.492089925062448,44.67110741049126,11.725293132328309,28.5,30.2,14.7,0.10506728216501389,272123,Chicago,No court,41.96464719222939,-87.72589086837726
17031070102,Census Tract 701.02,Lincoln Park,0,0.0,0.0,106062.0,Q4 (highest),2969,78.78073425395756,6.769956214213541,5.523745368811047,4.87720511933587,10.3,22.2,13.8,0.048146555119174296,124699,Chicago,No court,41.93058281269375,-87.64220207716541
17031210502,Census Tract 2105.02,Avondale,0,0.0,0.0,79857.0,Q3,4336,30.53505535055351,2.606088560885609,61.53136531365314,14.690959409594095,22.6,30.3,16.8,0.13356973082500767,345944,Chicago,No court,41.93378462674482,-87.72205243034684
17031610300,Census Tract 6103,New City,1,1.8460402436773122,1.0865606922472486,49901.0,Q2,5417,23.31548827764445,9.950156913420713,85.5824256968802,39.17944927000555,38.2,38.9,17.9,0.920335152131979,2383657,Chicago,Has court,41.816178003215754,-87.67510211828254
17031681000,Census Tract 6810,Englewood,0,0.0,0.0,27844.0,Q1 (lowest),2561,0.5857087075361187,82.38969152674737,11.128465443186256,37.4853572823116,39.9,47.5,21.3,0.25191892780970415,652467,Chicago,No court,41.77603986876582,-87.64954794490035
17031681100,Census Tract 6811,Englewood,0,0.0,0.0,36083.0,Q1 (lowest),2105,0.14251781472684086,92.0190023752969,7.8384798099762465,27.648456057007127,37.2,46.6,21.1,0.25190773084662943,652438,Chicago,No court,41.7687665278746,-87.64935954801619
17031680500,Census Tract 6805,Englewood,1,7.0821529745042495,7.923942041755391,42639.0,Q1 (lowest),1412,16.359773371104815,66.71388101983003,27.124645892351275,24.40775305096913,39.1,47.3,21.6,0.12619981250878382,326856,Chicago,Has court,41.79056399147985,-87.65235243876256
17031540102,Census Tract 5401.02,Riverdale,2,5.686664771111743,0.9778973410697075,24583.0,Q1 (lowest),3517,0.398066533977822,99.1754336081888,0.0,53.223046206503135,41.9,49.4,24.7,2.045204456545745,5297055,Chicago,Has court,41.66733081966333,-87.60544919512073
17031700402,Census Tract 7004.02,Ashburn,0,0.0,0.0,98152.0,Q4 (highest),3453,7.124239791485665,61.164205039096444,31.277150304083406,6.545033304373009,26.0,36.6,16.2,0.4436097773425977,1148944,Chicago,No court,41.7382301203407,-87.71182339183002
17031020200,Census Tract 202,West Ridge,0,0.0,0.0,115559.0,Q4 (highest),7231,49.93776794357627,6.181717604757295,29.0277969852026,5.405029873558427,18.9,25.2,13.3,0.4795238433537144,1241961,Chicago,No court,42.0156902536203,-87.69951911777528
17031130200,Census Tract 1302,North Park,1,6.657789613848203,1.2475869437253793,103611.0,Q4 (highest),1502,55.45938748335553,0.0,42.876165113182424,13.049267643142477,21.3,26.4,12.5,0.801547343076493,2075998,Chicago,Has court,41.980849871574286,-87.73606600887014
17031020400,Census Tract 204,West Ridge,0,0.0,0.0,81840.0,Q3,4325,40.85549132947977,25.502890173410403,28.763005780346823,15.527661552766157,22.5,30.4,14.3,0.21450948807484824,555577,Chicago,No court,42.00848802720408,-87.68591186055107
17031080202,Census Tract 802.02,Gold Coast,0,0.0,0.0,104129.0,Q4 (highest),4127,85.26774897019627,2.350375575478556,12.599951538647927,12.28026739291904,11.9,23.6,13.2,0.05993850164556747,155240,Chicago,No court,41.90585893524393,-87.63090096054172
17031030800,Census Tract 308,Andersonville,0,0.0,0.0,96719.0,Q3,4404,73.4786557674841,4.291553133514987,10.967302452316076,8.66916588566073,13.7,25.6,12.9,0.21907977952021399,567414,Chicago,No court,41.97991232853296,-87.66418803779435
17031031100,Census Tract 311,Uptown,0,0.0,0.0,83352.0,Q3,4699,62.33241115130879,13.598638008086827,9.938284741434348,16.35969664138678,15.4,27.2,15.2,0.21234268266880002,549965,Chicago,No court,41.97266845509865,-87.66386619988262
17031283200,Census Tract 2832,"Little Italy, UIC",0,0.0,0.0,64223.0,Q2,1799,28.349082823790994,49.47192884936076,6.170094496942746,13.674263479710952,18.4,28.2,15.4,0.09133131118754219,236547,Chicago,No court,41.86957902503929,-87.65920235044891
17031100500,Census Tract 1005,Norwood Park,1,1.7866714311238163,1.320011518300592,117583.0,Q4 (highest),5597,76.16580310880829,0.87546900125067,9.91602644273718,0.7325352867607646,17.2,25.4,12.9,0.7575691470385191,1962095,Chicago,Has court,41.978045157807756,-87.8197312890846
17031550100,Census Tract 5501,Hegewisch,0,0.0,0.0,52174.0,Q2,6251,40.55351143816989,18.317069268916974,48.55223164293713,12.562009921587455,32.0,35.8,17.0,2.7758761816657067,7189486,Chicago,No court,41.66506456586355,-87.5353325152806
17031320101,Census Tract 3201.01,Loop,0,0.0,0.0,129221.0,Q4 (highest),9208,57.374022589053,9.23110338835795,7.830147697654214,3.5982171975214694,13.4,22.3,11.6,0.17981782154975234,465726,Chicago,No court,41.88493065219858,-87.6170157127858
17031330103,Census Tract 3301.03,Near South Side,2,2.2596316800361542,10.163471763861038,122957.0,Q4 (highest),8851,58.535758671336566,22.799683651564795,5.762060784092193,13.77245508982036,13.7,27.1,13.4,0.1967831511188469,509666,Chicago,Has court,41.85647960419486,-87.62341722505033
17031380600,Census Tract 3806,Grand Boulevard,2,3.8197097020626436,6.174768206710263,35804.0,Q1 (lowest),5236,13.521772345301757,67.79984721161192,2.406417112299465,32.010021198689536,32.1,42.6,19.7,0.32389879798670884,838894,Chicago,Has court,41.82015101951258,-87.62293558264577
17031330102,Census Tract 3301.02,Near South Side,0,0.0,0.0,110464.0,Q4 (highest),10062,50.90439276485789,25.91930033790499,9.183064997018485,0.9441462929835023,11.7,23.0,12.7,0.15553276694718277,402828,Chicago,No court,41.86357211553256,-87.62398831496843
17031330101,Census Tract 3301.01,Museum Campus,0,0.0,0.0,181013.0,Q4 (highest),5060,58.85375494071147,4.229249011857707,6.304347826086956,5.988142292490119,13.2,23.1,11.1,0.7270076154792995,1882941,Chicago,No court,41.859305999289255,-87.61247105776127
17031460800,Census Tract 4608,South Chicago,1,2.134927412467976,3.7907773910548945,33048.0,Q1 (lowest),4684,10.375747224594365,57.792485055508116,40.96925704526046,40.02665482007997,47.0,47.6,23.2,0.26379813342764524,683234,Chicago,Has court,41.73560036387277,-87.55318417386525
17031210100,Census Tract 2101,Avondale,3,7.078810759792355,9.292914747577193,115705.0,Q4 (highest),4238,55.59226050023596,2.2180273714016043,42.18971212836243,6.052694042250177,17.5,27.5,14.3,0.32282659224675947,836117,Chicago,Has court,41.942868114642096,-87.7013309285354
17031210400,Census Tract 2104,Avondale,0,0.0,0.0,64665.0,Q2,2763,25.370973579442634,4.705030763662686,71.69743032935216,31.221889055472264,32.0,35.6,17.9,0.16276098576518502,421549,Chicago,No court,41.9357450224559,-87.73030573030141
17031230700,Census Tract 2307,Humboldt Park,0,0.0,0.0,33994.0,Q1 (lowest),6020,10.332225913621262,11.86046511627907,73.08970099667775,51.93772211880183,43.6,43.2,19.3,0.24984247031260376,647089,Chicago,No court,41.90632297290309,-87.72153968934849
17031230800,Census Tract 2308,Humboldt Park,0,0.0,0.0,71328.0,Q3,1082,55.45286506469501,1.6635859519408502,71.44177449168208,13.876040703052727,28.6,33.9,15.3,0.0789204428746388,204403,Chicago,No court,41.90583962225872,-87.7149530158603
17031230900,Census Tract 2309,Humboldt Park,0,0.0,0.0,80756.0,Q3,4850,42.18556701030928,7.958762886597938,57.25773195876289,17.718092858630023,24.3,32.4,16.0,0.17441200499770657,451725,Chicago,No court,41.90669181884312,-87.71035050011785
17031550200,Census Tract 5502,Hegewisch,0,0.0,0.0,72232.0,Q3,2720,51.24999999999999,1.5441176470588236,63.30882352941176,7.573529411764706,25.1,31.8,14.8,1.966780541068144,5093938,Chicago,No court,41.65338259702628,-87.56403152860793
17031670500,Census Tract 6705,Englewood,1,8.496176720475786,4.160663395952411,29856.0,Q1 (lowest),1177,6.966864910790145,57.34919286321155,36.023789294817334,51.57179269328802,42.9,46.5,21.0,0.24034628731870572,622494,Chicago,Has court,41.78657828083678,-87.67640438563643
17031580800,Census Tract 5808,Brighton Park,0,0.0,0.0,67679.0,Q2,1988,14.88933601609658,0.0,95.82494969818913,8.299798792756539,31.0,32.9,15.7,0.07077021206275859,183294,Chicago,No court,41.81021971389726,-87.68664360022214
17031220602,Census Tract 2206.02,Logan Square,0,0.0,0.0,71207.0,Q3,4414,58.72224739465337,7.2270049841413675,30.47122791119166,13.492063492063492,15.7,26.9,15.4,0.17515139066281388,453640,Chicago,No court,41.92939604864104,-87.7120859988095
17031230600,Census Tract 2306,Humboldt Park,1,1.2029351617947792,2.56209701192815,57220.0,Q2,8313,24.335378323108383,29.9771442319259,61.085047515938896,15.252182347235694,40.6,41.3,19.1,0.3903052832677217,1010886,Chicago,Has court,41.9061549343082,-87.73399855925337
17031242300,Census Tract 2423,Ukrainian Village,0,0.0,0.0,106919.0,Q4 (highest),3186,82.7683615819209,1.820464532328939,15.56811048336472,7.699711260827718,13.0,25.9,15.5,0.12676352168427035,328316,Chicago,No court,41.899506545420515,-87.67960033612401
17031242200,Census Tract 2422,East Village,1,2.4570024570024573,7.920791715853278,168311.0,Q4 (highest),4070,83.12039312039312,2.9975429975429972,11.228501228501228,4.766584766584766,10.8,24.0,14.7,0.12625000579153262,326986,Chicago,Has court,41.89958936752496,-87.67471876526042
17031032100,Census Tract 321,Uptown,0,0.0,0.0,71804.0,Q3,7122,53.55237292895254,17.031732659365346,21.55293456894131,14.661492022423458,17.3,28.3,16.0,0.16642084828192255,431028,Chicago,No court,41.95815388295838,-87.65301789121118
17031030601,Census Tract 306.01,Edgewater,0,0.0,0.0,51136.0,Q2,3768,43.046709129511676,26.2208067940552,7.218683651804671,17.502100252030246,21.9,29.8,14.6,0.05782652274836795,149770,Chicago,No court,41.98890765612937,-87.6549358843052
17031063303,Census Tract 633.03,Lake View,0,0.0,0.0,104813.0,Q4 (highest),1281,80.71818891491023,1.639344262295082,1.3270882123341141,10.094637223974763,16.2,21.6,9.6,0.09134829968324178,236591,Chicago,No court,41.93473115457627,-87.63466130938232
17031220901,Census Tract 2209.01,Logan Square,2,6.997900629811057,17.66173863233409,83681.0,Q3,2858,31.17564730580826,14.940517844646607,63.89083275017495,15.44943820224719,26.8,33.4,16.3,0.11323913469869358,293288,Chicago,Has court,41.91918162886307,-87.72124829472126
17031210602,Census Tract 2106.02,Avondale,0,0.0,0.0,93589.0,Q3,4233,47.365934325537445,4.5594141270966215,60.80793763288448,11.693834160170093,22.3,30.2,16.0,0.14725435021320563,381387,Chicago,No court,41.93416298466337,-87.71257199315879
17031220601,Census Tract 2206.01,Logan Square,0,0.0,0.0,130500.0,Q4 (highest),1684,61.282660332541575,5.403800475059382,28.38479809976247,2.019002375296912,12.8,24.8,13.5,0.07302002943642982,189121,Chicago,No court,41.925825208963694,-87.71288365533428
17031040401,Census Tract 404.01,Lincoln Square,0,0.0,0.0,103750.0,Q4 (highest),3364,70.6896551724138,2.5564803804994054,25.891795481569563,5.666567253206084,14.9,26.4,14.1,0.14895667470273993,385796,Chicago,No court,41.97206673735019,-87.68608162783082
17031252202,Census Tract 2522.02,Austin,1,2.052545155993432,4.063070440476527,45839.0,Q1 (lowest),4872,0.6157635467980296,97.14696223316913,1.0057471264367817,29.884583676834296,35.3,44.9,20.2,0.24611928703916774,637446,Chicago,Has court,41.8767584443406,-87.7445832414308
17031252102,Census Tract 2521.02,Austin,0,0.0,0.0,51992.0,Q2,6123,0.0,85.18699983668137,8.835538134901192,16.15221296749959,36.6,45.4,20.6,0.25898228099898535,670761,Chicago,No court,41.876599010436244,-87.75982756991897
17031832400,Census Tract 8324,Logan Square,0,0.0,0.0,128000.0,Q4 (highest),3640,67.1978021978022,6.071428571428571,28.15934065934066,4.8591938155715075,12.9,25.1,14.7,0.12473069373294393,323051,Chicago,No court,41.9157411008667,-87.69225648429946
17031832900,Census Tract 8329,"Little Italy, UIC",0,0.0,0.0,80951.0,Q3,2054,50.34079844206426,6.2317429406037,7.400194741966894,31.7429406037001,19.3,23.6,15.8,0.15621076236646655,404584,Chicago,No court,41.87417505967809,-87.66193484552119
17031840300,Census Tract 8403,Mckinley Park,1,2.690341673392521,3.1165286282758298,74722.0,Q3,3717,26.741996233521657,3.5781544256120528,51.439332795265,14.608555286521389,31.9,29.8,14.8,0.3208698264239062,831049,Chicago,Has court,41.832097139451776,-87.68188109222346
17031190701,Census Tract 1907.01,Belmont Cragin,0,0.0,0.0,67868.0,Q2,2661,32.99511461856445,2.029312288613303,71.66478767380684,6.614054866591506,27.6,32.9,15.0,0.10728543916033588,277868,Chicago,No court,41.929795910307014,-87.76142166252468
17031600700,Census Tract 6007,Bridgeport,0,0.0,0.0,68237.0,Q2,3091,28.01682303461663,1.552895503073439,15.949530896150113,16.721097322011758,29.1,26.3,15.2,0.17268458386679783,447251,Chicago,No court,41.84083140580563,-87.66074501263894
17031600900,Census Tract 6009,Bridgeport,2,5.246589716684156,13.54876138114307,62049.0,Q2,3812,29.118572927597064,6.9517313746065055,26.442812172088143,16.583573865127264,28.9,29.3,16.8,0.14761496964464701,382321,Chicago,Has court,41.83651292219009,-87.65314280651633
17031838600,Census Tract 8386,North Lawndale,0,0.0,0.0,14701.0,Q1 (lowest),1620,7.160493827160494,79.69135802469137,10.864197530864198,35.955831608005525,37.0,44.5,21.9,0.09507804669365263,246251,Chicago,No court,41.86782326682578,-87.70082362410216
17031839600,Census Tract 8396,Douglas,1,4.796163069544365,7.919169064341253,68880.0,Q2,2085,9.160671462829736,86.42685851318946,5.13189448441247,21.778846153846153,30.8,40.3,16.2,0.126275874637257,327053,Chicago,Has court,41.827442891998004,-87.6192486271976
17031834900,Census Tract 8349,Englewood,3,26.737967914438503,11.896249525372658,20086.0,Q1 (lowest),1122,0.53475935828877,95.18716577540107,0.17825311942959002,36.096256684491976,40.1,45.5,21.3,0.2521803189821729,653144,Chicago,Has court,41.7722988906087,-87.65673611591552
17031030603,Census Tract 306.03,Edgewater,0,0.0,0.0,54415.0,Q2,2163,55.20110957004161,26.16736014794267,12.482662968099861,12.944983818770226,17.3,28.4,15.9,0.04478785229892957,116000,Chicago,No court,41.98547624568191,-87.65839788835892
17031040100,Census Tract 401,Lincoln Square,0,0.0,0.0,94318.0,Q3,3899,66.6068222621185,12.259553731726083,17.568607335214157,5.172413793103448,15.2,26.9,13.4,0.761589628986698,1972508,Chicago,No court,41.983330657423735,-87.68199336836305
17031040300,Census Tract 403,Lincoln Square,1,3.327787021630616,3.4415518148622573,79896.0,Q3,3005,48.818635607321134,3.2945091514143092,20.998336106489184,14.57044673539519,22.9,27.6,13.6,0.2905665972197555,752564,Chicago,Has court,41.97680136808408,-87.7019748520212
17031061000,Census Tract 610,Lake View,1,4.5024763619991,14.98696879918526,116500.0,Q4 (highest),2221,73.39036470058532,1.6208914903196758,8.374606033318326,12.246735704637551,11.8,23.8,16.0,0.06672463347320529,172816,Chicago,Has court,41.949220564806005,-87.65197028062649
17031210700,Census Tract 2107,Avondale,0,0.0,0.0,100151.0,Q4 (highest),3670,57.247956403269754,1.2534059945504086,51.089918256130794,6.185286103542234,16.9,27.2,14.5,0.19201015603161095,497304,Chicago,No court,41.93570290885092,-87.70384008428003
17031291600,Census Tract 2916,North Lawndale,0,0.0,0.0,125050.0,Q4 (highest),1482,19.973009446693656,4.790823211875844,74.02159244264507,19.958988380041013,28.0,34.4,17.0,0.08507375323746674,220340,Chicago,No court,41.85764149965414,-87.69221584334237
17031400400,Census Tract 4004,Washington Park,0,0.0,0.0,40029.0,Q1 (lowest),1962,2.650356778797146,90.62181447502549,1.8858307849133535,35.12544802867383,31.3,43.6,20.7,0.12623378950018302,326944,Chicago,No court,41.79112620081165,-87.61832105487284
17031191100,Census Tract 1911,Belmont Cragin,1,1.5885623510722797,3.1491781093414297,53683.0,Q2,6295,27.037331215250198,3.7648927720413026,85.5123113582208,33.41311632359981,38.2,38.5,17.9,0.3175431700841857,822433,Chicago,Has court,41.919629342283635,-87.75097635157915
17031120100,Census Tract 1201,"Sauganash,Forest Glen",5,12.183235867446394,4.641979822528582,157543.0,Q4 (highest),4104,83.4307992202729,0.29239766081871343,9.332358674463938,2.4378231962570793,14.5,25.4,12.1,1.0771266121696317,2789745,Chicago,Has court,42.001982200550216,-87.77500735427233
17031300800,Census Tract 3008,Little Village,0,0.0,0.0,31161.0,Q1 (lowest),4177,39.19080679913814,0.0,93.75149628920278,45.726598036868566,46.5,42.4,19.1,0.12580984931204314,325846,Chicago,No court,41.84811086323606,-87.70758180472795
17031060900,Census Tract 609,Lake View,2,2.7620494406849883,10.379340608256223,86987.0,Q3,7241,79.65750586935506,3.5768540256870596,12.014915066979698,7.802789669935092,12.0,24.1,13.0,0.1926904680639447,499066,Chicago,Has court,41.9506903738558,-87.64047124084989
17031310600,Census Tract 3106,Lower West Side,3,5.841121495327103,14.301661540500394,75604.0,Q3,5136,33.625389408099686,4.439252336448598,56.464174454828665,11.351246105919003,23.9,30.8,15.6,0.2097658367529116,543291,Chicago,Has court,41.85633306430807,-87.65956370300141
17031310700,Census Tract 3107,Lower West Side,0,0.0,0.0,72684.0,Q3,1448,29.35082872928177,3.867403314917127,63.74309392265194,17.196132596685082,27.2,33.4,16.1,0.061790247676823215,160036,Chicago,No court,41.85599034050741,-87.66490611817082
17031310800,Census Tract 3108,Lower West Side,0,0.0,0.0,72059.0,Q3,4294,38.49557522123894,0.5822077317186772,73.26502095947835,19.981369352585002,26.0,31.3,16.1,0.12848785399777915,332782,Chicago,No court,41.855933721307615,-87.66857374611118
17031020602,Census Tract 206.02,West Ridge,0,0.0,0.0,87804.0,Q3,5175,39.43961352657005,8.85024154589372,27.516908212560388,14.59783449342614,21.5,25.8,13.4,0.18997269485418466,492027,Chicago,No court,42.001315618722785,-87.69363728155903
17031310900,Census Tract 3109,Lower West Side,3,5.9171597633136095,16.02358385508179,76758.0,Q3,5070,37.061143984220905,5.996055226824457,79.78303747534517,25.877712031558186,30.1,34.5,16.7,0.18722403347042535,484908,Chicago,Has court,41.85577165360454,-87.67467409535566
17031510100,Census Tract 5101,South Deering,0,0.0,0.0,71276.0,Q3,3659,37.277944793659465,10.713309647444657,80.04919376878928,18.684645019262522,31.9,35.1,15.5,0.8292107917102318,2147646,Chicago,No court,41.713102870536055,-87.54989037857099
17031510200,Census Tract 5102,South Deering,1,3.1867431485022304,2.026680313565675,48917.0,Q2,3138,15.296367112810708,67.49521988527725,24.219247928616955,20.395156150414277,34.2,41.8,17.5,0.4934177301207573,1277946,Chicago,Has court,41.714265432947386,-87.56004956750648
17031561100,Census Tract 5611,Garfield Ridge,2,3.466204506065858,3.918308190739285,107857.0,Q4 (highest),5770,56.499133448873486,2.045060658578856,53.552859618717505,1.4038128249566724,21.4,29.0,13.9,0.5104243726225759,1321993,Chicago,Has court,41.78886975988777,-87.77190984680213
17031240200,Census Tract 2402,Wicker Park,0,0.0,0.0,172019.0,Q4 (highest),1914,65.20376175548589,3.761755485893417,22.988505747126435,7.0669500531349625,14.1,25.1,14.3,0.06412693803986737,166088,Chicago,No court,41.9124416730476,-87.67018161625874
17031611800,Census Tract 6118,New City,0,0.0,0.0,50250.0,Q2,1396,22.349570200573066,29.369627507163326,68.83954154727793,7.593123209169055,33.8,39.0,18.7,0.12656776788155003,327809,Chicago,No court,41.79764778873271,-87.6671137779296
17031050100,Census Tract 501,North Center,0,0.0,0.0,114063.0,Q4 (highest),2277,83.44312692138779,2.3276240667545016,9.486166007905137,3.60122968818621,12.7,25.9,14.5,0.12920291522586205,334634,Chicago,No court,41.957845127543536,-87.67637298529931
17031610800,Census Tract 6108,New City,0,0.0,0.0,125250.0,Q4 (highest),1572,62.27735368956743,0.0,25.318066157760814,10.031948881789138,22.0,29.1,16.4,0.12837781487790678,332497,Chicago,No court,41.812712007011505,-87.6384045714684
17031611300,Census Tract 6113,New City,0,0.0,0.0,48351.0,Q2,3567,14.942528735632186,10.204653770675638,86.68348752453042,20.82982898794505,38.2,38.3,17.5,0.12626660818505722,327029,Chicago,No court,41.80493627476779,-87.66730385787689
17031611400,Census Tract 6114,New City,1,2.538715410002539,7.92969178155588,32056.0,Q1 (lowest),3939,4.493526275704494,0.02538715410002539,98.80680375729881,49.581111957349584,49.9,45.6,20.6,0.12610830629331102,326619,Chicago,Has court,41.80489295100371,-87.67216606768893
17031611500,Census Tract 6115,New City,0,0.0,0.0,42353.0,Q1 (lowest),3565,23.14165497896213,7.6016830294530155,86.73211781206172,21.525724423418097,43.7,40.3,18.1,0.1959205988599175,507432,Chicago,No court,41.80538195202902,-87.67873106836133
17031611900,Census Tract 6119,New City,3,17.554125219426567,12.688120630783777,39375.0,Q1 (lowest),1709,24.80983031012288,53.01345816266823,46.98654183733177,28.788765359859568,41.8,45.6,21.7,0.23644163602302404,612381,Chicago,Has court,41.797743083280515,-87.65982263907897
17031681200,Census Tract 6812,Englewood,0,0.0,0.0,23250.0,Q1 (lowest),2009,4.3305126928820314,87.4066699850672,0.0,45.57721139430285,42.2,48.8,23.1,0.3068481398369413,794733,Chicago,No court,41.76918931180492,-87.638497580659
17031672000,Census Tract 6720,Englewood,1,3.2679738562091503,2.6027623576513528,45192.0,Q1 (lowest),3060,1.6339869281045754,77.97385620915033,19.640522875816995,21.016393442622952,37.0,42.9,19.5,0.3842071855159174,995092,Chicago,Has court,41.7611983245043,-87.67112812678796
17031710900,Census Tract 7109,Auburn Gresham,1,4.743833017077799,2.6136467302017867,48867.0,Q2,2108,1.1385199240986716,96.20493358633776,9.535104364326376,35.199240986717264,31.3,43.3,19.2,0.3826071781027557,990948,Chicago,Has court,41.74214629911677,-87.6396894817038
17031711000,Census Tract 7110,Auburn Gresham,1,2.8960324355632783,3.958059655417982,55197.0,Q2,3453,2.2589052997393573,90.87749782797567,5.936866492904721,20.677671589921808,36.0,44.0,19.4,0.2526490470226117,654358,Chicago,Has court,41.739643657245445,-87.64858106720008
17031282700,Census Tract 2827,"Little Italy, UIC",0,0.0,0.0,88646.0,Q3,2221,29.085997298514183,38.63124718595227,22.917604682575416,13.300045392646393,18.4,29.5,15.8,0.16961352716692124,439297,Chicago,No court,41.871366868861806,-87.68868122492769
17031282800,Census Tract 2828,"Little Italy, UIC",0,0.0,0.0,85000.0,Q3,1669,30.617136009586577,10.60515278609946,45.17675254643499,13.84062312762133,21.9,28.6,16.6,0.06347674197718291,164404,Chicago,No court,41.870268395305516,-87.68491363569868
17031400300,Census Tract 4003,Washington Park,7,54.221533694810226,13.084986406130124,71288.0,Q3,1291,3.8729666924864445,90.39504260263361,1.2393493415956625,16.653696498054472,26.3,40.8,18.6,0.5349642546606393,1385551,Chicago,Has court,41.79310422490885,-87.6131830257534
17031400500,Census Tract 4005,Washington Park,1,3.4542314335060453,7.941118936437027,24659.0,Q1 (lowest),2895,1.5198618307426597,97.34024179620035,1.9689119170984457,43.523316062176164,35.3,46.5,21.7,0.12592683827106535,326149,Chicago,Has court,41.79104146933947,-87.62317914622955
17031400800,Census Tract 4008,Washington Park,0,0.0,0.0,22648.0,Q1 (lowest),3384,0.0,97.01536643026006,2.186761229314421,71.45390070921985,46.2,52.8,25.6,0.19047076665992274,493317,Chicago,No court,41.782863300673334,-87.62055800627418
17031410500,Census Tract 4105,Hyde Park,0,0.0,0.0,73041.0,Q3,3267,23.47719620446893,52.372206917661465,5.142332415059688,29.129222187790514,20.8,31.3,17.1,0.10154911914649797,263011,Chicago,No court,41.797830877089815,-87.60374228499694
17031410600,Census Tract 4106,Hyde Park,0,0.0,0.0,48071.0,Q2,2378,40.62237174095879,24.85281749369218,9.461732548359967,34.284377923292794,21.0,28.6,17.1,0.09739234313054733,252245,Chicago,No court,41.79796875621742,-87.59894215267491
17031460100,Census Tract 4601,South Chicago,0,0.0,0.0,48207.0,Q2,2405,10.47817047817048,71.22661122661123,18.461538461538463,21.76188399476668,31.6,42.1,18.1,1.1444280822922732,2964055,Chicago,No court,41.746146989963336,-87.53572874177263
17031020901,Census Tract 209.01,West Ridge,1,1.5857913098636218,5.335538974335733,52378.0,Q2,6306,28.750396447827463,24.78591817316841,26.03869330796067,25.59467174119886,30.4,32.1,17.0,0.1874224899883706,485422,Chicago,Has court,41.9942267725442,-87.68607836963903
17031691300,Census Tract 6913,Grand Crossing,1,4.056795131845842,4.000308905593817,55203.0,Q2,2465,0.0,95.57809330628804,0.0,24.746450304259636,30.5,42.6,16.7,0.24998069489125047,647447,Chicago,Has court,41.75468109473708,-87.61984715195781
17031010202,Census Tract 102.02,Rogers Park,0,0.0,0.0,55119.0,Q2,2609,37.83058643158298,36.37408968953622,16.21310847067842,22.9020979020979,23.8,33.9,15.5,0.13561954727203368,351253,Chicago,No court,42.016047611755155,-87.67332566371044
17031570100,Census Tract 5701,Archer Heights,0,0.0,0.0,73462.0,Q3,1358,21.354933726067745,0.0,69.58762886597938,23.5640648011782,33.5,34.1,16.0,0.5883208725291391,1523744,Chicago,No court,41.81620063958159,-87.71891318671622
17031570200,Census Tract 5702,Archer Heights,0,0.0,0.0,,nan,2082,28.194044188280497,0.0,76.89721421709893,5.187319884726225,27.7,30.1,14.3,0.6810406071379481,1763887,Chicago,No court,41.81438005827141,-87.73071820767962
17031570300,Census Tract 5703,Archer Heights,1,1.649892756970797,2.6423946123466715,60139.0,Q2,6061,28.04817686850355,0.01649892756970797,86.80085794423363,8.085671592229787,30.0,32.9,15.6,0.37844461055418016,980167,Chicago,Has court,41.8041448520412,-87.73079090816522
17031570400,Census Tract 5704,Archer Heights,2,11.210762331838565,11.178437169554803,72263.0,Q3,1784,42.2085201793722,0.5605381165919282,82.7914798206278,10.039259674705553,32.3,32.8,16.4,0.17891588686897392,463390,Chicago,Has court,41.80499209937769,-87.71913039075491
17031570500,Census Tract 5705,Archer Heights,0,0.0,0.0,74899.0,Q3,2736,36.07456140350877,5.1535087719298245,77.85087719298247,5.971810089020772,29.1,31.5,15.7,0.16355210912174112,423598,Chicago,No court,41.798601489025415,-87.73245521544627
17031690400,Census Tract 6904,Grand Crossing,0,0.0,0.0,46313.0,Q1 (lowest),3217,0.0,96.92259869443582,0.0,15.957446808510639,30.3,41.4,18.8,0.251381473582117,651075,Chicago,No court,41.76925900891923,-87.62020386941192
17031691400,Census Tract 6914,Grand Crossing,0,0.0,0.0,35495.0,Q1 (lowest),2793,0.03580379520229145,92.69602577873255,3.866809881847476,28.15186246418338,37.1,47.1,20.3,0.2535471206816402,656684,Chicago,No court,41.75484549030819,-87.61016852133871
17031691500,Census Tract 6915,Grand Crossing,1,5.574136008918617,3.839738362870299,24101.0,Q1 (lowest),1794,4.069119286510591,95.20624303232998,4.9052396878483835,45.20624303232999,40.2,48.9,21.3,0.26043441127912564,674522,Chicago,Has court,41.75505281750009,-87.6002665897047
17031150501,Census Tract 1505.01,Portage Park,0,0.0,0.0,126806.0,Q4 (highest),3914,64.76750127746551,0.2810424118548799,19.545222278998466,4.701073071027082,17.9,26.3,12.8,0.2698051110661517,698792,Chicago,No court,41.964476262608265,-87.78196386850112
17031150401,Census Tract 1504.01,Portage Park,0,0.0,0.0,93616.0,Q3,4974,63.007639726578205,1.1258544431041415,28.52834740651387,11.43948532368315,22.7,29.3,15.0,0.28495189939103965,738022,Chicago,No court,41.964567656425324,-87.77226481413318
17031150502,Census Tract 1505.02,Portage Park,0,0.0,0.0,69869.0,Q3,3943,53.15749429368501,0.12680699974638598,41.21227491757545,6.492518387014963,22.3,29.2,14.9,0.2643189852617078,684583,Chicago,No court,41.95677846361506,-87.78184136033425
17031110502,Census Tract 1105.02,Jefferson Park,0,0.0,0.0,80762.0,Q3,3443,69.82282892826024,0.9875108916642463,18.385129247749056,6.82544292767935,19.7,27.2,14.2,0.2507073391845831,649329,Chicago,No court,41.970286504129085,-87.75985231944274
17031150402,Census Tract 1504.02,Portage Park,0,0.0,0.0,102094.0,Q4 (highest),3907,55.33657537752752,3.5321218326081394,43.74200153570514,9.572562068082927,23.5,30.6,15.2,0.2557957797487865,662508,Chicago,No court,41.95679796554898,-87.77204361339044
17031140302,Census Tract 1403.02,Albany Park,1,2.942907592701589,6.2451485339506165,75806.0,Q3,3398,38.66980576809888,6.2978222483814,40.05297233666863,11.342216444588885,26.1,28.0,14.6,0.16012429401217304,414720,Chicago,Has court,41.9724937891552,-87.72375609513992
17031140301,Census Tract 1403.01,Albany Park,0,0.0,0.0,71648.0,Q3,2960,14.72972972972973,3.9527027027027026,60.54054054054055,25.178389398572886,37.0,32.3,18.2,0.06337056387906044,164129,Chicago,No court,41.96920551707815,-87.7231695039366
17031700302,Census Tract 7003.02,Ashburn,0,0.0,0.0,86000.0,Q3,5626,53.89264130821188,14.57518663348738,63.41983647351582,17.063633131887666,28.6,33.8,15.9,0.5095193491243974,1319649,Chicago,No court,41.73836512143637,-87.7313064229641
17031580501,Census Tract 5805.01,Brighton Park,1,2.1877050973528767,5.26295169644617,52757.0,Q2,4571,27.608838328593304,1.2688689564646685,80.1575147670094,9.56618464961068,31.0,32.1,15.4,0.19000744404993383,492117,Chicago,Has court,41.81998598473183,-87.6994961597908
17031580502,Census Tract 5805.02,Brighton Park,0,0.0,0.0,59803.0,Q2,5113,8.233913553686682,0.35204380989634265,88.53901818893017,28.456874633287697,36.1,35.4,16.6,0.1908950929502376,494416,Chicago,No court,41.8145617095003,-87.69931021606457
17031730201,Census Tract 7302.01,Washington Heights,3,5.644402634054563,7.779049930318613,61432.0,Q2,5315,3.6688617121354654,93.84760112888053,3.1796801505174033,12.535721089731378,28.3,40.1,17.0,0.3856512076503829,998832,Chicago,Has court,41.72686262076465,-87.65790155546897
17031301802,Census Tract 3018.02,Little Village,0,0.0,0.0,25513.0,Q1 (lowest),2491,23.845845042151748,0.04014452027298274,97.75190686471296,26.053793657165798,39.1,38.7,17.1,0.1332094974957413,345011,Chicago,No court,41.84518462855274,-87.72775914978695
17031440101,Census Tract 4401.01,Chatham,0,0.0,0.0,28326.0,Q1 (lowest),3987,0.15048908954100826,95.20943064961124,0.7775269626285428,36.0,39.7,48.3,23.0,0.14556360878892102,377008,Chicago,No court,41.74862709756806,-87.60145118583598
17031301701,Census Tract 3017.01,Little Village,0,0.0,0.0,56460.0,Q2,4167,32.73338132949364,0.0,87.54499640028797,14.974802015838733,35.5,35.8,16.0,0.1277121747282227,330773,Chicago,No court,41.84248052924663,-87.71962538618997
17031271500,Census Tract 2715,Garfield Park,0,0.0,0.0,50926.0,Q2,1515,2.706270627062706,91.94719471947195,7.590759075907591,23.63036303630363,31.4,42.1,18.9,0.06286554223417251,162821,Chicago,No court,41.87178613894252,-87.71315591911576
17031292200,Census Tract 2922,North Lawndale,0,0.0,0.0,37028.0,Q1 (lowest),2488,1.607717041800643,81.39067524115757,8.561093247588424,18.086816720257236,34.9,44.4,21.2,0.15218603329436275,394160,Chicago,No court,41.85666651045234,-87.71573052464402
17031292400,Census Tract 2924,North Lawndale,0,0.0,0.0,40152.0,Q1 (lowest),1787,18.858421936205932,80.35814213766088,1.510912143256855,41.52210408505876,35.1,44.7,20.9,0.12766777297809875,330658,Chicago,No court,41.85523976940694,-87.72239916751506
17031292500,Census Tract 2925,North Lawndale,1,2.8985507246376816,2.6361227848577964,54968.0,Q2,3450,6.347826086956522,71.47826086956522,24.492753623188406,20.63768115942029,32.2,41.7,18.4,0.37934500082625866,982499,Chicago,Has court,41.85516132967272,-87.73224282893236
17031691200,Census Tract 6912,Grand Crossing,1,4.952947003467063,2.58206622083448,34444.0,Q1 (lowest),2019,0.6438831104507181,97.82070331847449,0.5943536404160475,36.30510153541357,35.3,46.1,20.0,0.38728673646364387,1003068,Chicago,Has court,41.75443890903864,-87.63218057678037
17031691100,Census Tract 6911,Grand Crossing,1,3.147623544224111,3.832800339774145,55170.0,Q2,3177,0.06295247088448222,99.71671388101983,0.06295247088448222,20.537974683544306,32.3,42.5,19.4,0.26090584203478934,675743,Chicago,Has court,41.761713509988596,-87.62987205742742
17031730100,Census Tract 7301,Washington Heights,2,8.19336337566571,7.88487421436302,57200.0,Q2,2441,2.376075378943056,95.08398197460058,0.0,24.293322408848834,30.4,41.2,17.0,0.25365020996236276,656951,Chicago,Has court,41.72519523695588,-87.63842557275544
17031730300,Census Tract 7303,Washington Heights,0,0.0,0.0,45278.0,Q1 (lowest),946,0.0,98.62579281183932,0.0,15.567567567567567,33.1,44.1,18.0,0.1148155898791809,297371,Chicago,No court,41.72746940402383,-87.66456671690257
17031730400,Census Tract 7304,Washington Heights,1,2.553626149131767,2.015234935465498,88365.0,Q3,3916,2.0684371807967317,96.98672114402451,1.2768130745658837,13.80721043211455,29.1,39.0,15.9,0.49622005970684036,1285204,Chicago,Has court,41.71784069933061,-87.65264796146488
17031190601,Census Tract 1906.01,Belmont Cragin,0,0.0,0.0,73607.0,Q3,4062,17.823732151649434,3.225012309207287,90.64500246184146,4.27900074202325,30.6,33.0,15.9,0.2664236282175825,690034,Chicago,No court,41.927414617961375,-87.78046060766414
17031191301,Census Tract 1913.01,Belmont Cragin,0,0.0,0.0,65240.0,Q2,4999,18.02360472094419,5.061012202440488,82.95659131826365,12.622524504900982,33.4,35.5,16.5,0.26061703760789623,674995,Chicago,No court,41.92015218092197,-87.78026544916037
17031200402,Census Tract 2004.02,Hermosa,0,0.0,0.0,77091.0,Q3,4894,31.63056804250102,1.7776869636289334,79.07642010625256,9.624029423784226,31.3,33.8,15.8,0.14911459049231116,386205,Chicago,No court,41.91963483149526,-87.72967896483499
17031200401,Census Tract 2004.01,Hermosa,1,3.260515161395501,6.429720839591376,73384.0,Q3,3067,24.388653407238344,6.292794261493316,88.81643299641343,14.957264957264957,32.6,35.5,16.2,0.1555277476189079,402815,Chicago,Has court,41.91982848514917,-87.73754189740521
17031220902,Census Tract 2209.02,Logan Square,0,0.0,0.0,78304.0,Q3,3154,38.205453392517434,3.6778693722257447,66.42358909321496,15.0285351934052,26.8,33.8,16.5,0.127531092808152,330304,Chicago,No court,41.922711188935565,-87.72183572975253
17031210501,Census Tract 2105.01,Avondale,0,0.0,0.0,74886.0,Q3,2814,54.83297796730633,2.4520255863539444,53.09168443496801,28.073916133617626,25.9,33.2,17.7,0.12087932453741099,313076,Chicago,No court,41.93740129202504,-87.72233013678617
17031160601,Census Tract 1606.01,Irving Park,0,0.0,0.0,74310.0,Q3,3008,58.51063829787234,2.0279255319148937,26.761968085106385,3.4574468085106385,17.2,28.1,13.8,0.126653096462223,328030,Chicago,No court,41.959397988057965,-87.70329357642916
17031061901,Census Tract 619.01,Lake View,0,0.0,0.0,67063.0,Q2,3489,72.39896818572656,8.770421324161651,12.35310977357409,21.582115219260533,13.7,25.5,14.9,0.06189410916189573,160305,Chicago,No court,41.943230559524466,-87.64346790997867
17031840800,Census Tract 8408,Little Village,0,0.0,0.0,47572.0,Q1 (lowest),3271,17.24243350657291,0.09171507184347294,98.80770406603486,23.35677162947111,40.1,39.1,17.9,0.126903676773792,328679,Chicago,No court,41.840833004293756,-87.70737099118386
17031030703,Census Tract 307.03,Edgewater,0,0.0,0.0,68861.0,Q2,3081,53.03472898409607,16.098669263226224,18.857513794222655,19.831223628691983,20.6,29.1,14.4,0.07656020027892022,198290,Chicago,No court,41.97887487981332,-87.65787077928279
17031081403,Census Tract 814.03,Streeterville,0,0.0,0.0,117550.0,Q4 (highest),9407,52.025087700648456,10.268948655256724,3.9970234931434043,10.77920697353035,12.2,23.0,13.1,0.1279114034505179,331289,Chicago,No court,41.89214244966706,-87.60985411841062
17031030702,Census Tract 307.02,Edgewater,0,0.0,0.0,60133.0,Q2,2201,50.52248977737393,5.17946388005452,19.26397092230804,15.856428895956384,18.0,25.8,11.2,0.008555251993445529,22158,Chicago,No court,41.98081482145483,-87.65452860256313
17031440102,Census Tract 4401.02,Chatham,0,0.0,0.0,36650.0,Q1 (lowest),3251,0.9535527529990772,99.04644724700093,0.9535527529990772,34.35865887419256,34.3,45.3,19.6,0.24228143141975947,627506,Chicago,No court,41.74093569006951,-87.60116366358919
17031440202,Census Tract 4402.02,Chatham,1,4.142502071251036,3.313284670038813,35079.0,Q1 (lowest),2414,0.6213753106876554,95.44324772162386,1.0770505385252693,20.28380634390651,27.8,40.0,14.8,0.3018152979859366,781698,Chicago,Has court,41.74095993202832,-87.60976203615895
17031830500,Census Tract 8305,Little Village,3,8.101539292465569,2.029874032278543,65795.0,Q2,3703,16.041047799081827,0.8911693221712126,98.56872805833108,10.559006211180124,34.3,35.2,15.9,1.4779242220427276,3827806,Chicago,Has court,41.830065438069425,-87.72395087510367
17031840100,Census Tract 8401,Bridgeport,0,0.0,0.0,66981.0,Q2,2810,26.761565836298935,3.345195729537367,12.740213523131672,17.259786476868328,29.2,22.4,14.3,0.12855503577622754,332956,Chicago,No court,41.841830907910456,-87.63920301190785
17031840400,Census Tract 8404,Mckinley Park,0,0.0,0.0,77768.0,Q3,3690,22.926829268292686,2.3577235772357725,44.06504065040651,9.94579945799458,29.2,26.3,13.7,0.3774291618339544,977537,Chicago,No court,41.83382653486198,-87.66752597645377
17031839200,Census Tract 8392,Douglas,4,17.167381974248926,15.917670232282292,39133.0,Q1 (lowest),2330,14.592274678111588,64.29184549356222,4.120171673819742,23.519313304721027,27.7,35.3,14.9,0.2512930561840441,650846,Chicago,Has court,41.84201087015634,-87.62203623461583
17031835500,Census Tract 8355,Fuller Park,3,18.714909544603866,8.50092449349791,20669.0,Q1 (lowest),1603,3.9925140361821585,76.66874610106052,12.601372426699939,49.40736119775421,44.6,49.8,19.7,0.35290279337201563,914014,Chicago,Has court,41.81635429969574,-87.63253951148765
17031450300,Census Tract 4503,Avalon Park,0,0.0,0.0,46207.0,Q1 (lowest),3217,0.777121541809139,93.96953683556109,0.9636307118433323,14.454460677649985,30.7,40.7,16.6,0.5277132558143126,1366771,Chicago,No court,41.74194387568329,-87.57908940384544
17031460200,Census Tract 4602,South Chicago,1,4.659832246039143,4.314618795832625,29246.0,Q1 (lowest),2146,10.857409133271203,38.95619757688723,57.5955265610438,36.22377622377622,39.0,42.3,19.3,0.2317701858078107,600282,Chicago,Has court,41.74138721191276,-87.54701006752622
17031242700,Census Tract 2427,Humboldt Park,0,0.0,0.0,80227.0,Q3,1918,55.31803962460897,14.389989572471324,35.870698644421275,18.561001042752867,21.6,32.6,16.2,0.06778873106747985,175572,Chicago,No court,41.89742540167593,-87.69937423526025
17031140702,Census Tract 1407.02,Albany Park,0,0.0,0.0,78789.0,Q3,5318,37.965400526513726,1.4291086874764949,64.70477623166605,11.274787535410765,25.3,31.3,15.6,0.16490230842768383,427095,Chicago,No court,41.96354820996093,-87.71357531282777
17031140602,Census Tract 1406.02,Albany Park,1,2.2461814914645104,6.738092512617722,67321.0,Q2,4452,31.60377358490566,7.794249775381851,60.062893081761004,24.380165289256198,28.4,34.1,16.4,0.148409954022953,384380,Chicago,Has court,41.96465209633138,-87.72101658194882
17031140701,Census Tract 1407.01,Albany Park,0,0.0,0.0,107790.0,Q4 (highest),2846,33.80182712579058,4.075895994378074,44.975404075895995,6.781447645818693,25.3,29.2,15.6,0.08815793741129302,228328,Chicago,No court,41.96703747902466,-87.71265244888542
17031160502,Census Tract 1605.02,Irving Park,0,0.0,0.0,85500.0,Q3,3911,49.19457939145999,6.929174124264893,52.1094349271286,10.125287650217336,24.8,31.0,15.4,0.12003414687635619,310887,Chicago,No court,41.95558410190804,-87.71308765177974
17031160602,Census Tract 1606.02,Irving Park,2,5.3604931653712145,9.076196600440495,96324.0,Q3,3731,55.96354864647548,1.5009380863039399,38.11310640578933,13.079603323505761,20.4,29.3,14.6,0.2203566194129085,570721,Chicago,Has court,41.95657185293686,-87.70017370851393
17031151002,Census Tract 1510.02,Portage Park,0,0.0,0.0,78851.0,Q3,4712,30.92105263157895,1.0186757215619695,70.24617996604414,12.181663837011884,27.1,32.7,15.7,0.24600538689754547,637151,Chicago,No court,41.942491774888566,-87.74715538394562
17031151001,Census Tract 1510.01,Portage Park,0,0.0,0.0,91992.0,Q3,2642,42.99772899318698,0.0,68.43300529901589,12.206391990758569,26.4,32.1,15.3,0.12746584154057858,330135,Chicago,No court,41.94238266332585,-87.75435269944403
17031190402,Census Tract 1904.02,Belmont Cragin,0,0.0,0.0,60316.0,Q2,4706,37.67530811729707,0.254993625159371,65.40586485337867,15.108372290692731,31.3,33.4,16.1,0.2525031004004652,653980,Chicago,No court,41.93485963725666,-87.77123177067442
17031431301,Census Tract 4313.01,South Shore,0,0.0,0.0,36496.0,Q1 (lowest),3711,3.530045809754783,95.20344920506602,1.9671247642144976,32.87523578550256,41.1,49.8,24.1,0.15599493125064673,404025,Chicago,No court,41.75353016621479,-87.56018712379176
17031431302,Census Tract 4313.02,South Shore,0,0.0,0.0,31981.0,Q1 (lowest),3783,8.828971715569654,82.89717155696538,13.402061855670103,56.27808617499339,37.5,48.9,23.0,0.16888842728228856,437419,Chicago,No court,41.75838548999829,-87.56278598064895
17031460302,Census Tract 4603.02,South Chicago,1,2.620545073375262,3.991769826395739,44306.0,Q1 (lowest),3816,14.675052410901468,75.4979035639413,7.416142557651992,22.683959767072526,31.3,42.5,19.1,0.2505154464036127,648832,Chicago,Has court,41.74708408893362,-87.55738790063553
17031460301,Census Tract 4603.01,South Chicago,0,0.0,0.0,41296.0,Q1 (lowest),2976,6.418010752688172,58.4005376344086,37.76881720430107,31.205432937181666,37.1,42.4,19.5,0.18749584940161884,485612,Chicago,No court,41.7400263550122,-87.55636732167167
17031700501,Census Tract 7005.01,Ashburn,0,0.0,0.0,64739.0,Q2,6386,2.8030065768869403,91.59098026933918,2.0670216097713747,27.283180026281208,33.3,43.0,17.2,0.6449219069740864,1670340,Chicago,No court,41.74621313942946,-87.69034229749482
17031700502,Census Tract 7005.02,Ashburn,1,2.905287623474724,1.503212187799084,97624.0,Q4 (highest),3442,10.865775711795468,83.93375944218478,12.72515979081929,7.107540173053152,24.9,36.4,14.2,0.6652420783416757,1722969,Chicago,Has court,41.73885196766826,-87.68876827183473
17031210601,Census Tract 2106.01,Avondale,0,0.0,0.0,90357.0,Q3,2606,38.79508825786646,1.7651573292402147,43.092862624712204,10.522273425499233,23.2,30.3,15.3,0.10565724628839979,273651,Chicago,No court,41.93763562476156,-87.71221399690532
17031841100,Census Tract 8411,Chinatown,0,0.0,0.0,43527.0,Q1 (lowest),7661,8.823913327241874,3.1588565461428013,1.2400469912544054,19.292520558673804,37.9,20.0,13.2,0.4314089486128893,1117344,Chicago,No court,41.85099348586654,-87.63510822889155
17031840200,Census Tract 8402,Bridgeport,1,4.549590536851683,3.1342316558863925,51771.0,Q2,2198,22.611464968152866,0.27297543221110104,18.653321201091902,29.708826205641493,36.5,25.4,15.4,0.31905746281449954,826355,Chicago,Has court,41.84470527654116,-87.64931674379733
17031221000,Census Tract 2210,Logan Square,0,0.0,0.0,89044.0,Q3,2541,47.61904761904761,4.092876820149548,48.87839433293979,11.92443919716647,22.8,31.5,17.2,0.08496294191324438,220053,Chicago,No court,41.92096043060236,-87.71525255727789
17031221100,Census Tract 2211,Logan Square,0,0.0,0.0,96514.0,Q3,4374,59.3278463648834,7.178783721993598,33.470507544581615,15.29184756391703,19.0,28.6,15.4,0.16990117328728938,440042,Chicago,No court,41.92102054216188,-87.71036087537797
17031020500,Census Tract 205,West Ridge,4,5.885815185403178,13.42555714376428,46458.0,Q1 (lowest),6796,27.987051206592113,16.83343143025309,16.818716892289583,32.77387854745194,33.8,33.5,17.5,0.29793921825120423,771659,Chicago,Has court,42.00131289158899,-87.6841982192203
17031612000,Census Tract 6120,New City,1,8.771929824561402,7.946918023632219,57396.0,Q2,1140,0.0,77.19298245614034,22.807017543859647,27.280701754385966,29.9,38.9,17.8,0.12583494595341754,325911,Chicago,Has court,41.79784666269462,-87.65253596918977
17031612100,Census Tract 6121,New City,0,0.0,0.0,25000.0,Q1 (lowest),751,3.1957390146471374,62.45006657789614,34.354194407456724,24.63382157123835,36.0,42.1,19.2,0.12600714752346343,326357,Chicago,No court,41.79791281392257,-87.64768081050678
17031620100,Census Tract 6201,West Elsdon,0,0.0,0.0,85256.0,Q3,5117,35.23548954465507,2.5991792065663475,81.96208716044558,4.0062536642564,31.9,33.9,15.9,0.3233926180352959,837583,Chicago,No court,41.798017633982596,-87.7180256084312
17031620200,Census Tract 6202,West Elsdon,0,0.0,0.0,64107.0,Q2,1974,43.00911854103344,1.9250253292806485,67.47720364741642,3.4447821681864235,28.3,32.9,15.3,0.22280412110017497,577060,Chicago,No court,41.79552143055257,-87.72923376689532
17031620300,Census Tract 6203,West Elsdon,0,0.0,0.0,71319.0,Q3,7034,29.727040090986634,0.014216661927779357,85.69803810065396,12.16946261017913,28.4,32.1,15.0,0.3830840142888693,992183,Chicago,No court,41.78950251110978,-87.73044378139106
17031620400,Census Tract 6204,West Elsdon,0,0.0,0.0,62000.0,Q2,4443,24.307900067521945,0.045014629754670264,87.28336709430565,17.98334458699077,32.7,35.0,15.9,0.2533919076072939,656282,Chicago,No court,41.78963820803356,-87.71816816148487
17031320400,Census Tract 3204,Loop,0,0.0,0.0,137917.0,Q4 (highest),3253,57.88502920381187,17.030433446049802,8.699661850599446,20.876826722338205,15.4,22.7,17.9,0.3104740253622797,804124,Chicago,No court,41.87770646540033,-87.6173616801619
17031580100,Census Tract 5801,Brighton Park,0,0.0,0.0,49323.0,Q2,2227,31.656937584193983,3.9964077233947015,44.544229905702736,18.1859003143242,29.4,28.9,14.0,0.29472607595093103,763337,Chicago,No court,41.8280550429019,-87.69074630522684
17031580200,Census Tract 5802,Brighton Park,1,3.194888178913738,3.548818402421429,36010.0,Q1 (lowest),3130,14.664536741214057,0.0,83.06709265175719,26.5814696485623,40.3,37.6,17.7,0.28178393104524035,729817,Chicago,Has court,41.82677185288627,-87.69934773107256
17031580300,Census Tract 5803,Brighton Park,0,0.0,0.0,83029.0,Q3,2399,38.099208003334724,1.2922050854522718,76.03167986661109,6.2526052521884115,28.4,30.4,14.6,0.18186184646415351,471020,Chicago,No court,41.82518758819369,-87.70893395344291
17031580400,Census Tract 5804,Brighton Park,0,0.0,0.0,56190.0,Q2,4730,25.073995771670187,4.249471458773784,66.25792811839324,20.385795703638752,35.5,34.6,16.0,0.5081567945488551,1316120,Chicago,No court,41.81527548859858,-87.70918446663372
17031580600,Census Tract 5806,Brighton Park,1,1.8667164457718874,5.2557641185900685,67297.0,Q2,5357,29.79279447451932,1.1386970319208511,79.67145790554414,12.155834425922457,32.8,33.0,15.9,0.1902672908137026,492790,Chicago,Has court,41.81739795042835,-87.69203144990658
17031580700,Census Tract 5807,Brighton Park,0,0.0,0.0,59399.0,Q2,5741,16.774081170527783,10.956279393833828,74.20310050513848,33.09527956801951,39.4,36.2,17.5,0.2124009840972236,550116,Chicago,No court,41.81749365108809,-87.68684593379197
17031681300,Census Tract 6813,Englewood,2,9.510223490252022,7.213054854283085,21888.0,Q1 (lowest),2103,0.28530670470756064,95.10223490252021,0.8559201141226819,37.1849738468854,45.2,50.5,23.1,0.27727502984569813,718139,Chicago,Has court,41.76118071217607,-87.63984230266419
17031681400,Census Tract 6814,Englewood,0,0.0,0.0,51835.0,Q2,1826,0.16429353778751368,98.13800657174151,0.0,7.995618838992333,36.0,44.5,19.4,0.2495640906444354,646368,Chicago,No court,41.76152235548959,-87.64917056615236
17031690300,Census Tract 6903,Grand Crossing,0,0.0,0.0,34978.0,Q1 (lowest),1974,4.5592705167173255,94.52887537993921,2.026342451874367,27.025316455696203,32.2,41.8,17.5,0.19794724917644407,512681,Chicago,No court,41.76866938568239,-87.629009259886
17031690500,Census Tract 6905,Grand Crossing,0,0.0,0.0,57841.0,Q2,807,0.0,100.0,0.0,25.03097893432466,33.8,44.1,21.0,0.12477316497219292,323161,Chicago,No court,41.76817943658282,-87.61210313968236
17031690900,Census Tract 6909,Grand Crossing,0,0.0,0.0,36927.0,Q1 (lowest),3891,2.929838087895143,90.46517604728862,0.9509123618607042,30.634798252377283,32.6,43.8,19.2,0.25308109535642637,655477,Chicago,No court,41.762142454542854,-87.61034470420371
17031691000,Census Tract 6910,Grand Crossing,1,4.166666666666667,3.992729806559823,64361.0,Q2,2400,1.3333333333333335,87.95833333333334,2.9166666666666665,24.708333333333332,28.9,41.9,16.4,0.2504552144643141,648676,Chicago,Has court,41.76196545351131,-87.62001506655388
17031700100,Census Tract 7001,Ashburn,0,0.0,0.0,79659.0,Q3,3819,30.845771144278604,49.6203194553548,43.88583398795497,15.606179628174916,30.9,39.8,17.6,0.8926064522306667,2311840,Chicago,No court,41.75359312814769,-87.69530904008417
17031700200,Census Tract 7002,Ashburn,0,0.0,0.0,74125.0,Q3,6914,17.57304020827307,14.564651431877351,77.69742551345097,21.353034912356947,32.7,36.4,16.7,0.6231963236895306,1614071,Chicago,No court,41.75298917030137,-87.72378373161985
17031070200,Census Tract 702,Lincoln Park,1,2.6308866087871614,7.586284870710361,101992.0,Q4 (highest),3801,73.92791370691924,2.999210734017364,11.049723756906078,6.677568819841919,11.0,22.8,14.9,0.13181682695054958,341404,Chicago,Has court,41.92907779871671,-87.64629298715856
17031070300,Census Tract 703,Sheffield & DePaul,0,0.0,0.0,178750.0,Q4 (highest),3618,79.8783858485351,2.0729684908789388,6.246545052515202,9.937712344280861,9.5,21.6,15.1,0.1252557926909314,324411,Chicago,No court,41.92904629324018,-87.65131030047525
17031070400,Census Tract 704,Sheffield & DePaul,0,0.0,0.0,205772.0,Q4 (highest),3282,83.30286410725168,0.9445460085313834,6.1547836684948205,13.589274832419257,14.0,24.7,14.8,0.12523687368435685,324362,Chicago,No court,41.9289672676862,-87.65615631767112
17031070500,Census Tract 705,Lincoln Park,0,0.0,0.0,194408.0,Q4 (highest),3138,83.1421287444232,5.162523900573614,8.253664754620777,1.3722126929674099,11.5,22.7,13.2,0.11792139577480668,305415,Chicago,No court,41.9289455250101,-87.6608922154575
17031070600,Census Tract 706,Lincoln Park,2,6.031363088057901,15.095105433097483,210469.0,Q4 (highest),3316,83.47406513872136,0.24125452352231602,5.337756332931242,4.28226779252111,10.3,22.9,12.9,0.13249327796113342,343156,Chicago,Has court,41.92876277533574,-87.66567662255335
17031070700,Census Tract 707,Lincoln Park,0,0.0,0.0,146806.0,Q4 (highest),3673,61.06724748162266,7.949904710046283,13.204465014974135,10.835829022597332,13.2,24.3,14.1,0.24963397513810875,646549,Chicago,No court,41.929262435451434,-87.6738022982758
17031100400,Census Tract 1004,Norwood Park,0,0.0,0.0,144125.0,Q4 (highest),3403,77.93123714369673,0.17631501616220982,15.280634734058186,1.6749926535409934,16.8,26.5,13.5,0.3752137075538574,971799,Chicago,No court,41.98896890133418,-87.81804121049471
17031100600,Census Tract 1006,Norwood Park,0,0.0,0.0,84896.0,Q3,4888,67.2872340425532,1.8821603927986905,30.523731587561375,12.827332242225859,21.7,29.0,14.6,0.49516291195171563,1282466,Chicago,No court,41.979204828585985,-87.79740072463966
17031100700,Census Tract 1007,Norwood Park,0,0.0,0.0,131932.0,Q4 (highest),5247,73.26091099676006,2.954068991804841,14.751286449399656,6.594244330093386,20.7,27.7,14.0,0.4692110542597109,1215251,Chicago,No court,41.972123463158475,-87.79762950802422
17031110200,Census Tract 1102,Jefferson Park,1,3.5285815102328866,4.343773532376357,66429.0,Q2,2834,61.46788990825688,6.386732533521525,41.88426252646436,8.374733853797018,23.9,30.0,15.3,0.23021458014477286,596253,Chicago,Has court,41.980069905318686,-87.7734443163942
17031491200,Census Tract 4912,Roseland,0,0.0,0.0,60417.0,Q2,1732,2.2517321016166285,94.39953810623557,3.0600461893764432,16.13663133097762,35.5,42.9,17.9,0.2507702738391066,649492,Chicago,No court,41.6887764854826,-87.63743828208587
17031491300,Census Tract 4913,Roseland,0,0.0,0.0,39615.0,Q1 (lowest),2065,0.3389830508474576,92.15496368038741,6.440677966101695,30.257406508013602,38.2,46.2,20.4,0.2494347464158135,646033,Chicago,No court,41.688896901011866,-87.62780358662054
17031491400,Census Tract 4914,Roseland,2,8.012820512820513,6.241920110282467,38491.0,Q1 (lowest),2496,0.5608974358974359,94.43108974358975,1.5224358974358974,22.552166934189405,32.7,43.6,18.9,0.3204142258574171,829869,Chicago,Has court,41.68912321392933,-87.61682146081172
17031500100,Census Tract 5001,Pullman,2,6.5231572080887155,1.9534731820453108,67708.0,Q2,3066,1.989562948467058,96.54272667971297,1.4024787997390735,16.40574037834312,26.7,39.0,15.5,1.0238174848686559,2651675,Chicago,Has court,41.71468407163208,-87.59502867046551
17031500200,Census Tract 5002,Pullman,0,0.0,0.0,40720.0,Q1 (lowest),1862,0.0,81.31041890440387,4.833512352309345,24.851431658562937,34.1,43.9,20.2,0.7885804876316029,2042414,Chicago,No court,41.700855347968826,-87.60030833667858
17031500300,Census Tract 5003,Pullman,1,5.515719801434088,3.6521295257003943,51336.0,Q2,1813,58.85273028130171,29.50910093767237,21.40099282956426,26.254826254826252,26.9,36.9,15.4,0.27381285164255587,709172,Chicago,Has court,41.689315055053186,-87.6053697083891
17031560200,Census Tract 5602,Garfield Ridge,2,11.883541295306001,7.824158030598944,73125.0,Q3,1683,2.7926322043969103,34.93761140819964,55.02079619726678,7.18954248366013,32.6,38.1,16.4,0.2556185588504657,662049,Chicago,Has court,41.81133097811853,-87.74782724532741
17031560300,Census Tract 5603,Garfield Ridge,1,2.9420417769932334,3.9606381091611973,61979.0,Q2,3399,30.86201824065902,5.501618122977346,74.49249779346867,13.12150632538982,28.6,32.5,14.4,0.2524845674960656,653932,Chicago,Has court,41.80390754364607,-87.74798704341136
17031560700,Census Tract 5607,Garfield Ridge,0,0.0,0.0,80573.0,Q3,3836,41.0844629822732,0.026068821689259645,70.281543274244,12.148070907194995,27.4,31.8,15.6,0.2553058160887232,661239,Chicago,No court,41.796462648006845,-87.75752018519911
17031160700,Census Tract 1607,Irving Park,3,4.711055276381909,10.040101150934303,89531.0,Q3,6368,39.745603015075375,4.789572864321609,52.57537688442211,8.571428571428571,23.4,28.9,14.4,0.2988017705101336,773893,Chicago,Has court,41.95040959580275,-87.70201493053378
17031221300,Census Tract 2213,Logan Square,0,0.0,0.0,87432.0,Q3,2912,53.777472527472526,5.975274725274725,37.15659340659341,17.72459243843219,16.1,27.4,16.6,0.12745387237315386,330104,Chicago,No court,41.921125677878,-87.699754060809
17031221500,Census Tract 2215,Logan Square,0,0.0,0.0,72292.0,Q3,2877,61.904761904761905,12.478275981925616,33.22905804657629,14.077163712200209,19.5,28.3,15.1,0.1177237114612114,304903,Chicago,No court,41.92164688912464,-87.6899513466696
17031221400,Census Tract 2214,Logan Square,0,0.0,0.0,108789.0,Q4 (highest),3005,58.702163061564065,3.427620632279534,26.08985024958403,8.019966722129784,15.2,26.8,15.2,0.13707862739132382,355032,Chicago,No court,41.92080131392346,-87.69453203932086
17031063301,Census Tract 633.01,Lake View,0,0.0,0.0,69188.0,Q2,2912,72.08104395604396,6.112637362637362,8.722527472527473,19.71153846153846,14.0,25.1,15.4,0.03623298640765903,93843,Chicago,No court,41.93454073372269,-87.64302394598124
17031020802,Census Tract 208.02,West Ridge,1,1.1349449551696742,4.021614336267521,70044.0,Q3,8811,29.099988650550447,4.437634774713426,29.22483259561911,14.228799089356858,30.2,27.8,15.9,0.24865636443103212,644017,Chicago,Has court,41.994059242509536,-87.69463059959031
17031020702,Census Tract 207.02,West Ridge,0,0.0,0.0,76812.0,Q3,8476,43.59367626238792,4.86078338839075,24.374705049551675,13.985088985088986,25.5,25.8,15.0,0.2719406421960256,704323,Chicago,No court,41.99412565798377,-87.70489396838946
17031020801,Census Tract 208.01,West Ridge,0,0.0,0.0,73151.0,Q3,5448,52.33113069016153,14.115271659324522,24.174008810572687,11.215124816446401,23.1,27.5,14.0,0.253264879991722,655953,Chicago,No court,41.986808170771305,-87.69441487499974
17031040202,Census Tract 402.02,Lincoln Square,0,0.0,0.0,62500.0,Q2,7577,44.516299326910385,5.741058466411508,33.2321499274119,18.41856699500742,26.9,30.5,15.6,0.22728174802354298,588657,Chicago,No court,41.97985491329422,-87.6940960216372
17031040201,Census Tract 402.01,Lincoln Square,1,1.3875398917718884,3.590159866816927,103409.0,Q4 (highest),7207,73.04009990287221,2.997086166227279,17.968641598445956,9.17686318131257,14.9,25.9,14.0,0.2785391283666179,721413,Chicago,Has court,41.972580482639145,-87.69400051968006
17031040402,Census Tract 404.02,Lincoln Square,0,0.0,0.0,94541.0,Q3,4224,76.79924242424242,3.669507575757576,17.06912878787879,7.674031836540745,11.8,25.2,14.5,0.2326578347081145,602581,Chicago,No court,41.97254500870538,-87.67881808321181
17031031501,Census Tract 315.01,Uptown,0,0.0,0.0,51731.0,Q2,4832,32.098509933774835,41.4114238410596,8.650662251655628,45.75846218136231,31.7,35.7,18.5,0.06154931991962897,159412,Chicago,No court,41.96728856744478,-87.65243426432005
17031081201,Census Tract 812.01,Streeterville,0,0.0,0.0,134246.0,Q4 (highest),4564,81.87992988606484,1.2708150744960562,5.258545135845749,4.723870378822456,12.3,22.1,11.3,0.07147677904299171,185124,Chicago,No court,41.89915380623647,-87.62621204438287
17031490901,Census Tract 4909.01,Roseland,0,0.0,0.0,32284.0,Q1 (lowest),2544,1.4544025157232705,96.14779874213836,0.9827044025157232,43.278301886792455,36.2,46.2,19.0,0.3264308560502983,845452,Chicago,No court,41.696058144476005,-87.61626764812614
17031490902,Census Tract 4909.02,Roseland,0,0.0,0.0,69471.0,Q2,4768,0.0,98.36409395973155,3.2508389261744965,26.347051336444633,29.9,40.9,16.6,0.4618036840325129,1196066,Chicago,No court,41.70328008442671,-87.61532623564192
17031301801,Census Tract 3018.01,Little Village,0,0.0,0.0,48944.0,Q2,4359,18.398715301674695,0.045882083046570314,98.87588896535902,23.743977976600135,34.5,36.4,16.1,0.2683166871815622,694937,Chicago,No court,41.841659755463844,-87.73505087248314
17031700301,Census Tract 7003.01,Ashburn,0,0.0,0.0,84667.0,Q3,6063,36.64852383308593,3.7275276265874977,77.94821045686953,10.473363021606467,29.0,33.2,16.0,0.49255324735095296,1275707,Chicago,No court,41.74562239997007,-87.7317116834997
17031301702,Census Tract 3017.02,Little Village,3,6.941230911614993,23.47499161603558,69000.0,Q2,4322,20.89310504396113,0.0,97.89449329014344,14.811298362212199,43.0,40.1,18.5,0.12779557279802067,330989,Chicago,Has court,41.83880617031676,-87.71952439699972
17031700401,Census Tract 7004.01,Ashburn,2,3.136762860727729,3.494013270566714,94313.0,Q3,6376,11.982434127979925,54.4228356336261,39.4447929736512,13.472396486825597,27.4,37.0,16.5,0.5724076713868944,1482529,Chicago,Has court,41.74553710539331,-87.7120354783427
17031837100,Census Tract 8371,Garfield Park,2,13.58695652173913,6.949536471819364,61351.0,Q2,1472,38.04347826086957,37.36413043478261,38.858695652173914,22.48641304347826,28.3,37.6,16.6,0.28778897817287186,745370,Chicago,Has court,41.88567353796756,-87.69872035085338
17031837400,Census Tract 8374,Garfield Park,1,5.13347022587269,4.379048102121904,45234.0,Q1 (lowest),1948,14.681724845995895,70.07186858316223,17.50513347022587,34.55200823892894,30.0,41.9,19.1,0.2283601313982922,591450,Chicago,Has court,41.8759747316847,-87.69380127146422
17031837800,Census Tract 8378,United Center,0,0.0,0.0,34688.0,Q1 (lowest),2542,21.557828481510622,65.97167584579071,8.733280881195908,30.578842315369258,23.7,38.3,17.9,0.3881732270574227,1005364,Chicago,No court,41.8847503511754,-87.68412718819161
17031837300,Census Tract 8373,Garfield Park,0,0.0,0.0,22197.0,Q1 (lowest),2530,3.675889328063241,94.78260869565217,1.0276679841897234,48.11443433029909,38.6,47.7,22.3,0.14227787927974955,368498,Chicago,No court,41.871619053023274,-87.70555240666454
17031841500,Census Tract 8415,North Lawndale,0,0.0,0.0,24706.0,Q1 (lowest),2254,3.3274179236912156,93.65572315882875,2.6619343389529724,42.04761904761905,38.3,46.5,23.5,0.16691390075938575,432305,Chicago,No court,41.86162254159939,-87.70791321500774
17031838700,Census Tract 8387,North Lawndale,0,0.0,0.0,24074.0,Q1 (lowest),3703,9.45179584120983,75.34431541992979,21.009991898460708,45.12557385903322,46.0,51.1,25.0,0.2540880498288023,658085,Chicago,No court,41.86257753282845,-87.72018510808631
17031430101,Census Tract 4301.01,South Shore,0,0.0,0.0,37917.0,Q1 (lowest),3825,0.3660130718954248,98.87581699346406,1.7254901960784312,29.09803921568627,35.6,47.1,21.3,0.12628745770250674,327083,Chicago,No court,41.769853241720504,-87.5739530158369
17031252101,Census Tract 2521.01,Austin,3,18.47290640394089,9.39025197897154,50139.0,Q2,1624,0.24630541871921183,93.96551724137932,3.0788177339901477,18.130132659507264,28.6,41.0,17.9,0.3194802446961144,827450,Chicago,Has court,41.87550255732852,-87.76958440127086
17031010501,Census Tract 105.01,Rogers Park,0,0.0,0.0,48250.0,Q2,3519,65.30264279624893,18.243819266837168,9.406081273088946,11.139528275078147,16.8,29.8,15.3,0.07804399093740975,202133,Chicago,No court,42.009411979416406,-87.66395828856932
17031020701,Census Tract 207.01,West Ridge,2,11.983223487118035,8.75889590054718,101250.0,Q4 (highest),1669,54.40383463151588,7.249850209706412,15.038945476333135,8.698260347930415,18.7,23.9,11.9,0.22833928188084268,591396,Chicago,Has court,41.9868915585546,-87.7036896926014
17031730202,Census Tract 7302.02,Washington Heights,0,0.0,0.0,81250.0,Q3,2968,1.448787061994609,97.8099730458221,0.7412398921832885,4.545454545454546,26.7,38.8,15.5,0.3369486653992219,872693,Chicago,No court,41.72643003715612,-87.64854250966825
17031010201,Census Tract 102.01,Rogers Park,1,1.3178703215603584,5.134138412255384,49639.0,Q2,7588,24.81549815498155,31.35213494992093,34.554559831312595,24.967009765109527,30.6,38.4,18.9,0.19477464760454488,504464,Chicago,Has court,42.016007710903885,-87.68014844809414
17031760801,Census Tract 7608.01,O'Hare,0,0.0,0.0,75625.0,Q3,4931,55.48570269722166,4.5021293855201785,6.36787669843845,13.952536824877251,19.2,25.8,14.6,0.5019571519250282,1300063,Chicago,No court,41.98348668800627,-87.8448497400656
17031839000,Census Tract 8390,Loop,0,0.0,0.0,95565.0,Q3,10337,61.507207120054176,11.115410660733287,13.81445293605495,14.188919888401754,14.0,23.9,14.8,0.18760781903236617,485902,Chicago,No court,41.87104359155796,-87.6314011654861
17031440201,Census Tract 4402.01,Chatham,0,0.0,0.0,38257.0,Q1 (lowest),5748,0.0,98.36464857341683,0.0,32.32428670842032,32.2,43.9,18.7,0.20519554530754583,531454,Chicago,No court,41.74820975059758,-87.61007386116998
17031540101,Census Tract 5401.01,Riverdale,4,9.952724558347848,3.085794111646097,16176.0,Q1 (lowest),4019,1.2689723811893505,93.97860164219955,3.4088081612341377,56.65588454839512,43.2,51.3,27.2,1.2962627626073944,3357305,Chicago,Has court,41.65021982681616,-87.59979212902067
17031560800,Census Tract 5608,Garfield Ridge,0,0.0,0.0,105886.0,Q4 (highest),5871,67.10952137625618,0.0,59.70022142735479,4.0669856459330145,21.7,29.0,14.1,0.5100981162847087,1321148,Chicago,No court,41.79620554303343,-87.77216591899338
17031560900,Census Tract 5609,Garfield Ridge,0,0.0,0.0,106487.0,Q4 (highest),5120,69.08203125,0.0390625,45.09765625,7.987470634299139,21.8,29.8,14.3,0.509369155378326,1319260,Chicago,No court,41.79577008272389,-87.79165139091667
17031561000,Census Tract 5610,Garfield Ridge,0,0.0,0.0,85741.0,Q3,5749,67.55957557836145,0.0,48.286658549312925,6.366324578187512,22.3,29.4,14.4,0.5128413722380181,1328253,Chicago,No court,41.78850207783339,-87.7915032586577
17031841300,Census Tract 8413,Lower West Side,0,0.0,0.0,69327.0,Q2,4157,51.47943228289632,4.787106086119798,63.964397401972576,18.978805394990367,24.4,32.2,14.7,0.5194479665542852,1345364,Chicago,No court,41.84407722376567,-87.68301754320247
17031840700,Census Tract 8407,Little Village,0,0.0,0.0,106250.0,Q4 (highest),3669,28.318342872717363,5.4238212046879255,70.37339874625238,3.8030095759233924,23.0,30.3,14.2,0.2090843664140529,541526,Chicago,No court,41.85293023118955,-87.69426644591424
17031841700,Census Tract 8417,Little Village,0,0.0,0.0,45854.0,Q1 (lowest),1216,14.309210526315788,32.15460526315789,55.50986842105263,24.753289473684212,32.7,38.6,16.4,0.10300974367448806,266794,Chicago,No court,41.853130123316944,-87.70418180892116
17031250600,Census Tract 2506,Austin,0,0.0,0.0,81458.0,Q3,4298,0.6747324336900884,80.1768264308981,21.265704979060025,19.84463276836158,31.7,41.2,16.9,0.2501034753828975,647765,Chicago,No court,41.90569348654267,-87.77063030977452
17031250700,Census Tract 2507,Austin,0,0.0,0.0,50924.0,Q2,6226,12.592354641824608,74.25313202698362,23.096691294571155,28.90076845973939,39.4,45.0,19.9,0.2557224203355382,662318,Chicago,No court,41.905820672206744,-87.76081279400087
17031250800,Census Tract 2508,Austin,1,3.6900369003690034,4.506592008853145,65884.0,Q2,2710,8.044280442804428,69.26199261992619,28.634686346863468,18.74538745387454,34.1,42.0,18.3,0.22189716709112164,574711,Chicago,Has court,41.90618551648635,-87.7514741093786
17031251000,Census Tract 2510,Austin,0,0.0,0.0,35568.0,Q1 (lowest),1317,0.0,65.67957479119211,34.3204252088079,40.77448747152619,39.5,44.3,20.6,0.180292341122816,466955,Chicago,No court,41.89869451823605,-87.74489245114064
17031251100,Census Tract 2511,Austin,0,0.0,0.0,40584.0,Q1 (lowest),4492,3.96260017809439,75.75690115761353,21.927871772039182,30.249665626393224,38.0,43.8,19.7,0.1916823552850438,496455,Chicago,No court,41.8986248201227,-87.75201116981333
17031271800,Census Tract 2718,Garfield Park,0,0.0,0.0,51550.0,Q2,793,9.079445145018916,86.12862547288776,4.791929382093317,4.287515762925599,23.8,36.8,18.4,0.0795316426176492,205986,Chicago,No court,41.87149640601199,-87.69848966244578
17031280100,Census Tract 2801,West Loop,0,0.0,0.0,148319.0,Q4 (highest),7867,70.89106393796874,4.423541375365451,4.06762425320961,2.529553832464726,9.0,21.6,13.1,0.224601812826932,581716,Chicago,No court,41.885395855247026,-87.64287809588042
17031280400,Census Tract 2804,United Center,0,0.0,0.0,36681.0,Q1 (lowest),1268,9.700315457413248,77.7602523659306,13.564668769716087,21.451104100946374,31.8,41.6,20.4,0.19389819566731584,502194,Chicago,No court,41.88600943169362,-87.67188456992184
17031300600,Census Tract 3006,Little Village,1,3.4411562284927735,7.891925821647743,51092.0,Q2,2906,13.558155540261527,6.22849277357192,88.54094975911906,18.80128433820906,41.7,39.8,19.1,0.1267117839928216,328182,Chicago,Has court,41.84799050743307,-87.71733432109185
17031300700,Census Tract 3007,Little Village,0,0.0,0.0,49206.0,Q2,4799,19.462387997499476,3.959158157949573,94.85309439466556,10.543863304855178,35.4,36.2,16.7,0.12707665054818787,329127,Chicago,No court,41.84807209010932,-87.71245040548544
17031301100,Census Tract 3011,Little Village,0,0.0,0.0,44598.0,Q1 (lowest),2454,35.33007334963325,2.526487367563162,85.53382233088834,13.93643031784841,37.8,37.2,18.6,0.081631652347424,211425,Chicago,No court,41.84702908274464,-87.69797341330884
17031301200,Census Tract 3012,Little Village,0,0.0,0.0,53654.0,Q2,4877,9.103957350830429,33.46319458683617,59.3192536395325,24.769325404962068,35.0,37.5,17.4,0.1861803992914253,482205,Chicago,No court,41.848417164844506,-87.69147707435249
17031480500,Census Tract 4805,Calumet Heights,0,0.0,0.0,59484.0,Q2,2811,3.913198150124511,77.37459978655284,18.961223763785128,26.793400286944046,31.4,41.3,16.2,0.526444524067293,1363485,Chicago,No court,41.72760022175046,-87.55909135087714
17031490500,Census Tract 4905,Roseland,2,11.376564277588168,3.6373400668908533,78319.0,Q3,1758,4.835039817974971,93.40159271899886,0.7963594994311717,7.956715467854869,23.3,35.7,15.8,0.5498523545282835,1424111,Chicago,Has court,41.71793087663278,-87.61319640697353
17031031300,Census Tract 313,Uptown,0,0.0,0.0,65617.0,Q2,6841,59.97661160649028,11.299517614383863,13.799152170735274,20.084007467330427,23.0,29.1,13.8,0.24409765605091607,632210,Chicago,No court,41.97290971503423,-87.64678540520586
17031031900,Census Tract 319,Uptown,0,0.0,0.0,92208.0,Q3,2471,76.56819101578309,7.770133549170375,8.78186968838527,4.168352893565358,12.0,24.9,13.6,0.09948694742987226,257670,Chicago,No court,41.96337400998981,-87.6701840556326
17031220701,Census Tract 2207.01,Logan Square,0,0.0,0.0,79948.0,Q3,2872,56.02367688022284,0.31337047353760444,57.242339832869085,8.008356545961002,19.9,28.8,15.3,0.10285221398709184,266386,Chicago,No court,41.926155391496316,-87.72156506290546
17031063302,Census Tract 633.02,Lake View,0,0.0,0.0,96364.0,Q3,4152,79.55202312138728,2.9865125240847785,3.371868978805395,6.069364161849711,10.0,21.5,13.8,0.0467951975067066,121199,Chicago,No court,41.93476467345397,-87.63985399663768
17031252201,Census Tract 2522.01,Austin,1,3.1298904538341157,6.696108999715608,45458.0,Q1 (lowest),3195,3.317683881064163,94.11580594679187,2.3787167449139277,32.43053112908899,36.0,43.9,18.3,0.14934046026468076,386790,Chicago,Has court,41.87669586942389,-87.75210511712542
17031660302,Census Tract 6603.02,Chicago Lawn,0,0.0,0.0,49101.0,Q2,4251,9.338979063749706,20.842154787108917,78.87555869207246,11.218934911242604,32.6,35.8,17.0,0.1898993354409364,491837,Chicago,No court,41.78359568685423,-87.69839262564435
17031660301,Census Tract 6603.01,Chicago Lawn,0,0.0,0.0,28846.0,Q1 (lowest),1895,16.411609498680736,26.385224274406333,71.97889182058047,29.76253298153034,37.1,40.5,18.7,0.06323658642433864,163782,Chicago,No court,41.77995404928449,-87.69828723443067
17031260900,Census Tract 2609,Garfield Park,2,17.21170395869191,22.69977869804334,20841.0,Q1 (lowest),1162,9.63855421686747,87.60757314974182,2.8399311531841653,47.05882352941176,41.0,50.5,23.0,0.08810658582201926,228195,Chicago,Has court,41.87102973410652,-87.7228141479209
17031261000,Census Tract 2610,Garfield Park,0,0.0,0.0,48482.0,Q2,2143,0.0,96.59356042930472,3.406439570695287,20.188235294117646,35.8,44.8,20.7,0.19267927110086996,499037,Chicago,No court,41.871337817510565,-87.7320093505206
17031281900,Census Tract 2819,West Loop,0,0.0,0.0,125918.0,Q4 (highest),6709,45.968102548815025,10.597704575942764,16.857952004769714,9.66183574879227,10.9,19.8,13.1,0.1625605987363648,421030,Chicago,No court,41.879247737775934,-87.64262035251403
17031061902,Census Tract 619.02,Lake View,0,0.0,0.0,92011.0,Q3,4758,78.81462799495587,6.41025641025641,3.9932744850777633,7.3560319461958805,12.3,23.5,13.3,0.10672443270007428,276415,Chicago,No court,41.9449289313319,-87.63570838532806
17031030102,Census Tract 301.02,Edgewater,0,0.0,0.0,59622.0,Q2,3403,50.27916544225683,16.25036732295034,12.635909491625036,24.37371058060713,22.3,30.5,15.7,0.04375695949170421,113330,Chicago,No court,41.993396655543634,-87.65513190861431
17031030103,Census Tract 301.03,Edgewater,0,0.0,0.0,55651.0,Q2,2300,50.26086956521739,11.782608695652174,23.47826086956522,26.426799007444167,21.9,29.2,18.7,0.033448417521625584,86631,Chicago,No court,41.99538041996234,-87.65469538012857
17031030706,Census Tract 307.06,Edgewater,3,11.398176291793314,19.79992049415938,50431.0,Q2,2632,64.24772036474164,14.58966565349544,3.571428571428571,7.788753799392096,18.3,25.2,11.9,0.15151575991857877,392424,Chicago,Has court,41.98021940196092,-87.65153828993668
17031835600,Census Tract 8356,Fuller Park,0,0.0,0.0,14074.0,Q1 (lowest),539,0.0,92.20779220779221,1.6697588126159555,69.75881261595546,51.7,51.1,22.6,0.3542506760649084,917505,Chicago,No court,41.801834716714694,-87.63220158936241
17031840000,Census Tract 8400,Bridgeport,0,0.0,0.0,87731.0,Q3,2618,38.19709702062643,0.8021390374331552,15.928189457601222,19.136745607333843,25.0,24.7,13.8,0.21984426182669572,569394,Chicago,No court,41.83143718496641,-87.63840535576138
17031836100,Census Tract 8361,Washington Park,0,0.0,0.0,19645.0,Q1 (lowest),1973,0.40547389761784086,96.70552458185504,0.0,37.41496598639456,34.3,45.4,20.9,0.3322297246164847,860471,Chicago,No court,41.7998050178537,-87.6186825067215
17031834600,Census Tract 8346,Englewood,1,5.246589716684156,1.6578883525442303,24836.0,Q1 (lowest),1906,1.049317943336831,94.4386149003148,11.437565582371459,40.76600209863589,40.2,47.2,21.5,0.603176925916259,1562221,Chicago,Has court,41.787246545104075,-87.63430573629155
17031843600,Census Tract 8436,Grand Boulevard,0,0.0,0.0,71359.0,Q3,3059,4.707420725727362,90.91206276560968,4.445897352075842,16.244656363038473,24.4,40.0,16.9,0.15864745319283333,410895,Chicago,No court,41.806765408440235,-87.6089488234745
17031832200,Census Tract 8322,Bucktown,0,0.0,0.0,152902.0,Q4 (highest),3211,71.7533478667082,3.3634381812519467,10.152600436001245,7.040498442367602,10.6,23.9,14.4,0.15426171858711316,399536,Chicago,No court,41.92048003335367,-87.67997459689116
17031836700,Census Tract 8367,Humboldt Park,1,3.773584905660377,2.109402767484098,47439.0,Q1 (lowest),2650,12.377358490566037,72.18867924528301,31.50943396226415,21.00681302043906,35.2,42.8,20.8,0.4740678335189198,1227830,Chicago,Has court,41.89170402567369,-87.70217470538151
17031836800,Census Tract 8368,Garfield Park,2,7.923930269413629,6.459829773967264,22642.0,Q1 (lowest),2524,4.556259904912837,94.09667194928684,1.109350237717908,56.299524564183834,46.1,50.1,24.1,0.30960568157072543,801875,Chicago,Has court,41.88504484221935,-87.7138624803856
17031836600,Census Tract 8366,Humboldt Park,0,0.0,0.0,84667.0,Q3,2558,34.71462079749805,22.595777951524628,42.76778733385457,11.032587357675697,22.3,31.9,15.5,0.24485866343782287,634181,Chicago,No court,41.89869729144853,-87.70880592442549
17031833000,Census Tract 8330,West Loop,2,4.007212983370066,3.9477492390258924,169489.0,Q4 (highest),4991,77.31917451412542,7.894209577239031,2.624724504107393,8.314966940492887,11.1,24.7,14.4,0.5066177912793418,1312134,Chicago,Has court,41.885286181998126,-87.65724882210007
17031842500,Census Tract 8425,Grand Crossing,0,0.0,0.0,36955.0,Q1 (lowest),2717,0.0,74.23629002576371,21.16304747883695,32.241442767758556,34.4,43.5,24.6,0.41517335215452733,1075294,Chicago,No court,41.77695059187637,-87.62321578060879
17031841800,Census Tract 8418,Grand Crossing,2,8.6617583369424,3.152037211249539,50964.0,Q2,2309,1.862278042442616,80.90082286704201,15.37462104807276,25.694444444444443,33.4,44.3,19.6,0.6345102757232852,1643374,Chicago,Has court,41.76630645943606,-87.59942027200435
17031980100,Census Tract 9801,Garfield Ridge,0,,0.0,,nan,0,,,,,,,,1.1512721294461596,2981781,Chicago,No court,41.785981347770026,-87.7508999783038
17031842800,Census Tract 8428,Brighton Park,0,0.0,0.0,56667.0,Q2,6806,33.01498677637379,0.6317954745812518,86.98207464002351,18.542462533059066,34.8,35.7,16.9,0.5855478867083554,1516562,Chicago,No court,41.80753375018332,-87.69830430047602
17031843800,Census Tract 8438,New City,1,4.997501249375312,1.9778208131859405,57885.0,Q2,2001,31.88405797101449,28.18590704647676,39.48025987006496,15.942028985507244,32.4,37.5,18.0,0.505606975785216,1309516,Chicago,Has court,41.8016568337619,-87.64047558753649
17031841000,Census Tract 8410,Near South Side,0,0.0,0.0,105625.0,Q4 (highest),1165,39.31330472103004,32.8755364806867,7.03862660944206,18.798283261802577,20.5,31.1,13.7,0.407029298977447,1054201,Chicago,No court,41.84844462692381,-87.6173933078271
17031836500,Census Tract 8365,Oakland,0,0.0,0.0,,nan,1476,19.579945799457995,78.99728997289974,5.555555555555555,32.28668941979522,34.2,45.3,20.8,0.18072477555880567,468075,Chicago,No court,41.828273048060666,-87.60061436261944
17031843900,Census Tract 8439,Jackson Park,3,7.735946364105209,5.256596145415577,47760.0,Q1 (lowest),3878,11.397627643115008,84.60546673543064,2.9912325941206808,33.109850438370295,31.0,42.3,17.6,0.57071152453216,1478136,Chicago,Has court,41.77659057137035,-87.57601920646151
17031730500,Census Tract 7305,Washington Heights,1,2.469745616201531,1.9656741610554884,64566.0,Q2,4049,0.27167201778216843,99.70363052605582,0.02469745616201531,25.882934057792045,28.6,40.1,16.3,0.5087313145852413,1317608,Chicago,Has court,41.714265575617446,-87.63813774763307
17031730600,Census Tract 7306,Washington Heights,0,0.0,0.0,80500.0,Q3,3544,1.4672686230248306,96.3882618510158,1.4672686230248306,11.286681715575622,25.0,37.2,14.6,0.3889037323725052,1007256,Chicago,No court,41.710600285777154,-87.6504857315564
17031381200,Census Tract 3812,Grand Boulevard,0,0.0,0.0,53750.0,Q2,2064,4.408914728682171,92.39341085271317,1.3565891472868217,20.44573643410853,24.1,38.9,16.8,0.09982787565038911,258553,Chicago,No court,41.80851144724083,-87.6139991815747
17031381400,Census Tract 3814,Grand Boulevard,0,0.0,0.0,44399.0,Q1 (lowest),1697,0.8839127872716559,87.86093105480259,9.723040659988214,30.995875073659402,32.5,44.4,21.6,0.12227508390000262,316691,Chicago,No court,41.80762021660204,-87.62142974944345
17031381700,Census Tract 3817,Grand Boulevard,1,,13.160374386439162,,nan,0,,,,,,,,0.07598568024253394,196802,Chicago,Has court,41.80555024715234,-87.62744628001767
17031440300,Census Tract 4403,Chatham,2,4.297378599054577,3.9996540823685476,55476.0,Q2,4654,0.0,91.89944134078212,5.930382466695316,6.489041684572411,24.7,38.4,14.5,0.500043243443599,1295106,Chicago,Has court,41.743721474142035,-87.61954239226277
17031310200,Census Tract 3102,Lower West Side,0,0.0,0.0,122422.0,Q4 (highest),1672,51.25598086124402,7.236842105263158,28.767942583732058,3.975903614457831,15.2,26.3,13.6,0.1237739325433168,320573,Chicago,No court,41.856310064549696,-87.64420906842325
17031310300,Census Tract 3103,Lower West Side,1,5.720823798627002,8.129992591941539,75605.0,Q3,1748,26.94508009153318,2.402745995423341,75.5720823798627,9.096109839816933,26.2,31.7,16.2,0.12300134209116027,318572,Chicago,Has court,41.8561439577304,-87.64897823817081
17031310400,Census Tract 3104,Lower West Side,0,0.0,0.0,80786.0,Q3,1462,31.73734610123119,2.8727770177838576,63.54309165526676,11.080711354309166,21.9,30.1,16.2,0.048055048903701485,124462,Chicago,No court,41.85650694042654,-87.65226127658549
17031310500,Census Tract 3105,Lower West Side,1,6.0790273556231,15.993701293087478,52344.0,Q2,1645,47.598784194528875,4.133738601823708,80.1823708206687,15.015197568389057,29.7,34.1,18.2,0.06252461401365567,161938,Chicago,Has court,41.85524805506702,-87.65473996264575
17031190602,Census Tract 1906.02,Belmont Cragin,0,0.0,0.0,73315.0,Q3,5468,30.870519385515728,2.3591806876371617,77.68836869056328,13.778545384763003,29.5,33.6,14.9,0.23990613083921625,621354,Chicago,No court,41.92756040223464,-87.77073706729574
17031190401,Census Tract 1904.01,Belmont Cragin,0,0.0,0.0,104231.0,Q4 (highest),4122,25.157690441533237,8.224163027656479,61.814653081028624,7.919103313840156,25.6,30.4,14.4,0.2530803231520764,655475,Chicago,No court,41.934727683442055,-87.78095236406995
17031190702,Census Tract 1907.02,Belmont Cragin,1,2.1240441801189465,6.753677381334209,65551.0,Q2,4708,25.403568394222596,6.032285471537808,83.17757009345794,23.954778156996586,36.5,37.1,17.7,0.14806748139373618,383493,Chicago,Has court,41.926163042868716,-87.76103953907604
17031191302,Census Tract 1913.02,Belmont Cragin,0,0.0,0.0,58208.0,Q2,4446,23.864147548358076,4.273504273504273,94.73684210526315,10.305084745762711,36.7,36.9,17.6,0.24370190132155053,631185,Chicago,No court,41.92022890010988,-87.77053336591909
17031381800,Census Tract 3818,Grand Boulevard,1,6.605019815059445,8.10972921520002,49671.0,Q2,1514,1.915455746367239,89.16776750330251,3.038309114927345,14.660390047074648,22.2,37.8,16.2,0.12330867942245292,319368,Chicago,Has court,41.803848123278534,-87.62119775847623
17031381900,Census Tract 3819,Grand Boulevard,0,0.0,0.0,65506.0,Q2,1289,21.722265321955003,75.09697439875873,3.180760279286268,19.627618308766486,27.5,39.6,17.0,0.06667598459915644,172690,Chicago,No court,41.8039556822185,-87.61388848267538
17031390100,Census Tract 3901,Kenwood,0,0.0,0.0,,nan,1757,11.326124075128059,76.9493454752419,4.43938531587934,11.383039271485487,22.5,37.2,16.4,0.18639159718114523,482752,Chicago,No court,41.81384337993228,-87.59063027755114
17031390200,Census Tract 3902,Kenwood,0,0.0,0.0,109868.0,Q4 (highest),2185,14.59954233409611,70.80091533180777,3.3409610983981692,9.565217391304348,18.0,34.8,14.3,0.11729436584262166,303791,Chicago,No court,41.81304104175587,-87.59947654264927
17031390300,Census Tract 3903,Kenwood,0,0.0,0.0,35266.0,Q1 (lowest),2495,5.571142284569138,89.97995991983969,3.6472945891783572,42.11864406779661,34.3,44.7,19.2,0.12627510243290702,327051,Chicago,No court,41.81320062397507,-87.60420890209085
17031390400,Census Tract 3904,Kenwood,1,3.901677721420211,7.937298118943568,31833.0,Q1 (lowest),2563,5.267264923917284,87.63168162309793,4.0187280530628176,42.48927038626609,31.1,42.5,17.4,0.1259874563125389,326306,Chicago,Has court,41.80592440368287,-87.6040581906156
17031390500,Census Tract 3905,Kenwood,0,0.0,0.0,62188.0,Q2,1693,33.07737743650325,48.19846426461902,10.277613703484938,17.070289427052572,17.5,31.9,14.2,0.12606969607581192,326519,Chicago,No court,41.80597817215251,-87.59919872850608
17031390600,Census Tract 3906,Kenwood,0,0.0,0.0,94115.0,Q3,1829,41.77145981410607,44.559868780754506,1.913613996719519,25.20503007107709,19.6,32.3,14.1,0.12533996296507938,324629,Chicago,No court,41.80601813046559,-87.5943504120754
17031440600,Census Tract 4406,Chatham,0,0.0,0.0,56989.0,Q2,1606,2.179327521793275,95.51681195516812,2.926525529265255,21.419676214196762,30.0,41.3,16.7,0.25738304579017357,666619,Chicago,No court,41.73267179583609,-87.61913727996925
17031440900,Census Tract 4409,Chatham,2,7.686395080707149,6.975177410015755,43359.0,Q1 (lowest),2602,19.94619523443505,78.0553420445811,0.0,34.47348193697156,28.4,41.1,16.0,0.2867310582133971,742630,Chicago,Has court,41.72866905982219,-87.60900580155466
17031440700,Census Tract 4407,Chatham,0,0.0,0.0,91031.0,Q3,1455,0.0,81.44329896907216,18.556701030927837,16.63230240549828,30.3,42.6,16.5,0.12643340432465325,327461,Chicago,No court,41.73475140873609,-87.60962935720156
17031440800,Census Tract 4408,Chatham,0,0.0,0.0,23750.0,Q1 (lowest),1794,0.7803790412486065,94.59308807134894,2.564102564102564,57.596764875794335,41.3,50.4,22.4,0.1077699973899493,279123,Chicago,No court,41.731711569195944,-87.60332792910984
17031630300,Census Tract 6303,Gage Park,0,0.0,0.0,64871.0,Q2,5332,19.598649662415603,1.350337584396099,96.49287321830458,15.060015003750937,36.1,36.2,17.4,0.3804986741251311,985487,Chicago,No court,41.798862082303856,-87.70863783786334
17031630500,Census Tract 6305,Gage Park,0,0.0,0.0,53235.0,Q2,5945,31.976450798990747,1.0260723296888141,95.89571068124474,20.642201834862387,35.6,36.6,16.9,0.2539235703022562,657659,Chicago,No court,41.79742788611879,-87.689017060077
17031630800,Census Tract 6308,Gage Park,0,0.0,0.0,72582.0,Q3,6142,20.742429176164116,1.0745685444480626,94.57831325301204,12.829697167046564,33.7,35.7,16.5,0.25321159789157327,655815,Chicago,No court,41.78996523820065,-87.69857245023765
17031630900,Census Tract 6309,Gage Park,2,4.298302170642597,7.851279703893221,49922.0,Q2,4653,11.7558564367075,11.734364925854287,86.56780571674189,8.483402039487958,30.9,33.9,15.5,0.25473554317626185,659762,Chicago,Has court,41.789811464265114,-87.70836549523904
17031640100,Census Tract 6401,Clearing,0,0.0,0.0,67585.0,Q2,1471,26.37661454792658,1.9714479945615229,89.93881713120327,6.390210740992522,29.5,33.1,15.6,0.11793761206615629,305457,Chicago,No court,41.78191965414442,-87.73986077819387
17031640300,Census Tract 6403,Clearing,0,0.0,0.0,86900.0,Q3,6770,44.342688330871496,1.9645494830132941,65.61299852289513,5.568685376661743,27.2,33.2,15.8,0.5114483155906514,1324645,Chicago,No court,41.781532055458754,-87.77163526466724
17031834200,Census Tract 8342,South Shore,2,3.734827264239029,5.310399409497252,63523.0,Q2,5355,0.14939309056956115,96.22782446311858,0.5415499533146592,17.036063110443276,26.9,39.9,16.8,0.3766195055729988,975440,Chicago,Has court,41.75556760384297,-87.58360696952603
17031842200,Census Tract 8422,River North,2,5.511160099200882,3.679114394708301,95174.0,Q3,3629,65.16946817305043,10.085422981537613,4.739597685312758,9.782309176081565,13.0,25.8,13.9,0.5436090823586828,1407941,Chicago,Has court,41.90487781028974,-87.6497922833978
17031838000,Census Tract 8380,United Center,0,0.0,0.0,,nan,2650,26.22641509433962,51.16981132075472,17.471698113207548,26.867924528301884,29.1,38.5,18.2,0.20783764249100767,538297,Chicago,No court,41.87736664371423,-87.68065211079337
17031010702,Census Tract 107.02,Rogers Park,0,0.0,0.0,58289.0,Q2,5166,30.178087495160668,38.28881145954316,34.37862950058072,19.04669637667119,26.5,35.1,17.8,0.1380500604636006,357548,Chicago,No court,42.00902000083218,-87.67272571906948
17031010503,Census Tract 105.03,Rogers Park,0,0.0,0.0,21924.0,Q1 (lowest),2844,63.50210970464135,17.897327707454288,2.988748241912799,46.94092827004219,28.0,30.4,18.8,0.07498606171148284,194213,Chicago,No court,42.00032071943175,-87.66312616252857
17031010502,Census Tract 105.02,Rogers Park,0,0.0,0.0,61367.0,Q2,3329,65.21477921297686,13.727846200060078,10.63382397116251,19.071518193224595,16.2,27.5,16.5,0.06964742693788542,180386,Chicago,No court,42.004517303544624,-87.66332730761064
17031010701,Census Tract 107.01,Rogers Park,2,5.5975370836831795,12.055146733691732,74208.0,Q3,3573,40.050377833753146,24.265323257766582,28.99524209347887,8.284354883851105,20.7,31.6,14.8,0.16590424357178488,429690,Chicago,Has court,42.009148250760084,-87.67862046977149
17031020902,Census Tract 209.02,West Ridge,1,2.3781212841854935,5.160510554189597,47963.0,Q2,4205,34.839476813317475,14.88703923900119,12.889417360285375,27.528977871443626,29.9,31.1,16.1,0.19377927619741867,501886,Chicago,Has court,41.994258553389805,-87.67868411278651
17031020302,Census Tract 203.02,West Ridge,0,0.0,0.0,81563.0,Q3,4859,72.56637168141593,9.36406668038691,11.75138917472731,7.500556421099488,23.4,30.4,14.4,0.2470745038200949,639920,Chicago,No court,42.00854065713584,-87.69496340871943
17031020601,Census Tract 206.01,West Ridge,0,0.0,0.0,62015.0,Q2,5961,47.44170441201141,2.969300452944137,15.01425935245764,32.63352368155862,27.3,29.6,16.3,0.22831341303511832,591329,Chicago,No court,42.00087462082872,-87.70180243003576
17031020301,Census Tract 203.01,West Ridge,2,4.082465809348847,6.274644142447196,76327.0,Q3,4899,82.40457236170647,2.2453561951418655,4.3682384160032655,13.161659513590845,20.4,26.1,13.0,0.318743175644057,825541,Chicago,Has court,42.006865241417856,-87.7051863778237
17031760803,Census Tract 7608.03,O'Hare,0,0.0,0.0,68276.0,Q2,6598,63.18581388299484,11.154895422855411,20.263716277659896,5.380418308578357,19.4,28.8,16.1,0.2945453801330354,762869,Chicago,No court,41.97534084898445,-87.84413572443702
17031530501,Census Tract 5305.01,West Pullman,1,1.9904458598726116,1.9976876080318213,41000.0,Q1 (lowest),5024,2.289012738853503,95.72054140127389,1.5326433121019107,48.70569494225408,40.5,47.1,20.6,0.5005787671603111,1296493,Chicago,Has court,41.674277913993656,-87.63216595748678
17031530503,Census Tract 5305.03,West Pullman,1,2.4038461538461537,1.6202746722369339,50405.0,Q2,4160,0.0,97.88461538461539,0.4086538461538462,12.812499999999998,29.0,41.5,16.7,0.6171793073944745,1598487,Chicago,Has court,41.663564888400856,-87.6375137731216
17031650301,Census Tract 6503.01,West Lawn,0,0.0,0.0,53750.0,Q2,5218,31.755461862782674,0.7665772326561902,87.15983135300883,15.465695668838636,34.1,36.7,16.8,0.3805260873795554,985558,Chicago,No court,41.77492752559757,-87.72999163032955
17031650302,Census Tract 6503.02,West Lawn,0,0.0,0.0,65833.0,Q2,5349,41.76481585343055,2.299495232753786,94.70929145634697,18.75116844269957,36.8,38.0,17.0,0.25637918013519756,664019,Chicago,No court,41.775093130436076,-87.71773314743112
17031530502,Census Tract 5305.02,West Pullman,0,0.0,0.0,75986.0,Q3,1393,0.0,98.7078248384781,2.8715003589375447,15.003589375448673,27.1,39.5,15.8,0.2726854332915828,706252,Chicago,No court,41.66480491975135,-87.62667368744548
17031711100,Census Tract 7111,Auburn Gresham,3,11.45912910618793,11.882023348207595,49688.0,Q2,2618,0.0,99.61802902979373,0.0,21.92513368983957,27.8,40.4,16.2,0.2524822508830157,653926,Chicago,Has court,41.73950163684115,-87.6583001537865
17031711200,Census Tract 7112,Auburn Gresham,1,2.0815986677768525,2.3497687871235704,60433.0,Q2,4804,0.47876769358867605,85.8451290591174,10.470441298917569,12.198168193172357,32.9,41.7,16.6,0.4255737864422538,1102231,Chicago,Has court,41.74055612826813,-87.6698252756471
17031711500,Census Tract 7115,Auburn Gresham,2,8.090614886731391,7.977846741465744,52885.0,Q2,2472,0.6067961165048543,94.86245954692556,1.779935275080906,12.459546925566343,35.2,43.5,19.1,0.2506942117106334,649295,Chicago,Has court,41.73244018928169,-87.63868876585063
17031711300,Census Tract 7113,Auburn Gresham,1,6.211180124223603,7.399564023667287,76524.0,Q3,1610,1.3043478260869565,93.41614906832298,0.0,9.06832298136646,32.7,42.7,17.8,0.13514309718809508,350019,Chicago,Has court,41.733504426413035,-87.66728555165722
17031711400,Census Tract 7114,Auburn Gresham,0,0.0,0.0,59188.0,Q2,2703,0.5549389567147613,91.49093599704032,6.8812430632630415,19.94080651128376,28.9,40.6,17.1,0.2877067384095988,745157,Chicago,No court,41.73366123643777,-87.65211686791788
17031270500,Census Tract 2705,Garfield Park,2,14.174344436569807,9.227761081826394,24375.0,Q1 (lowest),1411,1.2756909992912826,98.72430900070871,0.0,46.63359319631467,47.1,51.4,24.4,0.21673729762454497,561347,Chicago,Has court,41.87624039551677,-87.71779312016983
17031271200,Census Tract 2712,Garfield Park,1,7.401924500370097,7.853017513219813,31048.0,Q1 (lowest),1351,8.734270910436713,86.01036269430051,2.516654330125833,34.863064396743155,34.1,45.0,20.5,0.12733958612935659,329808,Chicago,Has court,41.87735974368983,-87.70356215218685
17031271300,Census Tract 2713,Garfield Park,1,11.363636363636365,7.910461710439109,45046.0,Q1 (lowest),880,2.0454545454545454,85.3409090909091,5.0,30.113636363636363,32.1,43.3,21.4,0.12641487142025368,327413,Chicago,Has court,41.8773040307164,-87.70845279249038
17031271400,Census Tract 2714,Garfield Park,0,0.0,0.0,43355.0,Q1 (lowest),1499,14.609739826551035,77.1847898599066,7.471647765176785,38.02535023348899,35.5,44.7,20.5,0.1267866878147698,328376,Chicago,No court,41.87724292757804,-87.71333137218642
17031750100,Census Tract 7501,Morgan Park,1,2.941176470588235,2.0147285899090415,53273.0,Q2,3400,7.764705882352942,89.23529411764706,1.6764705882352942,16.309918601145615,25.6,38.0,15.0,0.49634477070936234,1285527,Chicago,Has court,41.69583445692177,-87.65202827215977
17031750200,Census Tract 7502,Morgan Park,0,0.0,0.0,79464.0,Q3,3230,24.643962848297214,63.62229102167183,6.904024767801857,7.275541795665634,21.9,35.1,14.8,0.5062309169000011,1311132,Chicago,No court,41.695664583984886,-87.67142471407361
17031351100,Census Tract 3511,Douglas,0,0.0,0.0,19913.0,Q1 (lowest),2150,0.0,89.34883720930232,10.790697674418604,52.55813953488372,40.5,49.3,25.3,0.1340797717981705,347265,Chicago,No court,41.82775407620693,-87.61418940813073
17031611700,Census Tract 6117,New City,0,0.0,0.0,,nan,1942,25.84963954685891,14.727085478887744,84.44902162718847,35.32440782698249,39.1,41.6,20.3,0.1267612050712204,328310,Chicago,No court,41.7975991784673,-87.67197618310486
17031300500,Census Tract 3005,Little Village,0,0.0,0.0,76023.0,Q3,3467,25.757138736659936,4.61494087107009,92.5007210845111,22.642053648687625,37.4,38.2,17.0,0.10464565858992397,271031,Chicago,No court,41.84742513810452,-87.72193927766429
17031381500,Census Tract 3815,Grand Boulevard,0,0.0,0.0,25019.0,Q1 (lowest),680,2.941176470588235,93.38235294117648,1.1764705882352942,41.911764705882355,40.0,49.5,21.2,0.04196042607147214,108677,Chicago,No court,41.8101927027242,-87.62286192304728
17031420500,Census Tract 4205,Woodlawn,0,0.0,0.0,22432.0,Q1 (lowest),2019,3.3184744923229323,95.49281822684497,1.6840019811788014,52.847944526993565,40.9,49.2,21.6,0.09497379910640513,245981,Chicago,No court,41.783100254199695,-87.60842612566714
17031081500,Census Tract 815,River North,0,0.0,0.0,141780.0,Q4 (highest),4978,56.08678184009642,5.303334672559261,8.638007231820009,8.382145021207837,11.3,22.6,12.3,0.10989819257849844,284635,Chicago,No court,41.89255556439024,-87.62622736015359
17031081600,Census Tract 816,River North,0,0.0,0.0,140323.0,Q4 (highest),4210,75.58194774346794,0.0,6.959619952494061,3.159144893111639,9.6,21.4,12.5,0.04974308761276114,128834,Chicago,No court,41.8921061719004,-87.6288737725435
17031081700,Census Tract 817,River North,0,0.0,0.0,134579.0,Q4 (highest),5211,69.58357321051622,2.4563423527154096,13.701784686240645,6.812511993859144,9.4,21.6,13.7,0.13868751515451036,359199,Chicago,No court,41.89206687963685,-87.6318681503805
17031081800,Census Tract 818,River North,1,0.8086689309396734,3.693972236603584,157238.0,Q4 (highest),12366,75.2709040918648,1.6901180656639172,12.607148633349507,6.534044961992561,9.8,23.1,13.9,0.270711292870855,701139,Chicago,Has court,41.89326840361561,-87.63780051223728
17031081900,Census Tract 819,River North,0,0.0,0.0,238250.0,Q4 (highest),1284,72.35202492211839,3.894080996884735,10.202492211838006,4.054054054054054,12.1,25.8,13.2,0.05301067031970805,137297,Chicago,No court,41.89799007349442,-87.64148703653306
17031160900,Census Tract 1609,Irving Park,0,0.0,0.0,116063.0,Q4 (highest),2434,64.42070665571077,3.2456861133935906,19.843878389482335,4.603370324702015,16.0,27.0,13.2,0.2539521418632055,657733,Chicago,No court,41.95008209261528,-87.72260821864229
17031161000,Census Tract 1610,Irving Park,0,0.0,0.0,113287.0,Q4 (highest),1944,74.48559670781893,0.102880658436214,20.21604938271605,6.0730828615542976,14.9,26.3,13.3,0.1646737359400893,426503,Chicago,No court,41.9499766925813,-87.73068290849702
17031161100,Census Tract 1611,Irving Park,0,0.0,0.0,153750.0,Q4 (highest),2007,68.56003986048829,7.623318385650224,19.43198804185351,5.405405405405405,15.0,26.1,13.1,0.2227153175999271,576830,Chicago,No court,41.94988008664693,-87.73815501479001
17031161200,Census Tract 1612,Irving Park,1,3.652300949598247,5.001425123105147,76797.0,Q3,2738,42.841490138787435,5.734112490869247,54.82103725346968,23.046018991964935,25.5,31.9,14.5,0.19994301131897135,517850,Chicago,Has court,41.94254895539455,-87.73857007450488
17031161300,Census Tract 1613,Irving Park,0,0.0,0.0,58425.0,Q2,3767,49.96018051499867,0.8229360233607645,56.35784443854526,17.14975845410628,24.9,31.7,15.8,0.1921252144797582,497602,Chicago,No court,41.94269945635112,-87.73100231395745
17031170100,Census Tract 1701,Dunning,0,0.0,0.0,41699.0,Q1 (lowest),1959,78.30525778458397,5.002552322613578,10.719754977029096,26.301369863013697,31.0,32.6,14.6,0.391756255241337,1014644,Chicago,No court,41.95585951087679,-87.79481668090412
17031221600,Census Tract 2216,Bucktown,0,0.0,0.0,138152.0,Q4 (highest),3192,74.68671679197995,1.4411027568922306,23.05764411027569,6.25589437283873,12.1,24.7,14.3,0.1265480766706255,327758,Chicago,No court,41.92124783111162,-87.6850970819269
17031242100,Census Tract 2421,East Village,0,0.0,0.0,205338.0,Q4 (highest),3825,69.33333333333334,0.4444444444444444,17.80392156862745,5.803921568627451,11.1,24.5,14.9,0.12663379135347344,327980,Chicago,No court,41.89966989379186,-87.66983746673407
17031030500,Census Tract 305,Edgewater,1,1.5530361857431279,4.19001735872377,123464.0,Q4 (highest),6439,66.23699332194441,5.854946420251592,19.67696847336543,4.219543147208122,13.8,26.5,13.5,0.23866249573357096,618133,Chicago,Has court,41.98722602330775,-87.66493588947519
17031051400,Census Tract 514,North Center,1,3.7411148522259636,7.479396909464224,150357.0,Q4 (highest),2673,66.47961092405536,7.744107744107744,16.573138795361018,8.567153011597457,12.8,25.9,14.4,0.13370061946232956,346283,Chicago,Has court,41.93574898367545,-87.68099045068772
17031060100,Census Tract 601,Lake View,0,0.0,0.0,145313.0,Q4 (highest),3147,80.9659993644741,1.207499205592628,8.452494439148396,2.669208770257388,10.5,23.8,13.2,0.12569363255737093,325545,Chicago,No court,41.957531126654246,-87.66661124673408
17031060300,Census Tract 603,Lake View,0,0.0,0.0,139306.0,Q4 (highest),2880,78.75,1.7361111111111112,13.055555555555557,3.4027777777777777,11.8,24.2,14.3,0.12349053354687357,319839,Chicago,No court,41.950604978388284,-87.671332657177
17031060800,Census Tract 608,Lake View,1,1.9215987701767872,14.270692600143258,83534.0,Q3,5204,64.93082244427364,7.936202920830131,11.068408916218294,10.415065334358186,13.5,24.5,14.0,0.07007368373907524,181490,Chicago,Has court,41.953847892861425,-87.64376298272391
17031222800,Census Tract 2228,Logan Square,0,0.0,0.0,71484.0,Q3,951,42.16614090431125,11.88222923238696,66.77181913774973,24.605678233438486,27.1,34.5,18.5,0.043005604659172164,111384,Chicago,No court,41.91543487991216,-87.71509532132184
17031050800,Census Tract 508,North Center,1,7.087172218284904,15.907258411232174,157813.0,Q4 (highest),1411,67.82423812898654,2.2678951098511693,22.820694542877394,1.771793054571226,12.4,25.4,14.3,0.06286438392764754,162818,Chicago,Has court,41.94500947686522,-87.68092794320717
17031530200,Census Tract 5302,West Pullman,0,0.0,0.0,39579.0,Q1 (lowest),4082,2.9887310142087213,84.10093091621754,11.832435080842723,20.749632533072024,32.9,43.5,19.0,0.5009069540090533,1297343,Chicago,No court,41.68156117334843,-87.63239539695692
17031530300,Census Tract 5303,West Pullman,4,11.56403584851113,7.919278027570835,56924.0,Q2,3459,3.151199768719283,92.02081526452733,3.2379300375831166,14.48395490026019,32.4,41.9,17.5,0.5050965487098782,1308194,Chicago,Has court,41.68131428179818,-87.65175241101224
17031530400,Census Tract 5304,West Pullman,2,8.536064874093043,3.947962864588057,83836.0,Q3,2343,3.1156636790439607,90.52496798975672,4.225352112676056,19.334186939820743,28.5,40.0,17.3,0.5065903780249175,1312063,Chicago,Has court,41.674039591899344,-87.6515267162214
17031530600,Census Tract 5306,West Pullman,0,0.0,0.0,41678.0,Q1 (lowest),2151,0.0,98.23337982333798,0.7438400743840075,19.94328922495274,29.7,41.9,18.1,0.37306852386960865,966243,Chicago,No court,41.670391131258775,-87.61899517345975
17031560100,Census Tract 5601,Garfield Ridge,0,0.0,0.0,69491.0,Q2,1250,28.24,18.64,53.2,8.585858585858585,30.4,32.2,13.7,0.26791321040869687,693892,Chicago,No court,41.81533822683353,-87.74127304244037
17031670200,Census Tract 6702,Englewood,0,0.0,0.0,96152.0,Q3,1319,0.0,94.31387414708112,5.686125852918878,25.322213798332072,32.8,39.9,18.9,0.12607857642583672,326542,Chicago,No court,41.79042479888124,-87.66206265479511
17031670300,Census Tract 6703,Englewood,1,7.293946024799417,7.936714368890388,35038.0,Q1 (lowest),1371,5.616338439095551,82.64040846097738,14.36907366885485,39.54512105649303,42.2,48.7,20.7,0.12599672276473867,326330,Chicago,Has court,41.7903576372371,-87.66691669890156
17031670400,Census Tract 6704,Englewood,0,0.0,0.0,33482.0,Q1 (lowest),1478,8.119079837618404,83.55886332882272,14.817320703653586,32.47631935047362,37.4,42.8,18.9,0.12603069975613787,326418,Chicago,No court,41.790299679515805,-87.6717697753113
17031661100,Census Tract 6611,Chicago Lawn,0,0.0,0.0,69196.0,Q2,7195,15.191104933981933,29.798471160528145,71.61917998610146,11.619179986101459,30.2,36.9,17.0,0.5003366810965919,1295866,Chicago,No court,41.76078630819851,-87.70266357544868
17031830600,Census Tract 8306,Rogers Park,1,2.1128248468201987,3.9159532744476064,64261.0,Q2,4733,46.439890133107966,18.82526938516797,20.959222480456372,14.36429024751428,21.6,31.2,16.1,0.25536566192584675,661394,Chicago,Has court,42.00169801114876,-87.67357383315085
17031830800,Census Tract 8308,Lincoln Square,1,3.9968025579536373,7.696180715480687,85819.0,Q3,2502,75.65947242206235,4.836131095123901,11.750599520383693,6.115107913669065,12.3,25.5,15.2,0.12993457884746956,336529,Chicago,Has court,41.96514132497205,-87.67657749631556
17031830700,Census Tract 8307,Uptown,0,0.0,0.0,67462.0,Q2,4096,51.1962890625,33.056640625,13.76953125,25.44187204381379,22.5,34.0,16.9,0.3328146694115957,861986,Chicago,No court,41.960979586074984,-87.65916645604885
17031830900,Census Tract 8309,Bucktown,0,0.0,0.0,138092.0,Q4 (highest),2918,74.53735435229609,0.7196710075394105,26.593557230980124,3.7774725274725274,14.1,25.6,13.6,0.38242146295658513,990467,Chicago,No court,41.928629713221554,-87.68537284793268
17031835200,Census Tract 8352,Garfield Ridge,0,0.0,0.0,79000.0,Q3,2228,34.8294434470377,7.854578096947935,75.17953321364452,8.123877917414722,25.6,31.8,14.8,0.38167667186102794,988538,Chicago,No court,41.79664363946346,-87.74528660098242
17031839900,Census Tract 8399,Bridgeport,1,2.248201438848921,2.2456725083324374,89712.0,Q3,4448,52.99010791366906,0.876798561151079,39.905575539568346,7.621402877697841,20.7,27.1,14.5,0.4453009048690573,1153324,Chicago,Has court,41.827106914145546,-87.64860469297456
17031839700,Census Tract 8397,Bridgeport,0,0.0,0.0,90149.0,Q3,4802,47.85506039150354,2.4156601416076633,33.77759266972095,10.041753653444676,18.7,24.9,13.6,0.2387605656860186,618387,Chicago,No court,41.83309528110362,-87.65218173990887
17031839800,Census Tract 8398,Bridgeport,0,0.0,0.0,79643.0,Q3,2590,53.66795366795367,2.6254826254826256,13.397683397683396,17.374517374517374,22.4,25.2,14.2,0.10277074642816877,266175,Chicago,No court,41.83506742249829,-87.64316236388424
17031834800,Census Tract 8348,Englewood,1,5.841121495327103,4.317610933108394,21636.0,Q1 (lowest),1712,1.1682242990654206,92.3481308411215,5.081775700934579,30.61101028433152,37.2,45.3,19.9,0.23160956730301452,599866,Chicago,Has court,41.78363363419577,-87.64508823373626
17031834700,Census Tract 8347,Englewood,1,6.784260515603799,3.936205814365242,37000.0,Q1 (lowest),1474,3.3921302578018993,75.50881953867028,21.099050203527817,36.16010854816825,36.1,45.4,20.4,0.25405175622435316,657991,Chicago,Has court,41.79069030494104,-87.64503336486217
17031160800,Census Tract 1608,Irving Park,1,1.8860807242549982,3.938408480238677,83148.0,Q3,5302,50.1508864579404,0.3583553376084497,60.712938513768385,7.746613241747759,28.8,33.3,16.6,0.2539096706239566,657623,Chicago,Has court,41.950213133632275,-87.7128145781344
17031242000,Census Tract 2420,West Town,0,0.0,0.0,151724.0,Q4 (highest),4540,59.889867841409696,18.65638766519824,10.13215859030837,5.88495575221239,13.5,25.1,13.7,0.12616158839345973,326757,Chicago,No court,41.89973715025454,-87.66495365214334
17031251200,Census Tract 2512,Austin,1,2.3518344308560675,3.9106613578060334,64309.0,Q2,4252,6.349952963311383,66.22765757290688,34.52492944496707,6.444026340545625,32.6,39.7,17.8,0.2557112233724635,662289,Chicago,Has court,41.89854909615766,-87.76060396048084
17031251300,Census Tract 2513,Austin,0,0.0,0.0,42182.0,Q1 (lowest),4638,3.6438119879258304,84.21733505821474,9.206554549374731,24.92453643811988,32.3,41.8,18.6,0.25230425778034493,653465,Chicago,No court,41.89842510301878,-87.77038492958128
17031670100,Census Tract 6701,Englewood,0,0.0,0.0,36313.0,Q1 (lowest),1434,5.299860529986053,61.01813110181311,38.633193863319384,25.313807531380757,44.8,47.7,22.5,0.1262137121870835,326892,Chicago,No court,41.79049374081439,-87.6572083533702
17031670600,Census Tract 6706,Englewood,0,0.0,0.0,39000.0,Q1 (lowest),1311,13.424866514111367,54.157131960335626,44.8512585812357,41.64759725400457,42.9,46.7,21.5,0.1262677664915822,327032,Chicago,No court,41.78300550752087,-87.67157719892116
17031670700,Census Tract 6707,Englewood,0,0.0,0.0,29541.0,Q1 (lowest),942,0.0,54.56475583864119,34.07643312101911,48.33153928955867,50.8,51.6,24.1,0.126151163634735,326730,Chicago,No court,41.78306861925133,-87.66673146104185
17031670800,Census Tract 6708,Englewood,1,8.920606601248885,7.9374683955513206,43145.0,Q1 (lowest),1121,1.694915254237288,82.60481712756467,16.503122212310437,21.79023508137432,39.3,45.1,21.1,0.12598475359731395,326299,Chicago,Has court,41.783144230813825,-87.6618790128929
17031670900,Census Tract 6709,Englewood,1,9.00900900900901,7.9376630063348355,30542.0,Q1 (lowest),1110,0.0,74.32432432432432,25.675675675675674,37.747747747747745,34.0,42.1,18.5,0.12598166477991404,326291,Chicago,Has court,41.7832124150465,-87.65702200541972
17031151100,Census Tract 1511,Portage Park,1,1.9790223629527015,3.9192005399139886,76864.0,Q3,5053,50.1088462299624,0.8905600633287156,54.46269542845834,9.406137903547231,25.8,32.2,15.2,0.25515407793395184,660846,Chicago,Has court,41.94229034323702,-87.76171751796599
17031151200,Census Tract 1512,Portage Park,0,0.0,0.0,92201.0,Q3,3935,62.16010165184244,0.3303684879288437,43.04955527318933,12.295501022494888,23.9,30.0,14.4,0.2531224082891504,655584,Chicago,No court,41.942168985833874,-87.7714953484233
17031241500,Census Tract 2415,Wicker Park,0,0.0,0.0,178750.0,Q4 (highest),2690,72.0446096654275,1.0780669144981412,11.933085501858736,5.092936802973978,9.5,22.3,13.9,0.11678548317598382,302473,Chicago,No court,41.90837402474033,-87.67092985513543
17031241100,Census Tract 2411,Wicker Park,0,0.0,0.0,90822.0,Q3,3455,63.61794500723589,7.149059334298119,32.44573082489146,19.63350785340314,18.5,30.0,17.2,0.12772761881522232,330813,Chicago,No court,41.90664031263667,-87.689580099312
17031241600,Census Tract 2416,West Town,0,0.0,0.0,121471.0,Q4 (highest),3508,67.90193842645382,0.0,18.92816419612315,11.37400228050171,12.3,25.1,16.3,0.11348739839721265,293931,Chicago,No court,41.906709711791784,-87.66532774045673
17031241300,Census Tract 2413,Wicker Park,0,0.0,0.0,182829.0,Q4 (highest),1909,77.05605028810896,5.552645364064956,16.34363541121006,10.470324748040314,11.9,25.0,14.6,0.06335357538336085,164085,Chicago,No court,41.90677164540588,-87.68102499193802
17031241400,Census Tract 2414,Wicker Park,3,5.087332541970493,14.981853940708604,200429.0,Q4 (highest),5897,75.93691707647957,4.697303713752755,5.579108021027642,5.222994743089707,10.6,23.3,14.1,0.20024224050458922,518625,Chicago,Has court,41.906031179032084,-87.67531375657008
17031243500,Census Tract 2435,West Town,0,0.0,0.0,169198.0,Q4 (highest),4550,71.42857142857143,5.076923076923077,14.483516483516484,4.373626373626373,10.1,23.7,14.1,0.2540502118156532,657987,Chicago,No court,41.89264946819298,-87.65252272497801
17031250200,Census Tract 2502,Austin,0,0.0,0.0,45019.0,Q1 (lowest),2623,10.5604269919939,49.637819290888295,48.95158215783454,27.106366755623334,34.8,41.2,17.7,0.19274375016409342,499204,Chicago,No court,41.91235084585062,-87.75107298799749
17031250300,Census Tract 2503,Austin,0,0.0,0.0,64537.0,Q2,4882,11.900860303154445,47.86972552232692,41.27406800491602,19.827939369111018,34.7,40.8,18.5,0.23895130016046406,618881,Chicago,No court,41.91284833290547,-87.76085285614118
17031250400,Census Tract 2504,Galewood,2,3.5893754486719307,3.959242542946133,47281.0,Q1 (lowest),5572,15.02153625269203,66.2778176597272,24.748743718592962,15.12921751615219,34.9,42.8,18.4,0.505147128094802,1308325,Chicago,Has court,41.91290493818659,-87.77540575549614
17031250500,Census Tract 2505,Galewood,0,0.0,0.0,120386.0,Q4 (highest),7519,43.077536906503525,23.793057587445137,39.43343529724698,11.783481845990158,21.1,31.7,13.3,0.795980908019651,2061581,Chicago,No court,41.91461807427114,-87.79679618185197
17031520200,Census Tract 5202,East Side,1,3.1017369727047144,2.3374182689487437,46803.0,Q1 (lowest),3224,26.488833746898262,3.163771712158809,87.0347394540943,30.189264660254423,33.9,36.7,16.7,0.4278224455094,1108055,Chicago,Has court,41.71381604288719,-87.53981030284727
17031520300,Census Tract 5203,East Side,1,1.6641704110500914,2.7025378930958706,54175.0,Q2,6009,32.78415709768681,5.09236145781328,86.10417706773174,12.897320685638208,34.2,35.9,16.4,0.3700225638111065,958354,Chicago,Has court,41.701114059757145,-87.53956285974738
17031520400,Census Tract 5204,East Side,0,0.0,0.0,49494.0,Q2,3739,34.92912543460818,2.2733351163412676,83.41802621021664,18.561112596951055,31.6,35.7,15.5,0.2800314132729573,725278,Chicago,No court,41.70300801757881,-87.53070292441947
17031520500,Census Tract 5205,East Side,0,0.0,0.0,84563.0,Q3,5144,34.93390357698289,0.505443234836703,84.03965785381027,13.297045101088647,30.0,33.2,15.1,0.4054605658404595,1050138,Chicago,No court,41.69311601322525,-87.53087177565772
17031520600,Census Tract 5206,East Side,0,0.0,0.0,70750.0,Q3,2616,38.30275229357798,0.8409785932721712,86.54434250764525,7.721712538226299,33.0,34.5,15.8,0.4206108290849224,1089377,Chicago,No court,41.68952050062107,-87.54039997243045
17031660500,Census Tract 6605,Chicago Lawn,0,0.0,0.0,66944.0,Q2,5217,28.579643473260496,4.772857964347326,89.1700210849147,11.5775349817903,33.1,35.3,16.4,0.2537417161778356,657188,Chicago,No court,41.77524615496964,-87.70792709657873
17031660600,Census Tract 6606,Chicago Lawn,0,0.0,0.0,39913.0,Q1 (lowest),5514,17.79107725788901,39.39064200217628,54.678998911860724,25.00906782734857,32.3,39.1,18.5,0.25428998126632246,658608,Chicago,No court,41.77728716278019,-87.69334058046168
17031660700,Census Tract 6607,Chicago Lawn,1,5.793742757821553,5.388163875834493,32864.0,Q1 (lowest),1726,0.0,75.7821552723059,23.92815758980301,27.69409038238702,37.6,44.5,20.0,0.18559197957673934,480681,Chicago,Has court,41.77384535870221,-87.68109546141552
17031660800,Census Tract 6608,Chicago Lawn,0,0.0,0.0,43569.0,Q1 (lowest),6022,25.456658917303223,47.691796745267354,47.392892726668876,36.15951742627346,37.4,42.3,19.7,0.25304750446720214,655390,Chicago,No court,41.77364113466514,-87.69326554348065
17031660900,Census Tract 6609,Chicago Lawn,3,5.644402634054563,4.289425495867062,45572.0,Q1 (lowest),5315,7.789275634995296,59.09689557855127,36.726246472248356,33.53269537480064,36.3,43.4,20.5,0.6993943601283095,1811423,Chicago,Has court,41.76810406428849,-87.69799869880156
17031661000,Census Tract 6610,Chicago Lawn,0,0.0,0.0,49652.0,Q2,5085,4.444444444444445,57.08947885939036,31.83874139626352,26.017699115044245,34.3,42.8,19.1,0.43203520634072434,1118966,Chicago,No court,41.76181770679686,-87.68504680685662
17031320600,Census Tract 3206,Loop,0,0.0,0.0,117847.0,Q4 (highest),6064,52.09432717678101,11.477572559366754,15.336411609498683,12.0446735395189,12.0,22.6,13.6,0.2351628656194546,609069,Chicago,No court,41.87113865016109,-87.61688095273321
17031330200,Census Tract 3302,Near South Side,1,2.4777006937561943,3.4258194227665935,140556.0,Q4 (highest),4036,47.89395441030723,23.860257680872152,6.962338949454907,8.820614469772051,18.4,26.6,11.8,0.29190096633652357,756020,Chicago,Has court,41.86134582391289,-87.63053157121091
17031590500,Census Tract 5905,Mckinley Park,2,12.746972594008922,9.054224217190521,72383.0,Q3,1569,34.92670490758445,6.054811982154239,43.78585086042065,8.382449246889326,23.1,28.1,13.2,0.2208913709252707,572106,Chicago,Has court,41.826664126763404,-87.67990418471767
17031590600,Census Tract 5906,Mckinley Park,0,0.0,0.0,78137.0,Q3,3739,24.204332709280557,3.744316662209147,69.43032896496389,12.570965125709652,28.3,30.4,14.9,0.13435660705763888,347982,Chicago,No court,41.82683323816672,-87.67292441672913
17031671200,Census Tract 6712,Englewood,0,0.0,0.0,42143.0,Q1 (lowest),754,1.4588859416445623,65.6498673740053,31.29973474801061,26.392572944297083,41.6,48.0,22.9,0.0945649169030899,244922,Chicago,No court,41.77669927931111,-87.66658225346453
17031671100,Census Tract 6711,Englewood,0,0.0,0.0,15735.0,Q1 (lowest),892,0.0,100.0,0.0,64.79820627802691,47.4,51.5,23.4,0.09466993669468739,245194,Chicago,No court,41.77677708820735,-87.66171593893888
17031671300,Census Tract 6713,Englewood,2,12.03369434416366,10.687745143552764,29563.0,Q1 (lowest),1662,4.271961492178098,80.68592057761734,19.314079422382672,39.41034897713598,41.8,48.1,21.5,0.18713021064190258,484665,Chicago,Has court,41.773901599736305,-87.67134933183131
17031671500,Census Tract 6715,Englewood,0,0.0,0.0,43203.0,Q1 (lowest),2440,0.36885245901639346,85.04098360655738,14.057377049180328,24.959016393442624,36.1,43.3,19.5,0.2861966928032099,741246,Chicago,No court,41.768172252118696,-87.66963136796915
17031671600,Census Tract 6716,Englewood,0,0.0,0.0,25849.0,Q1 (lowest),1737,1.0362694300518136,93.43696027633851,0.5181347150259068,35.6937248128958,36.4,44.7,19.1,0.15720690597794276,407164,Chicago,No court,41.76949999480415,-87.6615113437655
17031671800,Census Tract 6718,Englewood,0,0.0,0.0,52125.0,Q2,1222,9.083469721767594,68.33060556464812,25.450081833060555,35.188216039279865,35.5,44.0,20.0,0.12518783870813302,324235,Chicago,No court,41.761401030756325,-87.65644807626259
17031671900,Census Tract 6719,Englewood,0,0.0,0.0,36337.0,Q1 (lowest),1070,0.0,72.71028037383176,24.57943925233645,7.850467289719626,32.9,40.5,18.1,0.12434883868187806,322062,Chicago,No court,41.7613256478098,-87.6612802448461
17031030200,Census Tract 302,Edgewater,0,0.0,0.0,103758.0,Q4 (highest),5536,62.66257225433526,2.8359826589595376,25.036127167630056,11.40842523955885,15.1,26.7,14.1,0.2572204967745024,666198,Chicago,No court,41.99444147456254,-87.6652300203484
17031030300,Census Tract 303,Edgewater,0,0.0,0.0,67143.0,Q2,3298,35.53668890236507,18.950879320800485,22.741055184960583,10.278956943602182,22.6,29.7,14.5,0.12129438437552606,314151,Chicago,No court,41.994387546773,-87.6725347948691
17031030400,Census Tract 304,Edgewater,0,0.0,0.0,97442.0,Q4 (highest),2870,64.21602787456446,5.958188153310105,21.0801393728223,13.066202090592336,18.6,29.2,13.6,0.1337789982038527,346486,Chicago,No court,41.98695159499562,-87.67207882161065
17031680900,Census Tract 6809,Englewood,0,0.0,0.0,18333.0,Q1 (lowest),3307,2.2679165406713033,92.04717266404596,1.058361052313275,38.143074581430746,44.3,49.4,22.5,0.39879682840229375,1032879,Chicago,No court,41.776430537437115,-87.637630384517
17031720100,Census Tract 7201,Beverly,0,0.0,0.0,149180.0,Q4 (highest),3329,50.43556623610694,26.103935115650344,15.50015019525383,12.254753999396318,17.8,30.1,12.8,0.7588112377354644,1965312,Chicago,No court,41.72761654885645,-87.674735694503
17031710100,Census Tract 7101,Auburn Gresham,0,0.0,0.0,28287.0,Q1 (lowest),800,0.0,97.625,1.625,45.875,34.2,46.0,18.7,0.08305675547531495,215116,Chicago,No court,41.753391794873515,-87.64197131376972
17031710200,Census Tract 7102,Auburn Gresham,0,0.0,0.0,30871.0,Q1 (lowest),4084,0.3917727717923604,99.60822722820764,0.0,36.777668952007836,40.4,46.5,21.6,0.28640364356900494,741782,Chicago,No court,41.75511307391936,-87.65142523318099
17031710400,Census Tract 7104,Auburn Gresham,0,0.0,0.0,43986.0,Q1 (lowest),5466,0.4207830223197951,93.7431394072448,3.4943285766556897,35.41895353091841,35.5,44.3,18.5,0.38705121413689947,1002458,Chicago,No court,41.75391837470353,-87.67093275516022
17031710500,Census Tract 7105,Auburn Gresham,1,2.664535038635758,3.4606816639141424,44973.0,Q1 (lowest),3753,2.6378896882494005,90.24780175859313,4.84945377031708,31.607047517351845,35.5,44.2,19.4,0.28896041217179386,748404,Chicago,Has court,41.74753153067673,-87.67078741322142
17031710600,Census Tract 7106,Auburn Gresham,0,0.0,0.0,42132.0,Q1 (lowest),1802,9.489456159822419,85.29411764705883,3.718091009988901,21.420643729189788,35.1,44.3,20.3,0.09456916402701479,244933,Chicago,No court,41.7476600672117,-87.66094335964127
17031710800,Census Tract 7108,Auburn Gresham,0,0.0,0.0,37580.0,Q1 (lowest),4714,0.10606703436571914,97.45439117522274,1.8667798048366566,20.623806492679822,35.3,43.7,18.7,0.31516478068624254,816273,Chicago,No court,41.74783671846103,-87.64881259853628
17031160501,Census Tract 1605.01,Irving Park,0,0.0,0.0,76514.0,Q3,3767,39.23546588797451,10.24688080700823,54.63233342182108,6.769312450225644,25.6,31.7,15.8,0.13330100371121412,345248,Chicago,No court,41.95920982697616,-87.71297316635743
17031611200,Census Tract 6112,New City,0,0.0,0.0,41480.0,Q1 (lowest),2322,27.77777777777778,21.53316106804479,70.32730404823428,35.877533419577404,36.2,38.6,18.2,0.12627008310463214,327038,Chicago,No court,41.804993986070045,-87.66244137027272
17031300900,Census Tract 3009,Little Village,0,0.0,0.0,34259.0,Q1 (lowest),3705,18.73144399460189,0.026990553306342778,96.97705802968962,39.78407557354926,40.3,39.1,18.0,0.12637085577230472,327299,Chicago,No court,41.84817964889583,-87.70269927282645
17031061100,Census Tract 611,Wrigleyville,0,0.0,0.0,123750.0,Q4 (highest),1368,75.29239766081871,3.435672514619883,19.15204678362573,5.263157894736842,8.5,21.2,14.9,0.06680957595170325,173036,Chicago,No court,41.94913976377956,-87.65680349237415
17031061500,Census Tract 615,Lake View,0,0.0,0.0,126101.0,Q4 (highest),1843,81.00922409115573,4.232230059685295,5.860010851871948,5.208898534997287,10.0,22.3,14.8,0.06290106363427167,162913,Chicago,No court,41.94528176721732,-87.6615446963866
17031062000,Census Tract 620,Boystown,0,0.0,0.0,133514.0,Q4 (highest),2963,80.22274721565981,4.623692203847452,10.259871751603104,10.766115423557206,10.0,23.0,14.3,0.08686333681854896,224975,Chicago,No court,41.942576880464806,-87.64707858492422
17031062100,Census Tract 621,Lake View,0,0.0,0.0,92313.0,Q3,3602,79.5669072737368,3.9422543031649084,8.995002776235426,7.773459189339256,10.1,21.9,14.8,0.09451974294861598,244805,Chicago,No court,41.9426914709958,-87.65177037524239
17031062200,Census Tract 622,Lake View,0,0.0,0.0,172841.0,Q4 (highest),3226,84.96590204587726,0.3719776813391197,12.647241165530069,8.3384996900186,8.8,21.7,14.3,0.0935610512481139,242322,Chicago,No court,41.94258468283313,-87.6566439915896
17031090200,Census Tract 902,Edison Park,0,0.0,0.0,129787.0,Q4 (highest),6372,81.27746390458255,0.5649717514124294,14.767733835530445,6.042059008160703,15.0,26.1,13.5,0.5906444354182336,1529762,Chicago,No court,42.00559417756195,-87.81309619917884
17031090100,Census Tract 901,Edison Park,0,0.0,0.0,136463.0,Q4 (highest),3467,91.02970868185751,0.25959042399769255,10.98932794923565,8.278050187481972,16.5,27.3,13.4,0.3603981948951115,933427,Chicago,No court,42.01525522449859,-87.81358722888345
17031260400,Census Tract 2604,Garfield Park,0,0.0,0.0,13489.0,Q1 (lowest),1573,0.0,88.81118881118881,9.726636999364272,66.6878575969485,48.0,51.5,24.4,0.1267283863863462,328225,Chicago,No court,41.8842145831622,-87.73804112895397
17031351500,Census Tract 3515,Douglas,0,0.0,0.0,65938.0,Q2,916,10.480349344978166,74.0174672489083,11.790393013100436,31.4410480349345,28.6,39.0,19.9,0.06417828962914114,166221,Chicago,No court,41.827240299255905,-87.62773086502357
17031210800,Census Tract 2108,Avondale,0,0.0,0.0,92375.0,Q3,1063,54.468485418626535,2.4459078080903107,45.8137347130762,8.662900188323917,19.4,28.8,15.4,0.06290762737124651,162930,Chicago,No court,41.93574556630854,-87.69893335666946
17031210900,Census Tract 2109,Avondale,0,0.0,0.0,106083.0,Q4 (highest),2938,67.2566371681416,5.582028590878148,26.10619469026549,7.794417971409122,17.1,28.0,14.4,0.2144272483115752,555364,Chicago,No court,41.93543908937061,-87.69333660157349
17031031200,Census Tract 312,Uptown,0,0.0,0.0,27869.0,Q1 (lowest),5953,30.505627414748865,40.483789685872665,21.56895682848984,35.56220306176316,32.8,36.9,18.1,0.12605270758011233,326475,Chicago,No court,41.972709243107715,-87.65734101661397
17031280900,Census Tract 2809,United Center,0,0.0,0.0,,nan,1173,14.23699914748508,74.50980392156863,0.0,21.057118499573743,22.3,37.4,18.7,0.04428167234751667,114689,Chicago,No court,41.878626119367894,-87.68513239384794
17031301600,Census Tract 3016,Little Village,0,0.0,0.0,30158.0,Q1 (lowest),3481,23.613904050560183,4.424016087331227,90.40505601838552,28.8135593220339,42.7,39.6,18.0,0.12722723039643427,329517,Chicago,No court,41.840757216280224,-87.71225203718653
17031490600,Census Tract 4906,Roseland,0,0.0,0.0,66927.0,Q2,1326,8.823529411764707,86.8024132730015,3.0165912518853695,19.3815987933635,28.2,39.7,15.7,0.2637521872688213,683115,Chicago,No court,41.71797346218146,-87.62833016169076
17031490700,Census Tract 4907,Roseland,1,4.351610095735422,4.048051690264781,42083.0,Q1 (lowest),2298,0.5221932114882507,93.55961705831157,3.0461270670147953,30.8964316797215,36.0,44.3,18.4,0.24703241868302092,639811,Chicago,Has court,41.7107339228481,-87.62836174419789
17031490800,Census Tract 4908,Roseland,0,0.0,0.0,47212.0,Q1 (lowest),3398,0.0,98.79340788699234,0.824014125956445,5.169340463458111,32.4,41.9,16.7,0.4173891925367994,1081033,Chicago,No court,41.71069010443464,-87.61534690159468
17031491000,Census Tract 4910,Roseland,0,0.0,0.0,33065.0,Q1 (lowest),3576,14.205816554809845,80.8165548098434,6.3199105145413865,35.47478162862778,39.2,47.2,21.1,0.49342854098165706,1277974,Chicago,No court,41.699762766744556,-87.62805360173564
17031491100,Census Tract 4911,Roseland,1,2.413709872073377,1.9592193042242931,77045.0,Q3,4143,2.4378469707941104,93.04851556842868,2.0033791938209027,9.197194076383477,28.8,38.3,15.1,0.5104073841268763,1321949,Chicago,Has court,41.69975328841088,-87.63769938562127
17031720200,Census Tract 7202,Beverly,0,0.0,0.0,121080.0,Q4 (highest),4161,44.676760394136025,48.23359769286229,5.888007690459024,2.6097867001254706,18.5,32.0,13.5,0.6457454629133417,1672473,Chicago,No court,41.71304185170682,-87.66605461067459
17031720300,Census Tract 7203,Beverly,0,0.0,0.0,136914.0,Q4 (highest),3434,64.56027955736751,27.955736750145604,2.649970879440885,2.8538147932440303,14.6,27.7,11.8,0.48832388412610406,1264753,Chicago,No court,41.713920061727165,-87.67714391600362
17031720400,Census Tract 7204,Beverly,0,0.0,0.0,122396.0,Q4 (highest),1835,82.72479564032697,6.485013623978202,10.735694822888284,3.1079607415485277,18.2,29.9,15.1,0.2560953950365793,663284,Chicago,No court,41.70999186176499,-87.68666864312283
17031720500,Census Tract 7205,Beverly,0,0.0,0.0,111250.0,Q4 (highest),1888,90.57203389830508,1.1122881355932204,8.951271186440678,3.1779661016949152,14.3,26.0,13.5,0.40238294540360803,1042167,Chicago,No court,41.70283530363434,-87.68910111019298
17031720600,Census Tract 7206,Beverly,0,0.0,0.0,156927.0,Q4 (highest),1930,72.43523316062176,24.71502590673575,1.2953367875647668,5.129533678756477,14.3,26.9,12.1,0.22485509585372596,582372,Chicago,No court,41.702776448351,-87.67720697969762
17031720700,Census Tract 7207,Beverly,0,0.0,0.0,98897.0,Q4 (highest),2993,28.833945873705314,58.503174072836615,3.174072836618777,10.424323421316405,19.4,33.3,14.3,0.4053528433336371,1049859,Chicago,No court,41.703107099765624,-87.66513879019321
17031081100,Census Tract 811,Rush & Division,0,0.0,0.0,79683.0,Q3,4030,78.01488833746897,7.196029776674938,3.5483870967741935,16.253101736972706,13.8,25.4,14.6,0.03976697961534957,102996,Chicago,No court,41.90022117745829,-87.62910486945233
17031241200,Census Tract 2412,Wicker Park,0,0.0,0.0,139688.0,Q4 (highest),1684,71.85273159144893,9.619952494061758,9.144893111638956,9.38799762329174,12.9,23.8,14.4,0.1266866873514472,328117,Chicago,No court,41.90670706354112,-87.6846857518279
