{
  "type": "FeatureCollection",
  "generator": "overpass-turbo",
  "copyright": "The data included in this document is from www.openstreetmap.org. The data is made available under ODbL.",
  "timestamp": "2026-08-13T16:42:19Z",
  "features": [
    {
      "type": "Feature",
      "properties": {
        "@id": "way/32709664",
        "hoops": "2",
        "leisure": "pitch",
        "sport": "basketball"
      },
      "geometry": {
        "type": "Polygon",
        "coordinates": [
          [
            [
              -87.6968421,
              41.9609916
            ],
            [
              -87.6968422,
              41.9607873
            ],
            [
              -87.6966573,
              41.9607873
            ],
            [
              -87.6966573,
              41.9609915
            ],
            [
              -87.6968421,
              41.9609916
            ]
          ]
        ]
      },
      "id": "way/32709664"
    },
    {
      "type": "Feature",
      "properties": {
        "@id": "way/52494915",
        "access": "yes",
        "hoops": "4",
        "leisure": "pitch",
        "lit": "no",
        "sport": "basketball",
        "surface": "paved"
      },
      "geometry": {
        "type": "Polygon",
        "coordinates": [
          [
            [
              -87.6299964,
              41.9158531
            ],
            [
              -87.6300023,
              41.9160829
            ],
            [
              -87.6301856,
              41.9160804
            ],
            [
              -87.6301801,
              41.9158487
            ],
            [
              -87.6299964,
              41.9158531
            ]
          ]
        ]
      },
      "id": "way/52494915"
    },
    {
      "type": "Feature",
      "properties": {
        "@id": "way/116060582",
        "hoops": "2",
        "leisure": "pitch",
        "sport": "basketball"
      },
      "geometry": {
        "type": "Polygon",
        "coordinates": [
          [
            [
              -87.7171099,
              41.8778052
            ],
            [
              -87.7171039,
              41.8775233
            ],
            [
              -87.7169162,
              41.8775255
            ],
            [
              -87.7169222,
              41.8778074
            ],
            [
              -87.7171099,
              41.8778052
            ]
          ]
        ]
      },
      "id": "way/116060582"
    },
    {
      "type": "Feature",
      "properties": {
        "@id": "way/116060587",
        "leisure": "pitch",
        "sport": "basketball"
      },
      "geometry": {
        "type": "Polygon",
        "coordinates": [
          [
            [
              -87.7172441,
              41.8837074
            ],
            [
              -87.7175901,
              41.8837006
            ],
            [
              -87.7175852,
              41.8835628
            ],
            [
              -87.7172393,
              41.8835696
            ],
            [
              -87.7172441,
              41.8837074
            ]
          ]
        ]
      },
      "id": "way/116060587"
    },
    {
      "type": "Feature",
      "properties": {
        "@id": "way/116492180",
        "leisure": "pitch",
        "sport": "basketball"
      },
      "geometry": {
        "type": "Polygon",
        "coordinates": [
          [
            [
              -87.6961538,
              41.8566283
            ],
            [
              -87.6961467,
              41.8564051
            ],
            [
              -87.6959333,
              41.8564089
            ],
            [
              -87.6959404,
              41.8566321
            ],
            [
              -87.6961538,
              41.8566283
            ]
          ]
        ]
      },
      "id": "way/116492180"
    },
    {
      "type": "Feature",
      "properties": {
        "@id": "way/117201916",
        "hoops": "2",
        "leisure": "pitch",
        "sport": "basketball"
      },
      "geometry": {
        "type": "Polygon",
        "coordinates": [
          [
            [
              -87.697619,
              41.95019
            ],
            [
              -87.6978229,
              41.9501865
            ],
            [
              -87.6978185,
              41.9500471
            ],
            [
              -87.6976147,
              41.9500506
            ],
            [
              -87.697619,
              41.95019
            ]
          ]
        ]
      },
      "id": "way/117201916"
    },
    {
      "type": "Feature",
      "properties": {
        "@id": "way/122552994",
        "access": "yes",
        "leisure": "pitch",
        "sport": "basketball"
      },
      "geometry": {
        "type": "Polygon",
        "coordinates": [
          [
            [
              -87.7521226,
              41.922715
            ],
            [
              -87.7522769,
              41.9227133
            ],
            [
              -87.7522725,
              41.9224948
            ],
            [
              -87.7521182,
              41.9224965
            ],
            [
              -87.7521226,
              41.922715
            ]
          ]
        ]
      },
      "id": "way/122552994"
    },
    {
      "type": "Feature",
      "properties": {
        "@id": "way/147054673",
        "access": "yes",
        "leisure": "pitch",
        "sport": "basketball",
        "surface": "asphalt"
      },
      "geometry": {
        "type": "Polygon",
        "coordinates": [
          [
            [
              -87.6997405,
              41.909324
            ],
            [
              -87.6999548,
              41.9092103
            ],
            [
              -87.6998537,
              41.9091047
            ],
            [
              -87.6996393,
              41.9092184
            ],
            [
              -87.6997405,
              41.909324
            ]
          ]
        ]
      },
      "id": "way/147054673"
    },
    {
      "type": "Feature",
      "properties": {
        "@id": "way/153288551",
        "access": "yes",
        "leisure": "pitch",
        "sport": "basketball"
      },
      "geometry": {
        "type": "Polygon",
        "coordinates": [
          [
            [
              -87.6617676,
              42.0122742
            ],
            [
              -87.6615933,
              42.012311
            ],
            [
              -87.6616635,
              42.0124945
            ],
            [
              -87.6618379,
              42.0124577
            ],
            [
              -87.6617676,
              42.0122742
            ]
          ]
        ]
      },
      "id": "way/153288551"
    },
    {
      "type": "Feature",
      "properties": {
        "@id": "way/163146022",
        "leisure": "pitch",
        "sport": "basketball"
      },
      "geometry": {
        "type": "Polygon",
        "coordinates": [
          [
            [
              -87.5951004,
              41.8185665
            ],
            [
              -87.5949582,
              41.8183987
            ],
            [
              -87.5948106,
              41.8184682
            ],
            [
              -87.5949527,
              41.818636
            ],
            [
              -87.5951004,
              41.8185665
            ]
          ]
        ]
      },
      "id": "way/163146022"
    },
    {
      "type": "Feature",
      "properties": {
        "@id": "way/163146025",
        "leisure": "pitch",
        "sport": "basketball"
      },
      "geometry": {
        "type": "Polygon",
        "coordinates": [
          [
            [
              -87.5952812,
              41.8187789
            ],
            [
              -87.5951393,
              41.818613
            ],
            [
              -87.5949917,
              41.8186832
            ],
            [
              -87.5951336,
              41.818849
            ],
            [
              -87.5952812,
              41.8187789
            ]
          ]
        ]
      },
      "id": "way/163146025"
    },
    {
      "type": "Feature",
      "properties": {
        "@id": "way/163792343",
        "access": "private",
        "leisure": "pitch",
        "sport": "basketball"
      },
      "geometry": {
        "type": "Polygon",
        "coordinates": [
          [
            [
              -87.6019396,
              41.8235694
            ],
            [
              -87.6015381,
              41.8230489
            ],
            [
              -87.6013207,
              41.8231421
            ],
            [
              -87.6017221,
              41.8236626
            ],
            [
              -87.6019396,
              41.8235694
            ]
          ]
        ]
      },
      "id": "way/163792343"
    },
    {
      "type": "Feature",
      "properties": {
        "@id": "way/165351015",
        "leisure": "pitch",
        "source": "Bing",
        "sport": "basketball"
      },
      "geometry": {
        "type": "Polygon",
        "coordinates": [
          [
            [
              -87.8282009,
              41.9431541
            ],
            [
              -87.8281767,
              41.9431322
            ],
            [
              -87.8277503,
              41.9431222
            ],
            [
              -87.8277395,
              41.943208
            ],
            [
              -87.8277851,
              41.9433356
            ],
            [
              -87.8278683,
              41.9434154
            ],
            [
              -87.8280346,
              41.9434893
            ],
            [
              -87.8281901,
              41.9435092
            ],
            [
              -87.8282009,
              41.9431541
            ]
          ]
        ]
      },
      "id": "way/165351015"
    },
    {
      "type": "Feature",
      "properties": {
        "@id": "way/165351022",
        "leisure": "pitch",
        "source": "Bing",
        "sport": "basketball"
      },
      "geometry": {
        "type": "Polygon",
        "coordinates": [
          [
            [
              -87.8243787,
              41.9446963
            ],
            [
              -87.8251378,
              41.9446903
            ],
            [
              -87.8251163,
              41.9444728
            ],
            [
              -87.82506,
              41.9443451
            ],
            [
              -87.824891,
              41.9441915
            ],
            [
              -87.8247301,
              41.9440898
            ],
            [
              -87.824545,
              41.9440658
            ],
            [
              -87.8243063,
              41.9440778
            ],
            [
              -87.824317,
              41.9446583
            ],
            [
              -87.8243787,
              41.9446963
            ]
          ]
        ]
      },
      "id": "way/165351022"
    },
    {
      "type": "Feature",
      "properties": {
        "@id": "way/165351038",
        "leisure": "pitch",
        "source": "Bing",
        "sport": "basketball"
      },
      "geometry": {
        "type": "Polygon",
        "coordinates": [
          [
            [
              -87.8261329,
              41.944399
            ],
            [
              -87.8261114,
              41.9439481
            ],
            [
              -87.8256313,
              41.9439541
            ],
            [
              -87.8255384,
              41.9439716
            ],
            [
              -87.8253336,
              41.944006
            ],
            [
              -87.8252692,
              41.9441317
            ],
            [
              -87.8252397,
              41.9443012
            ],
            [
              -87.8252746,
              41.9444828
            ],
            [
              -87.8260337,
              41.9444748
            ],
            [
              -87.8261329,
              41.944399
            ]
          ]
        ]
      },
      "id": "way/165351038"
    },
    {
      "type": "Feature",
      "properties": {
        "@id": "way/165351039",
        "leisure": "pitch",
        "source": "Bing",
        "sport": "basketball"
      },
      "geometry": {
        "type": "Polygon",
        "coordinates": [
          [
            [
              -87.8243573,
              41.9434234
            ],
            [
              -87.8242714,
              41.9434913
            ],
            [
              -87.8243063,
              41.9440778
            ],
            [
              -87.824545,
              41.9440658
            ],
            [
              -87.8247789,
              41.9440318
            ],
            [
              -87.8249891,
              41.9439481
            ],
            [
              -87.8251336,
              41.9437542
            ],
            [
              -87.8251472,
              41.9435987
            ],
            [
              -87.8251324,
              41.9434294
            ],
            [
              -87.8243573,
              41.9434234
            ]
          ]
        ]
      },
      "id": "way/165351039"
    },
    {
      "type": "Feature",
      "properties": {
        "@id": "way/165351041",
        "leisure": "pitch",
        "source": "Bing",
        "sport": "basketball"
      },
      "geometry": {
        "type": "Polygon",
        "coordinates": [
          [
            [
              -87.8260766,
              41.9434274
            ],
            [
              -87.8259934,
              41.9433795
            ],
            [
              -87.8251566,
              41.9433975
            ],
            [
              -87.8251646,
              41.9435072
            ],
            [
              -87.825229,
              41.9437706
            ],
            [
              -87.825347,
              41.9438703
            ],
            [
              -87.8256313,
              41.9439541
            ],
            [
              -87.8261114,
              41.9439481
            ],
            [
              -87.8260766,
              41.9434274
            ]
          ]
        ]
      },
      "id": "way/165351041"
    },
    {
      "type": "Feature",
      "properties": {
        "@id": "way/166390647",
        "leisure": "pitch",
        "source": "Bing",
        "sport": "basketball"
      },
      "geometry": {
        "type": "Polygon",
        "coordinates": [
          [
            [
              -87.8031517,
              41.9897065
            ],
            [
              -87.8035013,
              41.9896207
            ],
            [
              -87.8034263,
              41.9894519
            ],
            [
              -87.8030767,
              41.9895377
            ],
            [
              -87.8031517,
              41.9897065
            ]
          ]
        ]
      },
      "id": "way/166390647"
    },
    {
      "type": "Feature",
      "properties": {
        "@id": "way/166547570",
        "leisure": "pitch",
        "sport": "basketball"
      },
      "geometry": {
        "type": "Polygon",
        "coordinates": [
          [
            [
              -87.6680891,
              41.7608992
            ],
            [
              -87.6680869,
              41.7607581
            ],
            [
              -87.667817,
              41.7607604
            ],
            [
              -87.6678192,
              41.7609015
            ],
            [
              -87.6680891,
              41.7608992
            ]
          ]
        ]
      },
      "id": "way/166547570"
    },
    {
      "type": "Feature",
      "properties": {
        "@id": "way/172227195",
        "leisure": "pitch",
        "sport": "basketball"
      },
      "geometry": {
        "type": "Polygon",
        "coordinates": [
          [
            [
              -87.7244831,
              41.9315225
            ],
            [
              -87.7241478,
              41.9315286
            ],
            [
              -87.7241529,
              41.9316822
            ],
            [
              -87.7244882,
              41.9316761
            ],
            [
              -87.7244831,
              41.9315225
            ]
          ]
        ]
      },
      "id": "way/172227195"
    },
    {
      "type": "Feature",
      "properties": {
        "@id": "way/172583072",
        "leisure": "pitch",
        "sport": "basketball"
      },
      "geometry": {
        "type": "Polygon",
        "coordinates": [
          [
            [
              -87.6159142,
              41.6801247
            ],
            [
              -87.6159062,
              41.6798698
            ],
            [
              -87.6157051,
              41.6798733
            ],
            [
              -87.6157131,
              41.6801282
            ],
            [
              -87.6159142,
              41.6801247
            ]
          ]
        ]
      },
      "id": "way/172583072"
    },
    {
      "type": "Feature",
      "properties": {
        "@id": "way/172897228",
        "access": "yes",
        "leisure": "pitch",
        "sport": "basketball"
      },
      "geometry": {
        "type": "Polygon",
        "coordinates": [
          [
            [
              -87.5849159,
              41.7621916
            ],
            [
              -87.5849112,
              41.7620367
            ],
            [
              -87.5845514,
              41.7620427
            ],
            [
              -87.5845561,
              41.7621976
            ],
            [
              -87.5849159,
              41.7621916
            ]
          ]
        ]
      },
      "id": "way/172897228"
    },
    {
      "type": "Feature",
      "properties": {
        "@id": "way/172897229",
        "leisure": "pitch",
        "sport": "basketball"
      },
      "geometry": {
        "type": "Polygon",
        "coordinates": [
          [
            [
              -87.5839172,
              41.7617908
            ],
            [
              -87.5839098,
              41.7615763
            ],
            [
              -87.5837294,
              41.7615797
            ],
            [
              -87.5837368,
              41.7617943
            ],
            [
              -87.5839172,
              41.7617908
            ]
          ]
        ]
      },
      "id": "way/172897229"
    },
    {
      "type": "Feature",
      "properties": {
        "@id": "way/173723594",
        "leisure": "pitch",
        "sport": "basketball"
      },
      "geometry": {
        "type": "Polygon",
        "coordinates": [
          [
            [
              -87.6703129,
              41.9990688
            ],
            [
              -87.670309,
              41.9989126
            ],
            [
              -87.6699663,
              41.9989173
            ],
            [
              -87.6699702,
              41.9990735
            ],
            [
              -87.6703129,
              41.9990688
            ]
          ]
        ]
      },
      "id": "way/173723594"
    },
    {
      "type": "Feature",
      "properties": {
        "@id": "way/178118069",
        "leisure": "pitch",
        "source": "bing",
        "sport": "basketball"
      },
      "geometry": {
        "type": "Polygon",
        "coordinates": [
          [
            [
              -87.5721078,
              41.7191328
            ],
            [
              -87.5718436,
              41.7191373
            ],
            [
              -87.5718471,
              41.7192514
            ],
            [
              -87.5721112,
              41.7192469
            ],
            [
              -87.5721078,
              41.7191328
            ]
          ]
        ]
      },
      "id": "way/178118069"
    },
    {
      "type": "Feature",
      "properties": {
        "@id": "way/178119248",
        "leisure": "pitch",
        "source": "bing",
        "sport": "basketball"
      },
      "geometry": {
        "type": "Polygon",
        "coordinates": [
          [
            [
              -87.5963676,
              41.7179382
            ],
            [
              -87.5963533,
              41.717682
            ],
            [
              -87.5961343,
              41.7176888
            ],
            [
              -87.5961486,
              41.717945
            ],
            [
              -87.5963676,
              41.7179382
            ]
          ]
        ]
      },
      "id": "way/178119248"
    },
    {
      "type": "Feature",
      "properties": {
        "@id": "way/178134565",
        "leisure": "pitch",
        "source": "bing",
        "sport": "basketball"
      },
      "geometry": {
        "type": "Polygon",
        "coordinates": [
          [
            [
              -87.5998781,
              41.7558193
            ],
            [
              -87.5998717,
              41.7556022
            ],
            [
              -87.5996692,
              41.7556055
            ],
            [
              -87.5996756,
              41.7558226
            ],
            [
              -87.5998781,
              41.7558193
            ]
          ]
        ]
      },
      "id": "way/178134565"
    },
    {
      "type": "Feature",
      "properties": {
        "@id": "way/178543493",
        "leisure": "pitch",
        "lit": "yes",
        "source": "Bing",
        "sport": "basketball",
        "surface": "asphalt"
      },
      "geometry": {
        "type": "Polygon",
        "coordinates": [
          [
            [
              -87.6763112,
              41.9079899
            ],
            [
              -87.6765011,
              41.9078357
            ],
            [
              -87.6763537,
              41.9077351
            ],
            [
              -87.6761638,
              41.9078893
            ],
            [
              -87.6763112,
              41.9079899
            ]
          ]
        ]
      },
      "id": "way/178543493"
    },
    {
      "type": "Feature",
      "properties": {
        "@id": "way/178747277",
        "leisure": "pitch",
        "sport": "basketball"
      },
      "geometry": {
        "type": "Polygon",
        "coordinates": [
          [
            [
              -87.538052,
              41.7201134
            ],
            [
              -87.5382671,
              41.7201114
            ],
            [
              -87.5382632,
              41.7198758
            ],
            [
              -87.538048,
              41.7198778
            ],
            [
              -87.538052,
              41.7201134
            ]
          ]
        ]
      },
      "id": "way/178747277"
    },
    {
      "type": "Feature",
      "properties": {
        "@id": "way/179119871",
        "access": "yes",
        "hoops": "2",
        "leisure": "pitch",
        "source": "bing",
        "sport": "basketball"
      },
      "geometry": {
        "type": "Polygon",
        "coordinates": [
          [
            [
              -87.6606434,
              41.8800082
            ],
            [
              -87.6606395,
              41.8798127
            ],
            [
              -87.6604538,
              41.8798151
            ],
            [
              -87.6604606,
              41.8800127
            ],
            [
              -87.6606434,
              41.8800082
            ]
          ]
        ]
      },
      "id": "way/179119871"
    },
    {
      "type": "Feature",
      "properties": {
        "@id": "way/179614966",
        "access": "yes",
        "hoops": "4",
        "leisure": "pitch",
        "source": "bing",
        "sport": "basketball"
      },
      "geometry": {
        "type": "Polygon",
        "coordinates": [
          [
            [
              -87.5573448,
              41.7334696
            ],
            [
              -87.5573403,
              41.733256
            ],
            [
              -87.5571442,
              41.7332552
            ],
            [
              -87.5571479,
              41.73347
            ],
            [
              -87.5573448,
              41.7334696
            ]
          ]
        ]
      },
      "id": "way/179614966"
    },
    {
      "type": "Feature",
      "properties": {
        "@id": "way/183799435",
        "leisure": "pitch",
        "source": "Bing",
        "sport": "basketball"
      },
      "geometry": {
        "type": "Polygon",
        "coordinates": [
          [
            [
              -87.668137,
              41.9887112
            ],
            [
              -87.6676708,
              41.9884261
            ],
            [
              -87.6675313,
              41.9885398
            ],
            [
              -87.6675474,
              41.988789
            ],
            [
              -87.6681375,
              41.988785
            ],
            [
              -87.668137,
              41.9887112
            ]
          ]
        ]
      },
      "id": "way/183799435"
    },
    {
      "type": "Feature",
      "properties": {
        "@id": "way/184873171",
        "leisure": "pitch",
        "source": "Bing",
        "sport": "basketball"
      },
      "geometry": {
        "type": "Polygon",
        "coordinates": [
          [
            [
              -87.6099295,
              41.8278362
            ],
            [
              -87.6098092,
              41.8276191
            ],
            [
              -87.6093318,
              41.827766
            ],
            [
              -87.6094521,
              41.8279831
            ],
            [
              -87.6099295,
              41.8278362
            ]
          ]
        ]
      },
      "id": "way/184873171"
    },
    {
      "type": "Feature",
      "properties": {
        "@id": "way/186397465",
        "leisure": "pitch",
        "source": "Bing",
        "sport": "basketball"
      },
      "geometry": {
        "type": "Polygon",
        "coordinates": [
          [
            [
              -87.7406649,
              41.8763552
            ],
            [
              -87.7406551,
              41.8760886
            ],
            [
              -87.7404611,
              41.8760925
            ],
            [
              -87.7404709,
              41.8763591
            ],
            [
              -87.7406649,
              41.8763552
            ]
          ]
        ]
      },
      "id": "way/186397465"
    },
    {
      "type": "Feature",
      "properties": {
        "@id": "way/186749635",
        "access": "yes",
        "hoops": "2",
        "leisure": "pitch",
        "sport": "basketball"
      },
      "geometry": {
        "type": "Polygon",
        "coordinates": [
          [
            [
              -87.6079184,
              41.8231603
            ],
            [
              -87.6079118,
              41.8229228
            ],
            [
              -87.6077292,
              41.8229256
            ],
            [
              -87.6077358,
              41.8231632
            ],
            [
              -87.6079184,
              41.8231603
            ]
          ]
        ]
      },
      "id": "way/186749635"
    },
    {
      "type": "Feature",
      "properties": {
        "@id": "way/186758483",
        "leisure": "pitch",
        "source": "Bing",
        "sport": "basketball"
      },
      "geometry": {
        "type": "Polygon",
        "coordinates": [
          [
            [
              -87.6098949,
              41.8145093
            ],
            [
              -87.6098864,
              41.8141921
            ],
            [
              -87.6095682,
              41.8141973
            ],
            [
              -87.6095797,
              41.8145111
            ],
            [
              -87.6098949,
              41.8145093
            ]
          ]
        ]
      },
      "id": "way/186758483"
    },
    {
      "type": "Feature",
      "properties": {
        "@id": "way/187913596",
        "leisure": "pitch",
        "source": "Bing",
        "sport": "basketball"
      },
      "geometry": {
        "type": "Polygon",
        "coordinates": [
          [
            [
              -87.5885446,
              41.7791474
            ],
            [
              -87.5885405,
              41.7790114
            ],
            [
              -87.5881934,
              41.7790133
            ],
            [
              -87.5881947,
              41.7791513
            ],
            [
              -87.5885446,
              41.7791474
            ]
          ]
        ]
      },
      "id": "way/187913596"
    },
    {
      "type": "Feature",
      "properties": {
        "@id": "way/193697625",
        "hoops": "2",
        "leisure": "pitch",
        "sport": "basketball"
      },
      "geometry": {
        "type": "Polygon",
        "coordinates": [
          [
            [
              -87.6645918,
              41.8837817
            ],
            [
              -87.6643238,
              41.8836632
            ],
            [
              -87.6642294,
              41.8837814
            ],
            [
              -87.6644975,
              41.8838999
            ],
            [
              -87.6645918,
              41.8837817
            ]
          ]
        ]
      },
      "id": "way/193697625"
    },
    {
      "type": "Feature",
      "properties": {
        "@id": "way/195824416",
        "access": "yes",
        "leisure": "pitch",
        "source": "Bing",
        "sport": "basketball"
      },
      "geometry": {
        "type": "Polygon",
        "coordinates": [
          [
            [
              -87.7975519,
              41.9986176
            ],
            [
              -87.7975524,
              41.9984235
            ],
            [
              -87.7973695,
              41.9984232
            ],
            [
              -87.7973689,
              41.9986173
            ],
            [
              -87.7975519,
              41.9986176
            ]
          ]
        ]
      },
      "id": "way/195824416"
    },
    {
      "type": "Feature",
      "properties": {
        "@id": "way/197493899",
        "leisure": "pitch",
        "source": "Bing",
        "sport": "basketball"
      },
      "geometry": {
        "type": "Polygon",
        "coordinates": [
          [
            [
              -87.7292587,
              41.9735884
            ],
            [
              -87.7290548,
              41.9735938
            ],
            [
              -87.7290653,
              41.973817
            ],
            [
              -87.7292692,
              41.9738117
            ],
            [
              -87.7292587,
              41.9735884
            ]
          ]
        ]
      },
      "id": "way/197493899"
    },
    {
      "type": "Feature",
      "properties": {
        "@id": "way/201183699",
        "hoops": "2",
        "leisure": "pitch",
        "sport": "basketball",
        "surface": "concrete"
      },
      "geometry": {
        "type": "Polygon",
        "coordinates": [
          [
            [
              -87.6509494,
              41.9482768
            ],
            [
              -87.6509416,
              41.9479974
            ],
            [
              -87.65072,
              41.9480009
            ],
            [
              -87.6507251,
              41.9481849
            ],
            [
              -87.6507277,
              41.9482802
            ],
            [
              -87.6509494,
              41.9482768
            ]
          ]
        ]
      },
      "id": "way/201183699"
    },
    {
      "type": "Feature",
      "properties": {
        "@id": "way/201484903",
        "leisure": "pitch",
        "source": "Bing",
        "sport": "basketball"
      },
      "geometry": {
        "type": "Polygon",
        "coordinates": [
          [
            [
              -87.7666495,
              42.0000459
            ],
            [
              -87.7664889,
              42.0000929
            ],
            [
              -87.7665929,
              42.0002895
            ],
            [
              -87.7667536,
              42.0002426
            ],
            [
              -87.7666495,
              42.0000459
            ]
          ]
        ]
      },
      "id": "way/201484903"
    },
    {
      "type": "Feature",
      "properties": {
        "@id": "way/203451587",
        "leisure": "pitch",
        "source": "Bing",
        "sport": "basketball"
      },
      "geometry": {
        "type": "Polygon",
        "coordinates": [
          [
            [
              -87.6775956,
              42.0153264
            ],
            [
              -87.6773255,
              42.0154642
            ],
            [
              -87.677459,
              42.0156086
            ],
            [
              -87.677729,
              42.0154707
            ],
            [
              -87.6775956,
              42.0153264
            ]
          ]
        ]
      },
      "id": "way/203451587"
    },
    {
      "type": "Feature",
      "properties": {
        "@id": "way/205111092",
        "leisure": "pitch",
        "sport": "basketball"
      },
      "geometry": {
        "type": "Polygon",
        "coordinates": [
          [
            [
              -87.7321286,
              41.8363034
            ],
            [
              -87.7321204,
              41.8359738
            ],
            [
              -87.7318985,
              41.8359768
            ],
            [
              -87.7316753,
              41.8359799
            ],
            [
              -87.7316835,
              41.8363096
            ],
            [
              -87.7321286,
              41.8363034
            ]
          ]
        ]
      },
      "id": "way/205111092"
    },
    {
      "type": "Feature",
      "properties": {
        "@id": "way/207653907",
        "leisure": "pitch",
        "source": "Bing",
        "sport": "basketball"
      },
      "geometry": {
        "type": "Polygon",
        "coordinates": [
          [
            [
              -87.741847,
              41.9629717
            ],
            [
              -87.7418399,
              41.9627553
            ],
            [
              -87.7416387,
              41.962759
            ],
            [
              -87.7416458,
              41.9629754
            ],
            [
              -87.741847,
              41.9629717
            ]
          ]
        ]
      },
      "id": "way/207653907"
    },
    {
      "type": "Feature",
      "properties": {
        "@id": "way/208147563",
        "hoops": "2",
        "leisure": "pitch",
        "sport": "basketball"
      },
      "geometry": {
        "type": "Polygon",
        "coordinates": [
          [
            [
              -87.717489,
              41.946881
            ],
            [
              -87.7173162,
              41.9468845
            ],
            [
              -87.7173247,
              41.9471169
            ],
            [
              -87.7174974,
              41.9471135
            ],
            [
              -87.717489,
              41.946881
            ]
          ]
        ]
      },
      "id": "way/208147563"
    },
    {
      "type": "Feature",
      "properties": {
        "@id": "way/208166470",
        "leisure": "pitch",
        "source": "Bing",
        "sport": "basketball"
      },
      "geometry": {
        "type": "Polygon",
        "coordinates": [
          [
            [
              -87.7033928,
              41.945675
            ],
            [
              -87.7031022,
              41.9456769
            ],
            [
              -87.7031038,
              41.9458127
            ],
            [
              -87.7033944,
              41.9458108
            ],
            [
              -87.7033928,
              41.945675
            ]
          ]
        ]
      },
      "id": "way/208166470"
    },
    {
      "type": "Feature",
      "properties": {
        "@id": "way/208222742",
        "access": "private",
        "hoops": "2",
        "leisure": "pitch",
        "sport": "basketball"
      },
      "geometry": {
        "type": "Polygon",
        "coordinates": [
          [
            [
              -87.7436155,
              41.9599774
            ],
            [
              -87.7435228,
              41.960068
            ],
            [
              -87.7436961,
              41.9601661
            ],
            [
              -87.7437888,
              41.9600756
            ],
            [
              -87.7436155,
              41.9599774
            ]
          ]
        ]
      },
      "id": "way/208222742"
    },
    {
      "type": "Feature",
      "properties": {
        "@id": "way/208407565",
        "leisure": "pitch",
        "source": "Bing",
        "sport": "basketball"
      },
      "geometry": {
        "type": "Polygon",
        "coordinates": [
          [
            [
              -87.7590361,
              41.9638589
            ],
            [
              -87.7588549,
              41.9638649
            ],
            [
              -87.7588681,
              41.9640853
            ],
            [
              -87.7590493,
              41.9640792
            ],
            [
              -87.7590361,
              41.9638589
            ]
          ]
        ]
      },
      "id": "way/208407565"
    },
    {
      "type": "Feature",
      "properties": {
        "@id": "way/208544179",
        "leisure": "pitch",
        "source": "Bing",
        "sport": "basketball"
      },
      "geometry": {
        "type": "Polygon",
        "coordinates": [
          [
            [
              -87.712943,
              41.7922326
            ],
            [
              -87.7129817,
              41.7922313
            ],
            [
              -87.7130195,
              41.7922203
            ],
            [
              -87.7130503,
              41.7922005
            ],
            [
              -87.7130705,
              41.7921742
            ],
            [
              -87.7130778,
              41.7921444
            ],
            [
              -87.7130715,
              41.7921144
            ],
            [
              -87.7130522,
              41.7920878
            ],
            [
              -87.7130221,
              41.7920674
            ],
            [
              -87.7129847,
              41.7920556
            ],
            [
              -87.7129441,
              41.7920538
            ],
            [
              -87.7129051,
              41.792062
            ],
            [
              -87.7128733,
              41.7920785
            ],
            [
              -87.7128501,
              41.7921017
            ],
            [
              -87.7128379,
              41.7921291
            ],
            [
              -87.7128381,
              41.7921579
            ],
            [
              -87.7128505,
              41.7921853
            ],
            [
              -87.7128738,
              41.7922083
            ],
            [
              -87.7129058,
              41.7922246
            ],
            [
              -87.712943,
              41.7922326
            ]
          ]
        ]
      },
      "id": "way/208544179"
    },
    {
      "type": "Feature",
      "properties": {
        "@id": "way/208544233",
        "leisure": "pitch",
        "source": "Bing",
        "sport": "basketball"
      },
      "geometry": {
        "type": "Polygon",
        "coordinates": [
          [
            [
              -87.7129391,
              41.7919938
            ],
            [
              -87.7129782,
              41.7919916
            ],
            [
              -87.7130143,
              41.7919803
            ],
            [
              -87.7130437,
              41.791961
            ],
            [
              -87.7130634,
              41.7919358
            ],
            [
              -87.7130714,
              41.7919072
            ],
            [
              -87.7130669,
              41.7918782
            ],
            [
              -87.7130503,
              41.7918517
            ],
            [
              -87.7130233,
              41.7918306
            ],
            [
              -87.7129868,
              41.7918164
            ],
            [
              -87.7129461,
              41.7918121
            ],
            [
              -87.7129057,
              41.791818
            ],
            [
              -87.7128703,
              41.7918337
            ],
            [
              -87.7128439,
              41.7918572
            ],
            [
              -87.7128295,
              41.7918859
            ],
            [
              -87.7128286,
              41.7919166
            ],
            [
              -87.7128415,
              41.7919457
            ],
            [
              -87.7128666,
              41.79197
            ],
            [
              -87.7129011,
              41.7919867
            ],
            [
              -87.7129391,
              41.7919938
            ]
          ]
        ]
      },
      "id": "way/208544233"
    },
    {
      "type": "Feature",
      "properties": {
        "@id": "way/208808873",
        "leisure": "pitch",
        "source": "Bing",
        "sport": "basketball"
      },
      "geometry": {
        "type": "Polygon",
        "coordinates": [
          [
            [
              -87.7089392,
              41.8760167
            ],
            [
              -87.7086201,
              41.8760233
            ],
            [
              -87.7086245,
              41.8761412
            ],
            [
              -87.7089436,
              41.8761345
            ],
            [
              -87.7089392,
              41.8760167
            ]
          ]
        ]
      },
      "id": "way/208808873"
    },
    {
      "type": "Feature",
      "properties": {
        "@id": "way/208980696",
        "leisure": "pitch",
        "source": "Bing",
        "sport": "basketball"
      },
      "geometry": {
        "type": "Polygon",
        "coordinates": [
          [
            [
              -87.6555139,
              41.6876813
            ],
            [
              -87.6549922,
              41.6876915
            ],
            [
              -87.6550002,
              41.6879209
            ],
            [
              -87.6555219,
              41.6879108
            ],
            [
              -87.6555139,
              41.6876813
            ]
          ]
        ]
      },
      "id": "way/208980696"
    },
    {
      "type": "Feature",
      "properties": {
        "@id": "way/208980743",
        "leisure": "pitch",
        "source": "Bing",
        "sport": "basketball"
      },
      "geometry": {
        "type": "Polygon",
        "coordinates": [
          [
            [
              -87.6597421,
              41.6910996
            ],
            [
              -87.6595704,
              41.6911042
            ],
            [
              -87.6595805,
              41.6913144
            ],
            [
              -87.6597523,
              41.6913098
            ],
            [
              -87.6597421,
              41.6910996
            ]
          ]
        ]
      },
      "id": "way/208980743"
    },
    {
      "type": "Feature",
      "properties": {
        "@id": "way/208988335",
        "leisure": "pitch",
        "source": "Bing",
        "sport": "basketball"
      },
      "geometry": {
        "type": "Polygon",
        "coordinates": [
          [
            [
              -87.6578097,
              41.695919
            ],
            [
              -87.6576007,
              41.6959222
            ],
            [
              -87.6576073,
              41.6961626
            ],
            [
              -87.6578164,
              41.6961594
            ],
            [
              -87.6578097,
              41.695919
            ]
          ]
        ]
      },
      "id": "way/208988335"
    },
    {
      "type": "Feature",
      "properties": {
        "@id": "way/209289835",
        "access": "yes",
        "leisure": "pitch",
        "source": "Bing",
        "sport": "basketball"
      },
      "geometry": {
        "type": "Polygon",
        "coordinates": [
          [
            [
              -87.705564,
              42.0043828
            ],
            [
              -87.7053925,
              42.004382
            ],
            [
              -87.7053909,
              42.0045852
            ],
            [
              -87.7055624,
              42.004586
            ],
            [
              -87.705564,
              42.0043828
            ]
          ]
        ]
      },
      "id": "way/209289835"
    },
    {
      "type": "Feature",
      "properties": {
        "@id": "way/209412994",
        "leisure": "pitch",
        "source": "Bing",
        "sport": "basketball"
      },
      "geometry": {
        "type": "Polygon",
        "coordinates": [
          [
            [
              -87.677047,
              41.9945278
            ],
            [
              -87.6767613,
              41.9945261
            ],
            [
              -87.6767597,
              41.9946736
            ],
            [
              -87.6770453,
              41.9946753
            ],
            [
              -87.677047,
              41.9945278
            ]
          ]
        ]
      },
      "id": "way/209412994"
    },
    {
      "type": "Feature",
      "properties": {
        "@id": "way/209528925",
        "leisure": "pitch",
        "source": "Bing",
        "sport": "basketball"
      },
      "geometry": {
        "type": "Polygon",
        "coordinates": [
          [
            [
              -87.6964525,
              41.9911271
            ],
            [
              -87.6962375,
              41.9911317
            ],
            [
              -87.6962461,
              41.9913533
            ],
            [
              -87.6964611,
              41.9913487
            ],
            [
              -87.6964525,
              41.9911271
            ]
          ]
        ]
      },
      "id": "way/209528925"
    },
    {
      "type": "Feature",
      "properties": {
        "@id": "way/209689291",
        "leisure": "pitch",
        "lit": "no",
        "source": "Bing",
        "sport": "basketball",
        "surface": "asphalt"
      },
      "geometry": {
        "type": "Polygon",
        "coordinates": [
          [
            [
              -87.6880216,
              42.003432
            ],
            [
              -87.68782,
              42.0034357
            ],
            [
              -87.6878217,
              42.0034864
            ],
            [
              -87.6878271,
              42.0036522
            ],
            [
              -87.6880288,
              42.0036485
            ],
            [
              -87.6880216,
              42.003432
            ]
          ]
        ]
      },
      "id": "way/209689291"
    },
    {
      "type": "Feature",
      "properties": {
        "@id": "way/209689294",
        "leisure": "pitch",
        "source": "Bing",
        "sport": "basketball"
      },
      "geometry": {
        "type": "Polygon",
        "coordinates": [
          [
            [
              -87.6880701,
              42.0012987
            ],
            [
              -87.6878681,
              42.0013024
            ],
            [
              -87.6878752,
              42.0015192
            ],
            [
              -87.6880773,
              42.0015155
            ],
            [
              -87.6880701,
              42.0012987
            ]
          ]
        ]
      },
      "id": "way/209689294"
    },
    {
      "type": "Feature",
      "properties": {
        "@id": "way/209689295",
        "leisure": "pitch",
        "source": "Bing",
        "sport": "basketball"
      },
      "geometry": {
        "type": "Polygon",
        "coordinates": [
          [
            [
              -87.6882896,
              42.0013937
            ],
            [
              -87.6880884,
              42.0013974
            ],
            [
              -87.6880956,
              42.0016136
            ],
            [
              -87.6882968,
              42.0016099
            ],
            [
              -87.6882899,
              42.0014032
            ],
            [
              -87.6882896,
              42.0013937
            ]
          ]
        ]
      },
      "id": "way/209689295"
    },
    {
      "type": "Feature",
      "properties": {
        "@id": "way/209689296",
        "leisure": "pitch",
        "source": "Bing",
        "sport": "basketball"
      },
      "geometry": {
        "type": "Polygon",
        "coordinates": [
          [
            [
              -87.6883344,
              42.003425
            ],
            [
              -87.6881349,
              42.0034287
            ],
            [
              -87.688142,
              42.0036436
            ],
            [
              -87.6883415,
              42.0036399
            ],
            [
              -87.6883344,
              42.003425
            ]
          ]
        ]
      },
      "id": "way/209689296"
    },
    {
      "type": "Feature",
      "properties": {
        "@id": "way/209691446",
        "access": "yes",
        "leisure": "pitch",
        "source": "Bing",
        "sport": "basketball"
      },
      "geometry": {
        "type": "Polygon",
        "coordinates": [
          [
            [
              -87.7054425,
              42.007299
            ],
            [
              -87.7049357,
              42.0072952
            ],
            [
              -87.7049329,
              42.0074986
            ],
            [
              -87.7054397,
              42.0075024
            ],
            [
              -87.7054425,
              42.007299
            ]
          ]
        ]
      },
      "id": "way/209691446"
    },
    {
      "type": "Feature",
      "properties": {
        "@id": "way/209751398",
        "leisure": "pitch",
        "source": "Bing",
        "sport": "basketball"
      },
      "geometry": {
        "type": "Polygon",
        "coordinates": [
          [
            [
              -87.7363579,
              41.8360244
            ],
            [
              -87.7352901,
              41.8360393
            ],
            [
              -87.7352961,
              41.8362799
            ],
            [
              -87.736364,
              41.836265
            ],
            [
              -87.7363579,
              41.8360244
            ]
          ]
        ]
      },
      "id": "way/209751398"
    },
    {
      "type": "Feature",
      "properties": {
        "@id": "way/209979912",
        "leisure": "pitch",
        "source": "Bing",
        "sport": "basketball"
      },
      "geometry": {
        "type": "Polygon",
        "coordinates": [
          [
            [
              -87.6713391,
              41.6824811
            ],
            [
              -87.6712024,
              41.682717
            ],
            [
              -87.6714382,
              41.6827932
            ],
            [
              -87.6715749,
              41.6825573
            ],
            [
              -87.6713391,
              41.6824811
            ]
          ]
        ]
      },
      "id": "way/209979912"
    },
    {
      "type": "Feature",
      "properties": {
        "@id": "way/212506585",
        "leisure": "pitch",
        "source": "Bing",
        "sport": "basketball"
      },
      "geometry": {
        "type": "Polygon",
        "coordinates": [
          [
            [
              -87.5653881,
              41.7464598
            ],
            [
              -87.5651603,
              41.7464637
            ],
            [
              -87.5651674,
              41.7466988
            ],
            [
              -87.5653953,
              41.7466949
            ],
            [
              -87.5653881,
              41.7464598
            ]
          ]
        ]
      },
      "id": "way/212506585"
    },
    {
      "type": "Feature",
      "properties": {
        "@id": "way/215326458",
        "access": "yes",
        "leisure": "pitch",
        "source": "Bing",
        "sport": "basketball"
      },
      "geometry": {
        "type": "Polygon",
        "coordinates": [
          [
            [
              -87.6120889,
              41.6574938
            ],
            [
              -87.6117981,
              41.6574949
            ],
            [
              -87.6117999,
              41.6577586
            ],
            [
              -87.6120907,
              41.6577575
            ],
            [
              -87.6120889,
              41.6574938
            ]
          ]
        ]
      },
      "id": "way/215326458"
    },
    {
      "type": "Feature",
      "properties": {
        "@id": "way/215331112",
        "leisure": "pitch",
        "source": "Bing",
        "sport": "basketball"
      },
      "geometry": {
        "type": "Polygon",
        "coordinates": [
          [
            [
              -87.6067938,
              41.6548897
            ],
            [
              -87.6066062,
              41.6548905
            ],
            [
              -87.606608,
              41.6551468
            ],
            [
              -87.6067957,
              41.6551461
            ],
            [
              -87.6067938,
              41.6548897
            ]
          ]
        ]
      },
      "id": "way/215331112"
    },
    {
      "type": "Feature",
      "properties": {
        "@id": "way/215499332",
        "leisure": "pitch",
        "source": "Bing",
        "sport": "basketball"
      },
      "geometry": {
        "type": "Polygon",
        "coordinates": [
          [
            [
              -87.6752722,
              41.7468986
            ],
            [
              -87.6748834,
              41.7468992
            ],
            [
              -87.6748839,
              41.7470723
            ],
            [
              -87.6752727,
              41.7470717
            ],
            [
              -87.6752722,
              41.7468986
            ]
          ]
        ]
      },
      "id": "way/215499332"
    },
    {
      "type": "Feature",
      "properties": {
        "@id": "way/218186050",
        "leisure": "pitch",
        "source": "Bing",
        "sport": "basketball"
      },
      "geometry": {
        "type": "Polygon",
        "coordinates": [
          [
            [
              -87.5672642,
              41.7127113
            ],
            [
              -87.5671174,
              41.7127503
            ],
            [
              -87.5672102,
              41.7129449
            ],
            [
              -87.567357,
              41.7129059
            ],
            [
              -87.5672642,
              41.7127113
            ]
          ]
        ]
      },
      "id": "way/218186050"
    },
    {
      "type": "Feature",
      "properties": {
        "@id": "way/218369231",
        "leisure": "pitch",
        "sport": "basketball"
      },
      "geometry": {
        "type": "Polygon",
        "coordinates": [
          [
            [
              -87.6583693,
              41.857141
            ],
            [
              -87.6583738,
              41.8572672
            ],
            [
              -87.6586362,
              41.8572621
            ],
            [
              -87.6586318,
              41.8571359
            ],
            [
              -87.6583693,
              41.857141
            ]
          ]
        ]
      },
      "id": "way/218369231"
    },
    {
      "type": "Feature",
      "properties": {
        "@id": "way/218399151",
        "leisure": "pitch",
        "source": "Bing",
        "sport": "basketball"
      },
      "geometry": {
        "type": "Polygon",
        "coordinates": [
          [
            [
              -87.565262,
              41.7055324
            ],
            [
              -87.5650907,
              41.7055364
            ],
            [
              -87.5650989,
              41.7057325
            ],
            [
              -87.5652702,
              41.7057285
            ],
            [
              -87.565262,
              41.7055324
            ]
          ]
        ]
      },
      "id": "way/218399151"
    },
    {
      "type": "Feature",
      "properties": {
        "@id": "way/218866633",
        "leisure": "pitch",
        "source": "Bing",
        "sport": "basketball"
      },
      "geometry": {
        "type": "Polygon",
        "coordinates": [
          [
            [
              -87.6360485,
              41.7472883
            ],
            [
              -87.6358651,
              41.7472901
            ],
            [
              -87.6358692,
              41.7475184
            ],
            [
              -87.6360526,
              41.7475166
            ],
            [
              -87.6360485,
              41.7472883
            ]
          ]
        ]
      },
      "id": "way/218866633"
    },
    {
      "type": "Feature",
      "properties": {
        "@id": "way/218985830",
        "leisure": "pitch",
        "source": "Bing",
        "sport": "basketball"
      },
      "geometry": {
        "type": "Polygon",
        "coordinates": [
          [
            [
              -87.6297207,
              41.8547063
            ],
            [
              -87.6294573,
              41.8548546
            ],
            [
              -87.6295653,
              41.8549611
            ],
            [
              -87.6298287,
              41.8548128
            ],
            [
              -87.6297207,
              41.8547063
            ]
          ]
        ]
      },
      "id": "way/218985830"
    },
    {
      "type": "Feature",
      "properties": {
        "@id": "way/219817213",
        "leisure": "pitch",
        "source": "Bing",
        "sport": "basketball"
      },
      "geometry": {
        "type": "Polygon",
        "coordinates": [
          [
            [
              -87.5434423,
              41.6985655
            ],
            [
              -87.5432427,
              41.6985681
            ],
            [
              -87.5432478,
              41.6987805
            ],
            [
              -87.5434474,
              41.6987778
            ],
            [
              -87.5434423,
              41.6985655
            ]
          ]
        ]
      },
      "id": "way/219817213"
    },
    {
      "type": "Feature",
      "properties": {
        "@id": "way/222733730",
        "leisure": "pitch",
        "lit": "yes",
        "source": "Bing",
        "sport": "basketball",
        "surface": "concrete"
      },
      "geometry": {
        "type": "Polygon",
        "coordinates": [
          [
            [
              -87.6606098,
              41.9626871
            ],
            [
              -87.6603672,
              41.9626896
            ],
            [
              -87.6603698,
              41.9628336
            ],
            [
              -87.6606125,
              41.9628311
            ],
            [
              -87.6606098,
              41.9626871
            ]
          ]
        ]
      },
      "id": "way/222733730"
    },
    {
      "type": "Feature",
      "properties": {
        "@id": "way/224615321",
        "leisure": "pitch",
        "source": "Bing",
        "sport": "basketball"
      },
      "geometry": {
        "type": "Polygon",
        "coordinates": [
          [
            [
              -87.6324175,
              41.8251299
            ],
            [
              -87.6320769,
              41.8251349
            ],
            [
              -87.6320809,
              41.8252867
            ],
            [
              -87.6324215,
              41.8252817
            ],
            [
              -87.6324175,
              41.8251299
            ]
          ]
        ]
      },
      "id": "way/224615321"
    },
    {
      "type": "Feature",
      "properties": {
        "@id": "way/224729561",
        "leisure": "pitch",
        "source": "Bing",
        "sport": "basketball"
      },
      "geometry": {
        "type": "Polygon",
        "coordinates": [
          [
            [
              -87.7112353,
              41.9890966
            ],
            [
              -87.7109683,
              41.9890984
            ],
            [
              -87.7109698,
              41.9892279
            ],
            [
              -87.7112369,
              41.9892262
            ],
            [
              -87.7112353,
              41.9890966
            ]
          ]
        ]
      },
      "id": "way/224729561"
    },
    {
      "type": "Feature",
      "properties": {
        "@id": "way/224809104",
        "access": "yes",
        "leisure": "pitch",
        "source": "Bing",
        "sport": "basketball"
      },
      "geometry": {
        "type": "Polygon",
        "coordinates": [
          [
            [
              -87.5933927,
              41.7433883
            ],
            [
              -87.593217,
              41.7433903
            ],
            [
              -87.5932211,
              41.7435864
            ],
            [
              -87.5933967,
              41.7435844
            ],
            [
              -87.5933927,
              41.7433883
            ]
          ]
        ]
      },
      "id": "way/224809104"
    },
    {
      "type": "Feature",
      "properties": {
        "@id": "way/225327664",
        "leisure": "pitch",
        "sport": "basketball"
      },
      "geometry": {
        "type": "Polygon",
        "coordinates": [
          [
            [
              -87.666552,
              41.9280116
            ],
            [
              -87.6667294,
              41.9280084
            ],
            [
              -87.6667231,
              41.9278139
            ],
            [
              -87.6665457,
              41.9278171
            ],
            [
              -87.666552,
              41.9280116
            ]
          ]
        ]
      },
      "id": "way/225327664"
    },
    {
      "type": "Feature",
      "properties": {
        "@id": "way/225327665",
        "leisure": "pitch",
        "sport": "basketball"
      },
      "geometry": {
        "type": "Polygon",
        "coordinates": [
          [
            [
              -87.6664789,
              41.9278174
            ],
            [
              -87.6662967,
              41.9278216
            ],
            [
              -87.666305,
              41.9280232
            ],
            [
              -87.6664872,
              41.9280191
            ],
            [
              -87.6664789,
              41.9278174
            ]
          ]
        ]
      },
      "id": "way/225327665"
    },
    {
      "type": "Feature",
      "properties": {
        "@id": "way/225656178",
        "leisure": "pitch",
        "source": "Bing",
        "sport": "basketball"
      },
      "geometry": {
        "type": "Polygon",
        "coordinates": [
          [
            [
              -87.6703488,
              41.802393
            ],
            [
              -87.6703421,
              41.8021596
            ],
            [
              -87.6698242,
              41.8021679
            ],
            [
              -87.669831,
              41.8024037
            ],
            [
              -87.6699822,
              41.8024013
            ],
            [
              -87.669984,
              41.8024653
            ],
            [
              -87.6702215,
              41.8024615
            ],
            [
              -87.6702196,
              41.8023951
            ],
            [
              -87.6703488,
              41.802393
            ]
          ]
        ]
      },
      "id": "way/225656178"
    },
    {
      "type": "Feature",
      "properties": {
        "@id": "way/225855219",
        "leisure": "pitch",
        "sport": "basketball"
      },
      "geometry": {
        "type": "Polygon",
        "coordinates": [
          [
            [
              -87.7001551,
              41.9417472
            ],
            [
              -87.7001431,
              41.9415257
            ],
            [
              -87.6999578,
              41.9415313
            ],
            [
              -87.6999428,
              41.9415317
            ],
            [
              -87.6999548,
              41.9417532
            ],
            [
              -87.7001551,
              41.9417472
            ]
          ]
        ]
      },
      "id": "way/225855219"
    },
    {
      "type": "Feature",
      "properties": {
        "@id": "way/226045438",
        "leisure": "pitch",
        "source": "Bing",
        "sport": "basketball"
      },
      "geometry": {
        "type": "Polygon",
        "coordinates": [
          [
            [
              -87.7205141,
              41.8030619
            ],
            [
              -87.7203084,
              41.8031899
            ],
            [
              -87.7204202,
              41.8032898
            ],
            [
              -87.7206259,
              41.8031618
            ],
            [
              -87.7205141,
              41.8030619
            ]
          ]
        ]
      },
      "id": "way/226045438"
    },
    {
      "type": "Feature",
      "properties": {
        "@id": "way/226045461",
        "leisure": "pitch",
        "source": "Bing",
        "sport": "basketball"
      },
      "geometry": {
        "type": "Polygon",
        "coordinates": [
          [
            [
              -87.7202539,
              41.8032201
            ],
            [
              -87.7200478,
              41.8033483
            ],
            [
              -87.72016,
              41.8034486
            ],
            [
              -87.7203662,
              41.8033203
            ],
            [
              -87.7202539,
              41.8032201
            ]
          ]
        ]
      },
      "id": "way/226045461"
    },
    {
      "type": "Feature",
      "properties": {
        "@id": "way/226164184",
        "leisure": "pitch",
        "source": "Bing",
        "sport": "basketball"
      },
      "geometry": {
        "type": "Polygon",
        "coordinates": [
          [
            [
              -87.6312866,
              41.7445952
            ],
            [
              -87.6311004,
              41.7445989
            ],
            [
              -87.6311089,
              41.7448321
            ],
            [
              -87.6312951,
              41.7448283
            ],
            [
              -87.6312866,
              41.7445952
            ]
          ]
        ]
      },
      "id": "way/226164184"
    },
    {
      "type": "Feature",
      "properties": {
        "@id": "way/226217584",
        "hoops": "2",
        "leisure": "pitch",
        "sport": "basketball"
      },
      "geometry": {
        "type": "Polygon",
        "coordinates": [
          [
            [
              -87.6155867,
              41.7862073
            ],
            [
              -87.6154019,
              41.7862092
            ],
            [
              -87.615406,
              41.7864386
            ],
            [
              -87.6155908,
              41.7864368
            ],
            [
              -87.6155867,
              41.7862073
            ]
          ]
        ]
      },
      "id": "way/226217584"
    },
    {
      "type": "Feature",
      "properties": {
        "@id": "way/226318743",
        "leisure": "pitch",
        "source": "Bing",
        "sport": "basketball"
      },
      "geometry": {
        "type": "Polygon",
        "coordinates": [
          [
            [
              -87.6391381,
              41.7419224
            ],
            [
              -87.6387135,
              41.7421327
            ],
            [
              -87.6389347,
              41.7423812
            ],
            [
              -87.6393592,
              41.742171
            ],
            [
              -87.6391381,
              41.7419224
            ]
          ]
        ]
      },
      "id": "way/226318743"
    },
    {
      "type": "Feature",
      "properties": {
        "@id": "way/228652223",
        "leisure": "pitch",
        "source": "Bing",
        "sport": "basketball"
      },
      "geometry": {
        "type": "Polygon",
        "coordinates": [
          [
            [
              -87.6985667,
              41.7648191
            ],
            [
              -87.6983655,
              41.7648228
            ],
            [
              -87.6983727,
              41.7650419
            ],
            [
              -87.6985739,
              41.7650382
            ],
            [
              -87.6985667,
              41.7648191
            ]
          ]
        ]
      },
      "id": "way/228652223"
    },
    {
      "type": "Feature",
      "properties": {
        "@id": "way/229030579",
        "leisure": "pitch",
        "source": "Bing",
        "sport": "basketball"
      },
      "geometry": {
        "type": "Polygon",
        "coordinates": [
          [
            [
              -87.6151534,
              41.6547418
            ],
            [
              -87.6149583,
              41.6547439
            ],
            [
              -87.6149629,
              41.6549778
            ],
            [
              -87.6151581,
              41.6549756
            ],
            [
              -87.6151534,
              41.6547418
            ]
          ]
        ]
      },
      "id": "way/229030579"
    },
    {
      "type": "Feature",
      "properties": {
        "@id": "way/229030580",
        "access": "private",
        "leisure": "pitch",
        "source": "Bing",
        "sport": "basketball"
      },
      "geometry": {
        "type": "Polygon",
        "coordinates": [
          [
            [
              -87.6148654,
              41.6574327
            ],
            [
              -87.6146708,
              41.6574568
            ],
            [
              -87.6147229,
              41.6576913
            ],
            [
              -87.6149175,
              41.6576671
            ],
            [
              -87.6148654,
              41.6574327
            ]
          ]
        ]
      },
      "id": "way/229030580"
    },
    {
      "type": "Feature",
      "properties": {
        "@id": "way/229479858",
        "leisure": "pitch",
        "source": "Bing",
        "sport": "basketball"
      },
      "geometry": {
        "type": "Polygon",
        "coordinates": [
          [
            [
              -87.6315273,
              41.6690494
            ],
            [
              -87.6312126,
              41.6689608
            ],
            [
              -87.6311382,
              41.6691084
            ],
            [
              -87.6314528,
              41.669197
            ],
            [
              -87.6315273,
              41.6690494
            ]
          ]
        ]
      },
      "id": "way/229479858"
    },
    {
      "type": "Feature",
      "properties": {
        "@id": "way/230487472",
        "leisure": "pitch",
        "source": "Bing",
        "sport": "basketball"
      },
      "geometry": {
        "type": "Polygon",
        "coordinates": [
          [
            [
              -87.6058019,
              41.6895641
            ],
            [
              -87.6054737,
              41.6895688
            ],
            [
              -87.6054777,
              41.689725
            ],
            [
              -87.6058059,
              41.6897203
            ],
            [
              -87.6058019,
              41.6895641
            ]
          ]
        ]
      },
      "id": "way/230487472"
    },
    {
      "type": "Feature",
      "properties": {
        "@id": "way/230792388",
        "leisure": "pitch",
        "source": "Bing",
        "sport": "basketball"
      },
      "geometry": {
        "type": "Polygon",
        "coordinates": [
          [
            [
              -87.6268703,
              41.8171605
            ],
            [
              -87.6265847,
              41.8171642
            ],
            [
              -87.6265881,
              41.8173117
            ],
            [
              -87.6268737,
              41.8173081
            ],
            [
              -87.6268703,
              41.8171605
            ]
          ]
        ]
      },
      "id": "way/230792388"
    },
    {
      "type": "Feature",
      "properties": {
        "@id": "way/230792391",
        "leisure": "pitch",
        "source": "Bing",
        "sport": "basketball"
      },
      "geometry": {
        "type": "Polygon",
        "coordinates": [
          [
            [
              -87.6267404,
              41.8168576
            ],
            [
              -87.6265473,
              41.8168604
            ],
            [
              -87.6265529,
              41.8170733
            ],
            [
              -87.626746,
              41.8170705
            ],
            [
              -87.6267404,
              41.8168576
            ]
          ]
        ]
      },
      "id": "way/230792391"
    },
    {
      "type": "Feature",
      "properties": {
        "@id": "way/231422175",
        "leisure": "pitch",
        "lit": "yes",
        "source": "Bing",
        "sport": "basketball",
        "surface": "asphalt"
      },
      "geometry": {
        "type": "Polygon",
        "coordinates": [
          [
            [
              -87.6496862,
              41.9626464
            ],
            [
              -87.6494018,
              41.9626542
            ],
            [
              -87.6494086,
              41.9627909
            ],
            [
              -87.649693,
              41.9627831
            ],
            [
              -87.6496862,
              41.9626464
            ]
          ]
        ]
      },
      "id": "way/231422175"
    },
    {
      "type": "Feature",
      "properties": {
        "@id": "way/231504719",
        "leisure": "pitch",
        "source": "Bing",
        "sport": "basketball"
      },
      "geometry": {
        "type": "Polygon",
        "coordinates": [
          [
            [
              -87.7204471,
              41.9871462
            ],
            [
              -87.720235,
              41.9871482
            ],
            [
              -87.7202418,
              41.9873231
            ],
            [
              -87.7202966,
              41.9873661
            ],
            [
              -87.7204508,
              41.9873624
            ],
            [
              -87.7204471,
              41.9871462
            ]
          ]
        ]
      },
      "id": "way/231504719"
    },
    {
      "type": "Feature",
      "properties": {
        "@id": "way/231520130",
        "access": "yes",
        "leisure": "pitch",
        "source": "Bing",
        "sport": "basketball"
      },
      "geometry": {
        "type": "Polygon",
        "coordinates": [
          [
            [
              -87.615743,
              41.7645728
            ],
            [
              -87.6154694,
              41.7645771
            ],
            [
              -87.6154757,
              41.7648003
            ],
            [
              -87.6157494,
              41.7647959
            ],
            [
              -87.615743,
              41.7645728
            ]
          ]
        ]
      },
      "id": "way/231520130"
    },
    {
      "type": "Feature",
      "properties": {
        "@id": "way/231665829",
        "access": "private",
        "leisure": "pitch",
        "source": "Bing",
        "sport": "basketball"
      },
      "geometry": {
        "type": "Polygon",
        "coordinates": [
          [
            [
              -87.6471939,
              41.8365895
            ],
            [
              -87.6470115,
              41.8365926
            ],
            [
              -87.6470168,
              41.8367674
            ],
            [
              -87.6471992,
              41.8367644
            ],
            [
              -87.6471939,
              41.8365895
            ]
          ]
        ]
      },
      "id": "way/231665829"
    },
    {
      "type": "Feature",
      "properties": {
        "@id": "way/231665831",
        "access": "private",
        "leisure": "pitch",
        "source": "Bing",
        "sport": "basketball"
      },
      "geometry": {
        "type": "Polygon",
        "coordinates": [
          [
            [
              -87.6480542,
              41.8367819
            ],
            [
              -87.6480757,
              41.8367959
            ],
            [
              -87.6480944,
              41.8368139
            ],
            [
              -87.6481105,
              41.8368359
            ],
            [
              -87.6481188,
              41.8368579
            ],
            [
              -87.6481534,
              41.8368518
            ],
            [
              -87.6481829,
              41.8368538
            ],
            [
              -87.64821,
              41.8368579
            ],
            [
              -87.6482342,
              41.8368679
            ],
            [
              -87.6482539,
              41.8368799
            ],
            [
              -87.6482688,
              41.8368678
            ],
            [
              -87.6482768,
              41.8368538
            ],
            [
              -87.6482822,
              41.8368339
            ],
            [
              -87.6482851,
              41.836812
            ],
            [
              -87.6482744,
              41.836786
            ],
            [
              -87.6482554,
              41.8367619
            ],
            [
              -87.6482288,
              41.836744
            ],
            [
              -87.6481964,
              41.8367339
            ],
            [
              -87.6481561,
              41.8367299
            ],
            [
              -87.6481212,
              41.8367359
            ],
            [
              -87.648092,
              41.836748
            ],
            [
              -87.6480703,
              41.8367599
            ],
            [
              -87.6480542,
              41.8367819
            ]
          ]
        ]
      },
      "id": "way/231665831"
    },
    {
      "type": "Feature",
      "properties": {
        "@id": "way/231666182",
        "leisure": "pitch",
        "source": "Bing",
        "sport": "basketball"
      },
      "geometry": {
        "type": "Polygon",
        "coordinates": [
          [
            [
              -87.6481237,
              41.8412641
            ],
            [
              -87.6479227,
              41.8412678
            ],
            [
              -87.64793,
              41.8414887
            ],
            [
              -87.648131,
              41.841485
            ],
            [
              -87.6481307,
              41.8414744
            ],
            [
              -87.6481241,
              41.8412763
            ],
            [
              -87.6481237,
              41.8412641
            ]
          ]
        ]
      },
      "id": "way/231666182"
    },
    {
      "type": "Feature",
      "properties": {
        "@id": "way/231894070",
        "leisure": "pitch",
        "source": "Bing",
        "sport": "basketball"
      },
      "geometry": {
        "type": "Polygon",
        "coordinates": [
          [
            [
              -87.7005287,
              41.969929
            ],
            [
              -87.7003589,
              41.9700073
            ],
            [
              -87.7005222,
              41.9702033
            ],
            [
              -87.7006921,
              41.970125
            ],
            [
              -87.7005287,
              41.969929
            ]
          ]
        ]
      },
      "id": "way/231894070"
    },
    {
      "type": "Feature",
      "properties": {
        "@id": "way/231993011",
        "leisure": "pitch",
        "source": "Bing",
        "sport": "basketball"
      },
      "geometry": {
        "type": "Polygon",
        "coordinates": [
          [
            [
              -87.6984794,
              41.9486629
            ],
            [
              -87.6982595,
              41.9486649
            ],
            [
              -87.6982637,
              41.948925
            ],
            [
              -87.6984836,
              41.9489231
            ],
            [
              -87.6984794,
              41.9486629
            ]
          ]
        ]
      },
      "id": "way/231993011"
    },
    {
      "type": "Feature",
      "properties": {
        "@id": "way/232078154",
        "hoops": "2",
        "leisure": "pitch",
        "sport": "basketball"
      },
      "geometry": {
        "type": "Polygon",
        "coordinates": [
          [
            [
              -87.6953258,
              41.9414603
            ],
            [
              -87.6951405,
              41.9414624
            ],
            [
              -87.6951457,
              41.9417155
            ],
            [
              -87.6953,
              41.9417137
            ],
            [
              -87.695331,
              41.9417134
            ],
            [
              -87.6953273,
              41.9415335
            ],
            [
              -87.6953258,
              41.9414603
            ]
          ]
        ]
      },
      "id": "way/232078154"
    },
    {
      "type": "Feature",
      "properties": {
        "@id": "way/232196548",
        "leisure": "pitch",
        "source": "Bing",
        "sport": "basketball"
      },
      "geometry": {
        "type": "Polygon",
        "coordinates": [
          [
            [
              -87.5313158,
              41.7166933
            ],
            [
              -87.5310936,
              41.7166987
            ],
            [
              -87.5311038,
              41.716934
            ],
            [
              -87.531326,
              41.7169286
            ],
            [
              -87.5313158,
              41.7166933
            ]
          ]
        ]
      },
      "id": "way/232196548"
    },
    {
      "type": "Feature",
      "properties": {
        "@id": "way/232956434",
        "leisure": "pitch",
        "source": "Bing",
        "sport": "basketball"
      },
      "geometry": {
        "type": "Polygon",
        "coordinates": [
          [
            [
              -87.5497304,
              41.7431491
            ],
            [
              -87.5494291,
              41.743155
            ],
            [
              -87.5494339,
              41.7432923
            ],
            [
              -87.5497352,
              41.7432864
            ],
            [
              -87.5497304,
              41.7431491
            ]
          ]
        ]
      },
      "id": "way/232956434"
    },
    {
      "type": "Feature",
      "properties": {
        "@id": "way/233049692",
        "leisure": "pitch",
        "source": "Bing",
        "sport": "basketball"
      },
      "geometry": {
        "type": "Polygon",
        "coordinates": [
          [
            [
              -87.6398539,
              41.7038247
            ],
            [
              -87.6395295,
              41.7038306
            ],
            [
              -87.639543,
              41.7042493
            ],
            [
              -87.6398674,
              41.7042435
            ],
            [
              -87.6398539,
              41.7038247
            ]
          ]
        ]
      },
      "id": "way/233049692"
    },
    {
      "type": "Feature",
      "properties": {
        "@id": "way/233681200",
        "leisure": "pitch",
        "source": "Bing",
        "sport": "basketball"
      },
      "geometry": {
        "type": "Polygon",
        "coordinates": [
          [
            [
              -87.6506071,
              41.8009154
            ],
            [
              -87.6503751,
              41.8009197
            ],
            [
              -87.6503814,
              41.8011097
            ],
            [
              -87.6506134,
              41.8011054
            ],
            [
              -87.6506071,
              41.8009154
            ]
          ]
        ]
      },
      "id": "way/233681200"
    },
    {
      "type": "Feature",
      "properties": {
        "@id": "way/234243629",
        "leisure": "pitch",
        "source": "Bing",
        "sport": "basketball"
      },
      "geometry": {
        "type": "Polygon",
        "coordinates": [
          [
            [
              -87.6474425,
              41.6817106
            ],
            [
              -87.64715,
              41.6817189
            ],
            [
              -87.6471594,
              41.6819039
            ],
            [
              -87.6474519,
              41.6818957
            ],
            [
              -87.6474425,
              41.6817106
            ]
          ]
        ]
      },
      "id": "way/234243629"
    },
    {
      "type": "Feature",
      "properties": {
        "@id": "way/234243636",
        "leisure": "pitch",
        "source": "Bing",
        "sport": "basketball"
      },
      "geometry": {
        "type": "Polygon",
        "coordinates": [
          [
            [
              -87.6474283,
              41.6814388
            ],
            [
              -87.6471734,
              41.6814453
            ],
            [
              -87.6471822,
              41.6816366
            ],
            [
              -87.647437,
              41.6816301
            ],
            [
              -87.6474283,
              41.6814388
            ]
          ]
        ]
      },
      "id": "way/234243636"
    },
    {
      "type": "Feature",
      "properties": {
        "@id": "way/234244799",
        "hoops": "2",
        "leisure": "pitch",
        "sport": "basketball"
      },
      "geometry": {
        "type": "Polygon",
        "coordinates": [
          [
            [
              -87.6553138,
              41.6806097
            ],
            [
              -87.6550426,
              41.6806152
            ],
            [
              -87.6550474,
              41.6807474
            ],
            [
              -87.6552904,
              41.6807425
            ],
            [
              -87.6553185,
              41.680742
            ],
            [
              -87.6553138,
              41.6806097
            ]
          ]
        ]
      },
      "id": "way/234244799"
    },
    {
      "type": "Feature",
      "properties": {
        "@id": "way/234342376",
        "leisure": "pitch",
        "source": "Bing",
        "sport": "basketball"
      },
      "geometry": {
        "type": "Polygon",
        "coordinates": [
          [
            [
              -87.6409523,
              41.7568305
            ],
            [
              -87.6407471,
              41.7568326
            ],
            [
              -87.640751,
              41.757051
            ],
            [
              -87.6409562,
              41.757049
            ],
            [
              -87.6409523,
              41.7568305
            ]
          ]
        ]
      },
      "id": "way/234342376"
    },
    {
      "type": "Feature",
      "properties": {
        "@id": "way/234342378",
        "hoops": "4",
        "leisure": "pitch",
        "source": "Bing",
        "sport": "basketball"
      },
      "geometry": {
        "type": "Polygon",
        "coordinates": [
          [
            [
              -87.6359643,
              41.762353
            ],
            [
              -87.6357471,
              41.7622334
            ],
            [
              -87.6354404,
              41.7625433
            ],
            [
              -87.6356576,
              41.7626629
            ],
            [
              -87.6359643,
              41.762353
            ]
          ]
        ]
      },
      "id": "way/234342378"
    },
    {
      "type": "Feature",
      "properties": {
        "@id": "way/234342381",
        "leisure": "pitch",
        "source": "Bing",
        "sport": "basketball"
      },
      "geometry": {
        "type": "Polygon",
        "coordinates": [
          [
            [
              -87.628931,
              41.7614561
            ],
            [
              -87.6287258,
              41.7614606
            ],
            [
              -87.6287359,
              41.7617158
            ],
            [
              -87.628941,
              41.7617113
            ],
            [
              -87.628931,
              41.7614561
            ]
          ]
        ]
      },
      "id": "way/234342381"
    },
    {
      "type": "Feature",
      "properties": {
        "@id": "way/234348471",
        "leisure": "pitch",
        "source": "Bing",
        "sport": "basketball"
      },
      "geometry": {
        "type": "Polygon",
        "coordinates": [
          [
            [
              -87.6687914,
              41.7418519
            ],
            [
              -87.6684525,
              41.7418568
            ],
            [
              -87.6684586,
              41.7420911
            ],
            [
              -87.6687974,
              41.7420862
            ],
            [
              -87.6687914,
              41.7418519
            ]
          ]
        ]
      },
      "id": "way/234348471"
    },
    {
      "type": "Feature",
      "properties": {
        "@id": "way/235789204",
        "hoops": "2",
        "leisure": "pitch",
        "sport": "basketball"
      },
      "geometry": {
        "type": "Polygon",
        "coordinates": [
          [
            [
              -87.6496008,
              41.6727202
            ],
            [
              -87.6494238,
              41.6727228
            ],
            [
              -87.6494301,
              41.6729627
            ],
            [
              -87.6496071,
              41.6729601
            ],
            [
              -87.6496008,
              41.6727202
            ]
          ]
        ]
      },
      "id": "way/235789204"
    },
    {
      "type": "Feature",
      "properties": {
        "@id": "way/236761416",
        "leisure": "pitch",
        "sport": "basketball"
      },
      "geometry": {
        "type": "Polygon",
        "coordinates": [
          [
            [
              -87.7527954,
              41.8778503
            ],
            [
              -87.7527925,
              41.8776865
            ],
            [
              -87.7524493,
              41.87769
            ],
            [
              -87.7524523,
              41.8778538
            ],
            [
              -87.7527954,
              41.8778503
            ]
          ]
        ]
      },
      "id": "way/236761416"
    },
    {
      "type": "Feature",
      "properties": {
        "@id": "way/238497459",
        "leisure": "pitch",
        "sport": "basketball"
      },
      "geometry": {
        "type": "Polygon",
        "coordinates": [
          [
            [
              -87.7626396,
              41.8881119
            ],
            [
              -87.7623457,
              41.8881156
            ],
            [
              -87.7623493,
              41.8882709
            ],
            [
              -87.7626431,
              41.8882671
            ],
            [
              -87.7626396,
              41.8881119
            ]
          ]
        ]
      },
      "id": "way/238497459"
    },
    {
      "type": "Feature",
      "properties": {
        "@id": "way/238497462",
        "leisure": "pitch",
        "sport": "basketball"
      },
      "geometry": {
        "type": "Polygon",
        "coordinates": [
          [
            [
              -87.7662298,
              41.8886505
            ],
            [
              -87.7660535,
              41.8886534
            ],
            [
              -87.7660591,
              41.8888457
            ],
            [
              -87.7662355,
              41.8888428
            ],
            [
              -87.7662298,
              41.8886505
            ]
          ]
        ]
      },
      "id": "way/238497462"
    },
    {
      "type": "Feature",
      "properties": {
        "@id": "way/238944941",
        "leisure": "pitch",
        "sport": "basketball"
      },
      "geometry": {
        "type": "Polygon",
        "coordinates": [
          [
            [
              -87.6380203,
              41.7161812
            ],
            [
              -87.6377021,
              41.7161848
            ],
            [
              -87.6377102,
              41.7165869
            ],
            [
              -87.6380284,
              41.7165833
            ],
            [
              -87.6380203,
              41.7161812
            ]
          ]
        ]
      },
      "id": "way/238944941"
    },
    {
      "type": "Feature",
      "properties": {
        "@id": "way/239365807",
        "hoops": "2",
        "leisure": "pitch",
        "sport": "basketball"
      },
      "geometry": {
        "type": "Polygon",
        "coordinates": [
          [
            [
              -87.6548585,
              41.7284276
            ],
            [
              -87.6548523,
              41.7281545
            ],
            [
              -87.6546832,
              41.7281567
            ],
            [
              -87.6546894,
              41.7284297
            ],
            [
              -87.6548585,
              41.7284276
            ]
          ]
        ]
      },
      "id": "way/239365807"
    },
    {
      "type": "Feature",
      "properties": {
        "@id": "way/239365820",
        "hoops": "2",
        "leisure": "pitch",
        "sport": "basketball"
      },
      "geometry": {
        "type": "Polygon",
        "coordinates": [
          [
            [
              -87.6549192,
              41.7277835
            ],
            [
              -87.6547357,
              41.7277863
            ],
            [
              -87.6547417,
              41.7280055
            ],
            [
              -87.6549251,
              41.7280027
            ],
            [
              -87.6549192,
              41.7277835
            ]
          ]
        ]
      },
      "id": "way/239365820"
    },
    {
      "type": "Feature",
      "properties": {
        "@id": "way/239936207",
        "access": "yes",
        "leisure": "pitch",
        "sport": "basketball"
      },
      "geometry": {
        "type": "Polygon",
        "coordinates": [
          [
            [
              -87.614346,
              41.6922313
            ],
            [
              -87.6141306,
              41.6922354
            ],
            [
              -87.6141399,
              41.6925093
            ],
            [
              -87.6143553,
              41.6925052
            ],
            [
              -87.614346,
              41.6922313
            ]
          ]
        ]
      },
      "id": "way/239936207"
    },
    {
      "type": "Feature",
      "properties": {
        "@id": "way/260349431",
        "area": "yes",
        "leisure": "pitch",
        "sport": "basketball"
      },
      "geometry": {
        "type": "Polygon",
        "coordinates": [
          [
            [
              -87.6500288,
              41.9778806
            ],
            [
              -87.6501829,
              41.9778216
            ],
            [
              -87.6500673,
              41.977645
            ],
            [
              -87.6499115,
              41.9777049
            ],
            [
              -87.6500288,
              41.9778806
            ]
          ]
        ]
      },
      "id": "way/260349431"
    },
    {
      "type": "Feature",
      "properties": {
        "@id": "way/292377473",
        "leisure": "pitch",
        "lit": "no",
        "sport": "basketball",
        "surface": "asphalt"
      },
      "geometry": {
        "type": "Polygon",
        "coordinates": [
          [
            [
              -87.6522916,
              41.9130583
            ],
            [
              -87.6521697,
              41.9129685
            ],
            [
              -87.6519312,
              41.9131477
            ],
            [
              -87.6520531,
              41.9132375
            ],
            [
              -87.6522916,
              41.9130583
            ]
          ]
        ]
      },
      "id": "way/292377473"
    },
    {
      "type": "Feature",
      "properties": {
        "@id": "way/293322194",
        "access": "yes",
        "leisure": "pitch",
        "name": "Basketball Courts",
        "sport": "basketball"
      },
      "geometry": {
        "type": "Polygon",
        "coordinates": [
          [
            [
              -87.8146959,
              41.9792199
            ],
            [
              -87.8149192,
              41.9792223
            ],
            [
              -87.8149256,
              41.9788957
            ],
            [
              -87.8147023,
              41.9788933
            ],
            [
              -87.8146959,
              41.9792199
            ]
          ]
        ]
      },
      "id": "way/293322194"
    },
    {
      "type": "Feature",
      "properties": {
        "@id": "way/300675088",
        "leisure": "pitch",
        "sport": "basketball"
      },
      "geometry": {
        "type": "Polygon",
        "coordinates": [
          [
            [
              -87.6433183,
              41.7041959
            ],
            [
              -87.6433139,
              41.7040388
            ],
            [
              -87.6432015,
              41.7040405
            ],
            [
              -87.6432059,
              41.7041976
            ],
            [
              -87.6433183,
              41.7041959
            ]
          ]
        ]
      },
      "id": "way/300675088"
    },
    {
      "type": "Feature",
      "properties": {
        "@id": "way/301970130",
        "leisure": "pitch",
        "sport": "basketball"
      },
      "geometry": {
        "type": "Polygon",
        "coordinates": [
          [
            [
              -87.6326109,
              41.7570493
            ],
            [
              -87.6326109,
              41.7569312
            ],
            [
              -87.63234,
              41.7569372
            ],
            [
              -87.632348,
              41.7570493
            ],
            [
              -87.6326109,
              41.7570493
            ]
          ]
        ]
      },
      "id": "way/301970130"
    },
    {
      "type": "Feature",
      "properties": {
        "@id": "way/301985310",
        "hoops": "2",
        "leisure": "pitch",
        "sport": "basketball"
      },
      "geometry": {
        "type": "Polygon",
        "coordinates": [
          [
            [
              -87.6610955,
              41.7428756
            ],
            [
              -87.6610898,
              41.7426466
            ],
            [
              -87.6609064,
              41.7426492
            ],
            [
              -87.6609121,
              41.7428781
            ],
            [
              -87.6610955,
              41.7428756
            ]
          ]
        ]
      },
      "id": "way/301985310"
    },
    {
      "type": "Feature",
      "properties": {
        "@id": "way/301985311",
        "hoops": "2",
        "leisure": "pitch",
        "sport": "basketball"
      },
      "geometry": {
        "type": "Polygon",
        "coordinates": [
          [
            [
              -87.660883,
              41.7428777
            ],
            [
              -87.6608781,
              41.7426509
            ],
            [
              -87.6606937,
              41.7426531
            ],
            [
              -87.6606986,
              41.74288
            ],
            [
              -87.660883,
              41.7428777
            ]
          ]
        ]
      },
      "id": "way/301985311"
    },
    {
      "type": "Feature",
      "properties": {
        "@id": "way/302012693",
        "leisure": "pitch",
        "sport": "basketball"
      },
      "geometry": {
        "type": "Polygon",
        "coordinates": [
          [
            [
              -87.6390764,
              41.735006
            ],
            [
              -87.6390658,
              41.7347447
            ],
            [
              -87.6388821,
              41.7347489
            ],
            [
              -87.6388927,
              41.7350101
            ],
            [
              -87.6390764,
              41.735006
            ]
          ]
        ]
      },
      "id": "way/302012693"
    },
    {
      "type": "Feature",
      "properties": {
        "@id": "way/302012694",
        "leisure": "pitch",
        "sport": "basketball"
      },
      "geometry": {
        "type": "Polygon",
        "coordinates": [
          [
            [
              -87.6390615,
              41.7347267
            ],
            [
              -87.639051,
              41.7344735
            ],
            [
              -87.6388727,
              41.7344776
            ],
            [
              -87.6388832,
              41.7347308
            ],
            [
              -87.6390615,
              41.7347267
            ]
          ]
        ]
      },
      "id": "way/302012694"
    },
    {
      "type": "Feature",
      "properties": {
        "@id": "way/302012701",
        "leisure": "pitch",
        "sport": "basketball"
      },
      "geometry": {
        "type": "Polygon",
        "coordinates": [
          [
            [
              -87.6459013,
              41.7383534
            ],
            [
              -87.6458934,
              41.7381203
            ],
            [
              -87.6456776,
              41.7381244
            ],
            [
              -87.6456855,
              41.7383575
            ],
            [
              -87.6459013,
              41.7383534
            ]
          ]
        ]
      },
      "id": "way/302012701"
    },
    {
      "type": "Feature",
      "properties": {
        "@id": "way/313202466",
        "leisure": "pitch",
        "sport": "basketball"
      },
      "geometry": {
        "type": "Polygon",
        "coordinates": [
          [
            [
              -87.6559191,
              41.7750009
            ],
            [
              -87.6559191,
              41.7747475
            ],
            [
              -87.6557108,
              41.7747475
            ],
            [
              -87.6557108,
              41.7750009
            ],
            [
              -87.6559191,
              41.7750009
            ]
          ]
        ]
      },
      "id": "way/313202466"
    },
    {
      "type": "Feature",
      "properties": {
        "@id": "way/313202467",
        "leisure": "pitch",
        "sport": "basketball"
      },
      "geometry": {
        "type": "Polygon",
        "coordinates": [
          [
            [
              -87.6559136,
              41.7753074
            ],
            [
              -87.6559136,
              41.775054
            ],
            [
              -87.6557054,
              41.775054
            ],
            [
              -87.6557054,
              41.7753074
            ],
            [
              -87.6559136,
              41.7753074
            ]
          ]
        ]
      },
      "id": "way/313202467"
    },
    {
      "type": "Feature",
      "properties": {
        "@id": "way/316988545",
        "hoops": "4",
        "leisure": "pitch",
        "lit": "yes",
        "note": "Managed by lincoln park chamber of commerce.",
        "sport": "basketball",
        "surface": "paved"
      },
      "geometry": {
        "type": "Polygon",
        "coordinates": [
          [
            [
              -87.6473964,
              41.9217037
            ],
            [
              -87.6473938,
              41.9214569
            ],
            [
              -87.647166,
              41.9214582
            ],
            [
              -87.6471686,
              41.921705
            ],
            [
              -87.6473964,
              41.9217037
            ]
          ]
        ]
      },
      "id": "way/316988545"
    },
    {
      "type": "Feature",
      "properties": {
        "@id": "way/327524880",
        "leisure": "pitch",
        "sport": "basketball"
      },
      "geometry": {
        "type": "Polygon",
        "coordinates": [
          [
            [
              -87.6615739,
              41.8968962
            ],
            [
              -87.6615775,
              41.8970096
            ],
            [
              -87.6618481,
              41.8970049
            ],
            [
              -87.6618445,
              41.8968915
            ],
            [
              -87.6618075,
              41.8968921
            ],
            [
              -87.6615739,
              41.8968962
            ]
          ]
        ]
      },
      "id": "way/327524880"
    },
    {
      "type": "Feature",
      "properties": {
        "@id": "way/327525077",
        "hoops": "2",
        "leisure": "pitch",
        "sport": "basketball"
      },
      "geometry": {
        "type": "Polygon",
        "coordinates": [
          [
            [
              -87.7182085,
              41.8371171
            ],
            [
              -87.7182156,
              41.8373505
            ],
            [
              -87.7183955,
              41.8373475
            ],
            [
              -87.7183884,
              41.837114
            ],
            [
              -87.7182085,
              41.8371171
            ]
          ]
        ]
      },
      "id": "way/327525077"
    },
    {
      "type": "Feature",
      "properties": {
        "@id": "way/327525078",
        "hoops": "2",
        "leisure": "pitch",
        "sport": "basketball"
      },
      "geometry": {
        "type": "Polygon",
        "coordinates": [
          [
            [
              -87.7186386,
              41.837143
            ],
            [
              -87.7186436,
              41.8373087
            ],
            [
              -87.7187517,
              41.8373069
            ],
            [
              -87.7187467,
              41.8371412
            ],
            [
              -87.7186386,
              41.837143
            ]
          ]
        ]
      },
      "id": "way/327525078"
    },
    {
      "type": "Feature",
      "properties": {
        "@id": "way/327525079",
        "hoops": "2",
        "leisure": "pitch",
        "sport": "basketball"
      },
      "geometry": {
        "type": "Polygon",
        "coordinates": [
          [
            [
              -87.7184254,
              41.8371102
            ],
            [
              -87.7184325,
              41.8373436
            ],
            [
              -87.7186124,
              41.8373406
            ],
            [
              -87.7186053,
              41.8371071
            ],
            [
              -87.7184254,
              41.8371102
            ]
          ]
        ]
      },
      "id": "way/327525079"
    },
    {
      "type": "Feature",
      "properties": {
        "@id": "way/331692997",
        "leisure": "pitch",
        "sport": "basketball"
      },
      "geometry": {
        "type": "Polygon",
        "coordinates": [
          [
            [
              -87.6397817,
              41.8979575
            ],
            [
              -87.6397674,
              41.897628
            ],
            [
              -87.639584,
              41.89763
            ],
            [
              -87.6393546,
              41.8976334
            ],
            [
              -87.6393714,
              41.8979668
            ],
            [
              -87.6395906,
              41.8979621
            ],
            [
              -87.6397817,
              41.8979575
            ]
          ]
        ]
      },
      "id": "way/331692997"
    },
    {
      "type": "Feature",
      "properties": {
        "@id": "way/337812627",
        "access": "private",
        "leisure": "pitch",
        "sport": "basketball"
      },
      "geometry": {
        "type": "Polygon",
        "coordinates": [
          [
            [
              -87.6567484,
              41.8789593
            ],
            [
              -87.6567453,
              41.8788428
            ],
            [
              -87.6564953,
              41.878845
            ],
            [
              -87.6564994,
              41.8789638
            ],
            [
              -87.6567484,
              41.8789593
            ]
          ]
        ]
      },
      "id": "way/337812627"
    },
    {
      "type": "Feature",
      "properties": {
        "@id": "way/346989317",
        "leisure": "pitch",
        "sport": "basketball"
      },
      "geometry": {
        "type": "Polygon",
        "coordinates": [
          [
            [
              -87.5856252,
              41.775772
            ],
            [
              -87.5856439,
              41.7755526
            ],
            [
              -87.5854571,
              41.7755491
            ],
            [
              -87.5854571,
              41.7757685
            ],
            [
              -87.5856252,
              41.775772
            ]
          ]
        ]
      },
      "id": "way/346989317"
    },
    {
      "type": "Feature",
      "properties": {
        "@id": "way/346989378",
        "leisure": "pitch",
        "sport": "basketball"
      },
      "geometry": {
        "type": "Polygon",
        "coordinates": [
          [
            [
              -87.5854944,
              41.7750023
            ],
            [
              -87.5855645,
              41.7748038
            ],
            [
              -87.5853777,
              41.774762
            ],
            [
              -87.585303,
              41.7749606
            ],
            [
              -87.5854944,
              41.7750023
            ]
          ]
        ]
      },
      "id": "way/346989378"
    },
    {
      "type": "Feature",
      "properties": {
        "@id": "way/347369085",
        "leisure": "pitch",
        "sport": "basketball"
      },
      "geometry": {
        "type": "Polygon",
        "coordinates": [
          [
            [
              -87.605983,
              41.832601
            ],
            [
              -87.6060015,
              41.8324655
            ],
            [
              -87.6057335,
              41.8324449
            ],
            [
              -87.6057181,
              41.8325826
            ],
            [
              -87.605983,
              41.832601
            ]
          ]
        ]
      },
      "id": "way/347369085"
    },
    {
      "type": "Feature",
      "properties": {
        "@id": "way/347369899",
        "leisure": "pitch",
        "sport": "basketball"
      },
      "geometry": {
        "type": "Polygon",
        "coordinates": [
          [
            [
              -87.5775597,
              41.7578233
            ],
            [
              -87.5775564,
              41.7575915
            ],
            [
              -87.5773732,
              41.7575929
            ],
            [
              -87.5773765,
              41.7578247
            ],
            [
              -87.5775597,
              41.7578233
            ]
          ]
        ]
      },
      "id": "way/347369899"
    },
    {
      "type": "Feature",
      "properties": {
        "@id": "way/347375851",
        "leisure": "pitch",
        "sport": "basketball"
      },
      "geometry": {
        "type": "Polygon",
        "coordinates": [
          [
            [
              -87.7386414,
              41.9292866
            ],
            [
              -87.7386306,
              41.929083
            ],
            [
              -87.7384858,
              41.929079
            ],
            [
              -87.7384912,
              41.9292906
            ],
            [
              -87.7386414,
              41.9292866
            ]
          ]
        ]
      },
      "id": "way/347375851"
    },
    {
      "type": "Feature",
      "properties": {
        "@id": "way/349213805",
        "leisure": "pitch",
        "sport": "basketball"
      },
      "geometry": {
        "type": "Polygon",
        "coordinates": [
          [
            [
              -87.7004361,
              41.8629483
            ],
            [
              -87.7003626,
              41.8628413
            ],
            [
              -87.7001174,
              41.8629345
            ],
            [
              -87.7001909,
              41.8630416
            ],
            [
              -87.7004361,
              41.8629483
            ]
          ]
        ]
      },
      "id": "way/349213805"
    },
    {
      "type": "Feature",
      "properties": {
        "@id": "way/349225401",
        "leisure": "pitch",
        "lit": "yes",
        "sport": "basketball",
        "surface": "asphalt"
      },
      "geometry": {
        "type": "Polygon",
        "coordinates": [
          [
            [
              -87.6966276,
              41.9689938
            ],
            [
              -87.6966245,
              41.9687956
            ],
            [
              -87.6964505,
              41.9687991
            ],
            [
              -87.6964566,
              41.9689949
            ],
            [
              -87.6966276,
              41.9689938
            ]
          ]
        ]
      },
      "id": "way/349225401"
    },
    {
      "type": "Feature",
      "properties": {
        "@id": "way/349239716",
        "hoops": "2",
        "leisure": "pitch",
        "sport": "basketball"
      },
      "geometry": {
        "type": "Polygon",
        "coordinates": [
          [
            [
              -87.7929533,
              41.98563
            ],
            [
              -87.792916,
              41.9855418
            ],
            [
              -87.7927561,
              41.9855791
            ],
            [
              -87.7927933,
              41.9856673
            ],
            [
              -87.7929533,
              41.98563
            ]
          ]
        ]
      },
      "id": "way/349239716"
    },
    {
      "type": "Feature",
      "properties": {
        "@id": "way/349246274",
        "hoops": "2",
        "leisure": "pitch",
        "sport": "basketball"
      },
      "geometry": {
        "type": "Polygon",
        "coordinates": [
          [
            [
              -87.6157289,
              41.791782
            ],
            [
              -87.6157226,
              41.7914963
            ],
            [
              -87.6155417,
              41.7914985
            ],
            [
              -87.615548,
              41.7917843
            ],
            [
              -87.6157289,
              41.791782
            ]
          ]
        ]
      },
      "id": "way/349246274"
    },
    {
      "type": "Feature",
      "properties": {
        "@id": "way/349246452",
        "hoops": "2",
        "leisure": "pitch",
        "sport": "basketball"
      },
      "geometry": {
        "type": "Polygon",
        "coordinates": [
          [
            [
              -87.6157455,
              41.7923917
            ],
            [
              -87.6157383,
              41.7921588
            ],
            [
              -87.6155512,
              41.7921621
            ],
            [
              -87.6155585,
              41.7923949
            ],
            [
              -87.6157455,
              41.7923917
            ]
          ]
        ]
      },
      "id": "way/349246452"
    },
    {
      "type": "Feature",
      "properties": {
        "@id": "way/349250239",
        "leisure": "pitch",
        "sport": "basketball"
      },
      "geometry": {
        "type": "Polygon",
        "coordinates": [
          [
            [
              -87.6057175,
              41.8036709
            ],
            [
              -87.6057151,
              41.8034532
            ],
            [
              -87.6052562,
              41.8034653
            ],
            [
              -87.6052608,
              41.8036778
            ],
            [
              -87.6057175,
              41.8036709
            ]
          ]
        ]
      },
      "id": "way/349250239"
    },
    {
      "type": "Feature",
      "properties": {
        "@id": "way/349606469",
        "leisure": "pitch",
        "sport": "basketball"
      },
      "geometry": {
        "type": "Polygon",
        "coordinates": [
          [
            [
              -87.739197,
              41.9455286
            ],
            [
              -87.7391339,
              41.9453361
            ],
            [
              -87.7389583,
              41.945367
            ],
            [
              -87.7390183,
              41.9455595
            ],
            [
              -87.739197,
              41.9455286
            ]
          ]
        ]
      },
      "id": "way/349606469"
    },
    {
      "type": "Feature",
      "properties": {
        "@id": "way/349610797",
        "leisure": "pitch",
        "sport": "basketball"
      },
      "geometry": {
        "type": "Polygon",
        "coordinates": [
          [
            [
              -87.7231563,
              41.87116
            ],
            [
              -87.7234511,
              41.8711555
            ],
            [
              -87.723449,
              41.8710192
            ],
            [
              -87.7231502,
              41.8710208
            ],
            [
              -87.7231563,
              41.87116
            ]
          ]
        ]
      },
      "id": "way/349610797"
    },
    {
      "type": "Feature",
      "properties": {
        "@id": "way/349611564",
        "leisure": "pitch",
        "sport": "basketball"
      },
      "geometry": {
        "type": "Polygon",
        "coordinates": [
          [
            [
              -87.6809908,
              41.8235616
            ],
            [
              -87.6809869,
              41.8233477
            ],
            [
              -87.6806334,
              41.8233504
            ],
            [
              -87.6806365,
              41.8235639
            ],
            [
              -87.6809908,
              41.8235616
            ]
          ]
        ]
      },
      "id": "way/349611564"
    },
    {
      "type": "Feature",
      "properties": {
        "@id": "way/349869334",
        "leisure": "pitch",
        "sport": "basketball"
      },
      "geometry": {
        "type": "Polygon",
        "coordinates": [
          [
            [
              -87.7399324,
              41.9218934
            ],
            [
              -87.7399278,
              41.921757
            ],
            [
              -87.7397845,
              41.921757
            ],
            [
              -87.7397907,
              41.9218934
            ],
            [
              -87.7399324,
              41.9218934
            ]
          ]
        ]
      },
      "id": "way/349869334"
    },
    {
      "type": "Feature",
      "properties": {
        "@id": "way/349869495",
        "leisure": "pitch",
        "sport": "basketball"
      },
      "geometry": {
        "type": "Polygon",
        "coordinates": [
          [
            [
              -87.7301524,
              41.9066975
            ],
            [
              -87.7301463,
              41.9065024
            ],
            [
              -87.7299755,
              41.9065024
            ],
            [
              -87.7299796,
              41.906696
            ],
            [
              -87.7301524,
              41.9066975
            ]
          ]
        ]
      },
      "id": "way/349869495"
    },
    {
      "type": "Feature",
      "properties": {
        "@id": "way/349885424",
        "access": "yes",
        "leisure": "pitch",
        "sport": "basketball"
      },
      "geometry": {
        "type": "Polygon",
        "coordinates": [
          [
            [
              -87.6316021,
              41.7141926
            ],
            [
              -87.6315987,
              41.7140003
            ],
            [
              -87.6311415,
              41.7140048
            ],
            [
              -87.6311449,
              41.7141971
            ],
            [
              -87.6316021,
              41.7141926
            ]
          ]
        ]
      },
      "id": "way/349885424"
    },
    {
      "type": "Feature",
      "properties": {
        "@id": "way/350948074",
        "leisure": "pitch",
        "sport": "basketball"
      },
      "geometry": {
        "type": "Polygon",
        "coordinates": [
          [
            [
              -87.8003826,
              41.9434366
            ],
            [
              -87.8003672,
              41.9431387
            ],
            [
              -87.8001947,
              41.9431456
            ],
            [
              -87.8002193,
              41.9434412
            ],
            [
              -87.8003826,
              41.9434366
            ]
          ]
        ]
      },
      "id": "way/350948074"
    },
    {
      "type": "Feature",
      "properties": {
        "@id": "way/350948607",
        "leisure": "pitch",
        "sport": "basketball"
      },
      "geometry": {
        "type": "Polygon",
        "coordinates": [
          [
            [
              -87.7156579,
              41.9113946
            ],
            [
              -87.7156512,
              41.9112599
            ],
            [
              -87.7153923,
              41.9112659
            ],
            [
              -87.7153977,
              41.9113986
            ],
            [
              -87.7156579,
              41.9113946
            ]
          ]
        ]
      },
      "id": "way/350948607"
    },
    {
      "type": "Feature",
      "properties": {
        "@id": "way/350948697",
        "leisure": "pitch",
        "sport": "basketball"
      },
      "geometry": {
        "type": "Polygon",
        "coordinates": [
          [
            [
              -87.7184615,
              41.9143524
            ],
            [
              -87.7184584,
              41.9140945
            ],
            [
              -87.7182877,
              41.9140975
            ],
            [
              -87.7182968,
              41.9143547
            ],
            [
              -87.7184615,
              41.9143524
            ]
          ]
        ]
      },
      "id": "way/350948697"
    },
    {
      "type": "Feature",
      "properties": {
        "@id": "way/351193125",
        "leisure": "pitch",
        "sport": "basketball"
      },
      "geometry": {
        "type": "Polygon",
        "coordinates": [
          [
            [
              -87.6804273,
              41.9368759
            ],
            [
              -87.6804166,
              41.9366524
            ],
            [
              -87.6802047,
              41.9366564
            ],
            [
              -87.6802154,
              41.9368838
            ],
            [
              -87.6804273,
              41.9368759
            ]
          ]
        ]
      },
      "id": "way/351193125"
    },
    {
      "type": "Feature",
      "properties": {
        "@id": "way/351197790",
        "leisure": "pitch",
        "sport": "basketball"
      },
      "geometry": {
        "type": "Polygon",
        "coordinates": [
          [
            [
              -87.5546332,
              41.7602001
            ],
            [
              -87.5544575,
              41.7600317
            ],
            [
              -87.554298,
              41.7601243
            ],
            [
              -87.5544737,
              41.7602926
            ],
            [
              -87.5546332,
              41.7602001
            ]
          ]
        ]
      },
      "id": "way/351197790"
    },
    {
      "type": "Feature",
      "properties": {
        "@id": "way/351241002",
        "leisure": "pitch",
        "sport": "basketball"
      },
      "geometry": {
        "type": "Polygon",
        "coordinates": [
          [
            [
              -87.6930934,
              41.8743047
            ],
            [
              -87.6930893,
              41.8741743
            ],
            [
              -87.6930888,
              41.8741567
            ],
            [
              -87.693038,
              41.8741567
            ],
            [
              -87.6930426,
              41.8743036
            ],
            [
              -87.6930934,
              41.8743047
            ]
          ]
        ]
      },
      "id": "way/351241002"
    },
    {
      "type": "Feature",
      "properties": {
        "@id": "way/351241386",
        "leisure": "pitch",
        "sport": "basketball"
      },
      "geometry": {
        "type": "Polygon",
        "coordinates": [
          [
            [
              -87.7033198,
              41.8757905
            ],
            [
              -87.7033183,
              41.8755553
            ],
            [
              -87.7031396,
              41.8755542
            ],
            [
              -87.7031396,
              41.8757893
            ],
            [
              -87.7033198,
              41.8757905
            ]
          ]
        ]
      },
      "id": "way/351241386"
    },
    {
      "type": "Feature",
      "properties": {
        "@id": "way/351265374",
        "leisure": "pitch",
        "sport": "basketball"
      },
      "geometry": {
        "type": "Polygon",
        "coordinates": [
          [
            [
              -87.7181471,
              41.8753874
            ],
            [
              -87.71806,
              41.875202
            ],
            [
              -87.7178958,
              41.8752448
            ],
            [
              -87.717983,
              41.8754302
            ],
            [
              -87.7181471,
              41.8753874
            ]
          ]
        ]
      },
      "id": "way/351265374"
    },
    {
      "type": "Feature",
      "properties": {
        "@id": "way/351472741",
        "layer": "1",
        "leisure": "pitch",
        "sport": "basketball"
      },
      "geometry": {
        "type": "Polygon",
        "coordinates": [
          [
            [
              -87.6520737,
              41.679106
            ],
            [
              -87.6523417,
              41.6789173
            ],
            [
              -87.6520182,
              41.6786895
            ],
            [
              -87.6517656,
              41.6788782
            ],
            [
              -87.6520737,
              41.679106
            ]
          ]
        ]
      },
      "id": "way/351472741"
    },
    {
      "type": "Feature",
      "properties": {
        "@id": "way/351705372",
        "leisure": "pitch",
        "sport": "basketball"
      },
      "geometry": {
        "type": "Polygon",
        "coordinates": [
          [
            [
              -87.645151,
              41.9058078
            ],
            [
              -87.645144,
              41.9055675
            ],
            [
              -87.6446291,
              41.9055759
            ],
            [
              -87.6446362,
              41.9058161
            ],
            [
              -87.645151,
              41.9058078
            ]
          ]
        ]
      },
      "id": "way/351705372"
    },
    {
      "type": "Feature",
      "properties": {
        "@id": "way/351706450",
        "access": "yes",
        "leisure": "pitch",
        "sport": "basketball"
      },
      "geometry": {
        "type": "Polygon",
        "coordinates": [
          [
            [
              -87.623269,
              41.7211555
            ],
            [
              -87.6232659,
              41.720937
            ],
            [
              -87.6230595,
              41.7209393
            ],
            [
              -87.6230626,
              41.7211555
            ],
            [
              -87.623269,
              41.7211555
            ]
          ]
        ]
      },
      "id": "way/351706450"
    },
    {
      "type": "Feature",
      "properties": {
        "@id": "way/351706451",
        "leisure": "pitch",
        "sport": "basketball"
      },
      "geometry": {
        "type": "Polygon",
        "coordinates": [
          [
            [
              -87.6225762,
              41.7185601
            ],
            [
              -87.6225708,
              41.7183759
            ],
            [
              -87.6221041,
              41.7183719
            ],
            [
              -87.6221094,
              41.7185601
            ],
            [
              -87.6225762,
              41.7185601
            ]
          ]
        ]
      },
      "id": "way/351706451"
    },
    {
      "type": "Feature",
      "properties": {
        "@id": "way/351708848",
        "leisure": "pitch",
        "sport": "basketball"
      },
      "geometry": {
        "type": "Polygon",
        "coordinates": [
          [
            [
              -87.7697389,
              41.9123945
            ],
            [
              -87.7697287,
              41.9121676
            ],
            [
              -87.7695539,
              41.9121691
            ],
            [
              -87.7695569,
              41.9122533
            ],
            [
              -87.769562,
              41.9123975
            ],
            [
              -87.7697389,
              41.9123945
            ]
          ]
        ]
      },
      "id": "way/351708848"
    },
    {
      "type": "Feature",
      "properties": {
        "@id": "way/351708856",
        "leisure": "pitch",
        "sport": "basketball"
      },
      "geometry": {
        "type": "Polygon",
        "coordinates": [
          [
            [
              -87.7686452,
              41.9124816
            ],
            [
              -87.7686606,
              41.9124828
            ],
            [
              -87.7686775,
              41.9124725
            ],
            [
              -87.7686991,
              41.9124587
            ],
            [
              -87.7687037,
              41.9124427
            ],
            [
              -87.7687037,
              41.9124278
            ],
            [
              -87.7686976,
              41.9124129
            ],
            [
              -87.7686883,
              41.9124037
            ],
            [
              -87.7686745,
              41.9123945
            ],
            [
              -87.7686621,
              41.9123888
            ],
            [
              -87.7686452,
              41.9123842
            ],
            [
              -87.7686452,
              41.9124816
            ]
          ]
        ]
      },
      "id": "way/351708856"
    },
    {
      "type": "Feature",
      "properties": {
        "@id": "way/351709827",
        "leisure": "pitch",
        "sport": "basketball"
      },
      "geometry": {
        "type": "Polygon",
        "coordinates": [
          [
            [
              -87.7542506,
              41.9057243
            ],
            [
              -87.7542483,
              41.9055071
            ],
            [
              -87.7540662,
              41.9055105
            ],
            [
              -87.7540685,
              41.9057295
            ],
            [
              -87.7542506,
              41.9057243
            ]
          ]
        ]
      },
      "id": "way/351709827"
    },
    {
      "type": "Feature",
      "properties": {
        "@id": "way/352618831",
        "access": "yes",
        "leisure": "pitch",
        "sport": "basketball",
        "surface": "paved"
      },
      "geometry": {
        "type": "Polygon",
        "coordinates": [
          [
            [
              -87.648037,
              41.8565491
            ],
            [
              -87.6480346,
              41.8564135
            ],
            [
              -87.6477358,
              41.8564152
            ],
            [
              -87.6477404,
              41.8565509
            ],
            [
              -87.648037,
              41.8565491
            ]
          ]
        ]
      },
      "id": "way/352618831"
    },
    {
      "type": "Feature",
      "properties": {
        "@id": "way/352620819",
        "leisure": "pitch",
        "sport": "basketball"
      },
      "geometry": {
        "type": "Polygon",
        "coordinates": [
          [
            [
              -87.6210019,
              41.8261787
            ],
            [
              -87.6209942,
              41.8257758
            ],
            [
              -87.6208201,
              41.8257769
            ],
            [
              -87.6208263,
              41.826181
            ],
            [
              -87.6210019,
              41.8261787
            ]
          ]
        ]
      },
      "id": "way/352620819"
    },
    {
      "type": "Feature",
      "properties": {
        "@id": "way/352621181",
        "access": "yes",
        "leisure": "pitch",
        "sport": "basketball"
      },
      "geometry": {
        "type": "Polygon",
        "coordinates": [
          [
            [
              -87.6480054,
              41.8279272
            ],
            [
              -87.6480023,
              41.827739
            ],
            [
              -87.6478359,
              41.8277413
            ],
            [
              -87.6478359,
              41.8279226
            ],
            [
              -87.6480054,
              41.8279272
            ]
          ]
        ]
      },
      "id": "way/352621181"
    },
    {
      "type": "Feature",
      "properties": {
        "@id": "way/352622150",
        "leisure": "pitch",
        "sport": "basketball"
      },
      "geometry": {
        "type": "Polygon",
        "coordinates": [
          [
            [
              -87.6540594,
              41.8391929
            ],
            [
              -87.6539115,
              41.8390162
            ],
            [
              -87.6537559,
              41.8390931
            ],
            [
              -87.6539054,
              41.8392629
            ],
            [
              -87.6540594,
              41.8391929
            ]
          ]
        ]
      },
      "id": "way/352622150"
    },
    {
      "type": "Feature",
      "properties": {
        "@id": "way/352652570",
        "access": "yes",
        "leisure": "pitch",
        "sport": "basketball"
      },
      "geometry": {
        "type": "Polygon",
        "coordinates": [
          [
            [
              -87.6144373,
              41.6920311
            ],
            [
              -87.614747,
              41.6920264
            ],
            [
              -87.614743,
              41.6918796
            ],
            [
              -87.6144333,
              41.6918843
            ],
            [
              -87.6144373,
              41.6920311
            ]
          ]
        ]
      },
      "id": "way/352652570"
    },
    {
      "type": "Feature",
      "properties": {
        "@id": "way/352655448",
        "hoops": "2",
        "leisure": "pitch",
        "sport": "basketball"
      },
      "geometry": {
        "type": "Polygon",
        "coordinates": [
          [
            [
              -87.6341927,
              41.7267179
            ],
            [
              -87.6341878,
              41.726503
            ],
            [
              -87.6340028,
              41.7265054
            ],
            [
              -87.6340077,
              41.7267203
            ],
            [
              -87.6341927,
              41.7267179
            ]
          ]
        ]
      },
      "id": "way/352655448"
    },
    {
      "type": "Feature",
      "properties": {
        "@id": "way/352659596",
        "access": "yes",
        "leisure": "pitch",
        "sport": "basketball"
      },
      "geometry": {
        "type": "Polygon",
        "coordinates": [
          [
            [
              -87.5979671,
              41.7244259
            ],
            [
              -87.5979617,
              41.7242278
            ],
            [
              -87.59779,
              41.7242258
            ],
            [
              -87.5977981,
              41.7244219
            ],
            [
              -87.5979671,
              41.7244259
            ]
          ]
        ]
      },
      "id": "way/352659596"
    },
    {
      "type": "Feature",
      "properties": {
        "@id": "way/352854279",
        "leisure": "pitch",
        "sport": "basketball"
      },
      "geometry": {
        "type": "Polygon",
        "coordinates": [
          [
            [
              -87.5993058,
              41.7640116
            ],
            [
              -87.5993043,
              41.7638702
            ],
            [
              -87.5986834,
              41.7638794
            ],
            [
              -87.5986865,
              41.7640196
            ],
            [
              -87.5993058,
              41.7640116
            ]
          ]
        ]
      },
      "id": "way/352854279"
    },
    {
      "type": "Feature",
      "properties": {
        "@id": "way/352855268",
        "leisure": "pitch",
        "sport": "basketball"
      },
      "geometry": {
        "type": "Polygon",
        "coordinates": [
          [
            [
              -87.6081978,
              41.7401376
            ],
            [
              -87.6081967,
              41.7399355
            ],
            [
              -87.6080017,
              41.7399355
            ],
            [
              -87.6080087,
              41.7401402
            ],
            [
              -87.6081978,
              41.7401376
            ]
          ]
        ]
      },
      "id": "way/352855268"
    },
    {
      "type": "Feature",
      "properties": {
        "@id": "way/352856817",
        "leisure": "pitch",
        "sport": "basketball"
      },
      "geometry": {
        "type": "Polygon",
        "coordinates": [
          [
            [
              -87.7805344,
              41.7891019
            ],
            [
              -87.7805295,
              41.788866
            ],
            [
              -87.7800516,
              41.7888719
            ],
            [
              -87.7800569,
              41.7891139
            ],
            [
              -87.7805344,
              41.7891019
            ]
          ]
        ]
      },
      "id": "way/352856817"
    },
    {
      "type": "Feature",
      "properties": {
        "@id": "way/352857106",
        "leisure": "pitch",
        "sport": "basketball"
      },
      "geometry": {
        "type": "Polygon",
        "coordinates": [
          [
            [
              -87.7642361,
              41.7858081
            ],
            [
              -87.7642245,
              41.7856775
            ],
            [
              -87.7639583,
              41.7856879
            ],
            [
              -87.763963,
              41.7857436
            ],
            [
              -87.7637038,
              41.7857506
            ],
            [
              -87.7637108,
              41.7858829
            ],
            [
              -87.76397,
              41.785876
            ],
            [
              -87.7639676,
              41.7858168
            ],
            [
              -87.7642361,
              41.7858081
            ]
          ]
        ]
      },
      "id": "way/352857106"
    },
    {
      "type": "Feature",
      "properties": {
        "@id": "way/352857487",
        "leisure": "pitch",
        "sport": "basketball"
      },
      "geometry": {
        "type": "Polygon",
        "coordinates": [
          [
            [
              -87.7988614,
              41.7845372
            ],
            [
              -87.7991451,
              41.784532
            ],
            [
              -87.7991439,
              41.784384
            ],
            [
              -87.7988544,
              41.7843857
            ],
            [
              -87.7988614,
              41.7845372
            ]
          ]
        ]
      },
      "id": "way/352857487"
    },
    {
      "type": "Feature",
      "properties": {
        "@id": "way/354392227",
        "access": "yes",
        "leisure": "pitch",
        "sport": "basketball",
        "surface": "asphalt"
      },
      "geometry": {
        "type": "Polygon",
        "coordinates": [
          [
            [
              -87.6745089,
              41.8967606
            ],
            [
              -87.6745043,
              41.8965656
            ],
            [
              -87.6743348,
              41.8965679
            ],
            [
              -87.6743379,
              41.8967629
            ],
            [
              -87.6745089,
              41.8967606
            ]
          ]
        ]
      },
      "id": "way/354392227"
    },
    {
      "type": "Feature",
      "properties": {
        "@id": "way/354395038",
        "leisure": "pitch",
        "sport": "basketball"
      },
      "geometry": {
        "type": "Polygon",
        "coordinates": [
          [
            [
              -87.661348,
              41.9338367
            ],
            [
              -87.661613,
              41.9338301
            ],
            [
              -87.6616072,
              41.9336994
            ],
            [
              -87.6613422,
              41.9337059
            ],
            [
              -87.661348,
              41.9338367
            ]
          ]
        ]
      },
      "id": "way/354395038"
    },
    {
      "type": "Feature",
      "properties": {
        "@id": "way/354396361",
        "leisure": "pitch",
        "sport": "basketball"
      },
      "geometry": {
        "type": "Polygon",
        "coordinates": [
          [
            [
              -87.7583824,
              41.9282248
            ],
            [
              -87.7583824,
              41.9280289
            ],
            [
              -87.7582052,
              41.92803
            ],
            [
              -87.7582068,
              41.9282248
            ],
            [
              -87.7583824,
              41.9282248
            ]
          ]
        ]
      },
      "id": "way/354396361"
    },
    {
      "type": "Feature",
      "properties": {
        "@id": "way/354396970",
        "leisure": "pitch",
        "sport": "basketball"
      },
      "geometry": {
        "type": "Polygon",
        "coordinates": [
          [
            [
              -87.7636598,
              41.9438993
            ],
            [
              -87.7636527,
              41.9436808
            ],
            [
              -87.7634492,
              41.9436874
            ],
            [
              -87.763458,
              41.9439019
            ],
            [
              -87.7636598,
              41.9438993
            ]
          ]
        ]
      },
      "id": "way/354396970"
    },
    {
      "type": "Feature",
      "properties": {
        "@id": "way/354677233",
        "leisure": "pitch",
        "sport": "basketball"
      },
      "geometry": {
        "type": "Polygon",
        "coordinates": [
          [
            [
              -87.7371129,
              41.9884003
            ],
            [
              -87.7372731,
              41.9883996
            ],
            [
              -87.7372696,
              41.9882201
            ],
            [
              -87.7371076,
              41.9882207
            ],
            [
              -87.7371129,
              41.9884003
            ]
          ]
        ]
      },
      "id": "way/354677233"
    },
    {
      "type": "Feature",
      "properties": {
        "@id": "way/354682267",
        "leisure": "pitch",
        "sport": "basketball"
      },
      "geometry": {
        "type": "Polygon",
        "coordinates": [
          [
            [
              -87.7623291,
              41.9018801
            ],
            [
              -87.7623256,
              41.9017654
            ],
            [
              -87.762029,
              41.9017672
            ],
            [
              -87.7620302,
              41.9018819
            ],
            [
              -87.7623291,
              41.9018801
            ]
          ]
        ]
      },
      "id": "way/354682267"
    },
    {
      "type": "Feature",
      "properties": {
        "@id": "way/354693844",
        "leisure": "pitch",
        "sport": "basketball",
        "wheelchair": "yes"
      },
      "geometry": {
        "type": "Polygon",
        "coordinates": [
          [
            [
              -87.6290525,
              41.8432174
            ],
            [
              -87.6293737,
              41.8431856
            ],
            [
              -87.6293493,
              41.8430342
            ],
            [
              -87.629022,
              41.8430675
            ],
            [
              -87.6290525,
              41.8432174
            ]
          ]
        ]
      },
      "id": "way/354693844"
    },
    {
      "type": "Feature",
      "properties": {
        "@id": "way/354694420",
        "leisure": "pitch",
        "sport": "basketball"
      },
      "geometry": {
        "type": "Polygon",
        "coordinates": [
          [
            [
              -87.628152,
              41.8414554
            ],
            [
              -87.6281499,
              41.8412116
            ],
            [
              -87.6279609,
              41.8412116
            ],
            [
              -87.6279629,
              41.8414539
            ],
            [
              -87.628152,
              41.8414554
            ]
          ]
        ]
      },
      "id": "way/354694420"
    },
    {
      "type": "Feature",
      "properties": {
        "@id": "way/354913808",
        "leisure": "pitch",
        "sport": "basketball"
      },
      "geometry": {
        "type": "Polygon",
        "coordinates": [
          [
            [
              -87.6349021,
              41.7904226
            ],
            [
              -87.6349021,
              41.7906868
            ],
            [
              -87.6351609,
              41.7906822
            ],
            [
              -87.6351609,
              41.7904157
            ],
            [
              -87.6349021,
              41.7904226
            ]
          ]
        ]
      },
      "id": "way/354913808"
    },
    {
      "type": "Feature",
      "properties": {
        "@id": "way/354936295",
        "leisure": "pitch",
        "sport": "basketball"
      },
      "geometry": {
        "type": "Polygon",
        "coordinates": [
          [
            [
              -87.7321041,
              41.8611887
            ],
            [
              -87.732097,
              41.8609198
            ],
            [
              -87.7313184,
              41.8609251
            ],
            [
              -87.7313254,
              41.8612071
            ],
            [
              -87.7321041,
              41.8611887
            ]
          ]
        ]
      },
      "id": "way/354936295"
    },
    {
      "type": "Feature",
      "properties": {
        "@id": "way/354938069",
        "leisure": "pitch",
        "sport": "basketball"
      },
      "geometry": {
        "type": "Polygon",
        "coordinates": [
          [
            [
              -87.716322,
              41.8503323
            ],
            [
              -87.7166246,
              41.8503271
            ],
            [
              -87.7166228,
              41.85019
            ],
            [
              -87.7163185,
              41.8501952
            ],
            [
              -87.716322,
              41.8503323
            ]
          ]
        ]
      },
      "id": "way/354938069"
    },
    {
      "type": "Feature",
      "properties": {
        "@id": "way/354938479",
        "leisure": "pitch",
        "sport": "basketball"
      },
      "geometry": {
        "type": "Polygon",
        "coordinates": [
          [
            [
              -87.6765381,
              41.8533549
            ],
            [
              -87.6767615,
              41.8533537
            ],
            [
              -87.6767538,
              41.8532562
            ],
            [
              -87.676532,
              41.8532597
            ],
            [
              -87.6765381,
              41.8533549
            ]
          ]
        ]
      },
      "id": "way/354938479"
    },
    {
      "type": "Feature",
      "properties": {
        "@id": "way/354942744",
        "hoops": "2",
        "leisure": "pitch",
        "sport": "basketball"
      },
      "geometry": {
        "type": "Polygon",
        "coordinates": [
          [
            [
              -87.7529146,
              41.8133081
            ],
            [
              -87.752911,
              41.8130862
            ],
            [
              -87.7527264,
              41.8130878
            ],
            [
              -87.75273,
              41.8133098
            ],
            [
              -87.7529146,
              41.8133081
            ]
          ]
        ]
      },
      "id": "way/354942744"
    },
    {
      "type": "Feature",
      "properties": {
        "@id": "way/354954841",
        "leisure": "pitch",
        "sport": "basketball"
      },
      "geometry": {
        "type": "Polygon",
        "coordinates": [
          [
            [
              -87.6666323,
              41.8127787
            ],
            [
              -87.6669125,
              41.8127752
            ],
            [
              -87.6669102,
              41.8124202
            ],
            [
              -87.6666253,
              41.8124202
            ],
            [
              -87.6666323,
              41.8127787
            ]
          ]
        ]
      },
      "id": "way/354954841"
    },
    {
      "type": "Feature",
      "properties": {
        "@id": "way/355517713",
        "leisure": "pitch",
        "sport": "basketball"
      },
      "geometry": {
        "type": "Polygon",
        "coordinates": [
          [
            [
              -87.6279436,
              41.8085158
            ],
            [
              -87.6284076,
              41.8085058
            ],
            [
              -87.628413,
              41.8082819
            ],
            [
              -87.6279436,
              41.8082959
            ],
            [
              -87.6279436,
              41.8085158
            ]
          ]
        ]
      },
      "id": "way/355517713"
    },
    {
      "type": "Feature",
      "properties": {
        "@id": "way/355535635",
        "leisure": "pitch",
        "sport": "basketball"
      },
      "geometry": {
        "type": "Polygon",
        "coordinates": [
          [
            [
              -87.7347252,
              41.8039886
            ],
            [
              -87.7348933,
              41.8039859
            ],
            [
              -87.7348862,
              41.8037815
            ],
            [
              -87.7347163,
              41.8037854
            ],
            [
              -87.7347252,
              41.8039886
            ]
          ]
        ]
      },
      "id": "way/355535635"
    },
    {
      "type": "Feature",
      "properties": {
        "@id": "way/355553229",
        "leisure": "pitch",
        "sport": "basketball"
      },
      "geometry": {
        "type": "Polygon",
        "coordinates": [
          [
            [
              -87.600932,
              41.7784188
            ],
            [
              -87.6009292,
              41.7781741
            ],
            [
              -87.6006607,
              41.7781801
            ],
            [
              -87.6006666,
              41.7784202
            ],
            [
              -87.600932,
              41.7784188
            ]
          ]
        ]
      },
      "id": "way/355553229"
    },
    {
      "type": "Feature",
      "properties": {
        "@id": "way/355556789",
        "leisure": "pitch",
        "sport": "basketball"
      },
      "geometry": {
        "type": "Polygon",
        "coordinates": [
          [
            [
              -87.659707,
              41.7422012
            ],
            [
              -87.6597009,
              41.7419851
            ],
            [
              -87.6594945,
              41.741992
            ],
            [
              -87.6595068,
              41.7422081
            ],
            [
              -87.659707,
              41.7422012
            ]
          ]
        ]
      },
      "id": "way/355556789"
    },
    {
      "type": "Feature",
      "properties": {
        "@id": "way/355559671",
        "hoops": "2",
        "leisure": "pitch",
        "sport": "basketball"
      },
      "geometry": {
        "type": "Polygon",
        "coordinates": [
          [
            [
              -87.6108961,
              41.729521
            ],
            [
              -87.6106398,
              41.7295229
            ],
            [
              -87.6106413,
              41.7296363
            ],
            [
              -87.6108976,
              41.7296344
            ],
            [
              -87.6108961,
              41.729521
            ]
          ]
        ]
      },
      "id": "way/355559671"
    },
    {
      "type": "Feature",
      "properties": {
        "@id": "way/355562287",
        "leisure": "pitch",
        "sport": "basketball"
      },
      "geometry": {
        "type": "Polygon",
        "coordinates": [
          [
            [
              -87.582013,
              41.79829
            ],
            [
              -87.5820103,
              41.7981601
            ],
            [
              -87.5817475,
              41.7981631
            ],
            [
              -87.5817502,
              41.798293
            ],
            [
              -87.582013,
              41.79829
            ]
          ]
        ]
      },
      "id": "way/355562287"
    },
    {
      "type": "Feature",
      "properties": {
        "@id": "way/355822918",
        "leisure": "pitch",
        "sport": "basketball"
      },
      "geometry": {
        "type": "Polygon",
        "coordinates": [
          [
            [
              -87.7260352,
              41.9021665
            ],
            [
              -87.7260298,
              41.9020268
            ],
            [
              -87.7257683,
              41.9020307
            ],
            [
              -87.7257696,
              41.9021665
            ],
            [
              -87.7260352,
              41.9021665
            ]
          ]
        ]
      },
      "id": "way/355822918"
    },
    {
      "type": "Feature",
      "properties": {
        "@id": "way/355823135",
        "leisure": "pitch",
        "sport": "basketball"
      },
      "geometry": {
        "type": "Polygon",
        "coordinates": [
          [
            [
              -87.7246123,
              41.8919891
            ],
            [
              -87.7246093,
              41.8918453
            ],
            [
              -87.7242292,
              41.8918499
            ],
            [
              -87.7242312,
              41.8919936
            ],
            [
              -87.7246123,
              41.8919891
            ]
          ]
        ]
      },
      "id": "way/355823135"
    },
    {
      "type": "Feature",
      "properties": {
        "@id": "way/356062231",
        "leisure": "pitch",
        "sport": "basketball"
      },
      "geometry": {
        "type": "Polygon",
        "coordinates": [
          [
            [
              -87.6777666,
              41.7975489
            ],
            [
              -87.6777592,
              41.7973942
            ],
            [
              -87.6774884,
              41.7974021
            ],
            [
              -87.6774956,
              41.7975526
            ],
            [
              -87.6777666,
              41.7975489
            ]
          ]
        ]
      },
      "id": "way/356062231"
    },
    {
      "type": "Feature",
      "properties": {
        "@id": "way/356064209",
        "leisure": "pitch",
        "sport": "basketball"
      },
      "geometry": {
        "type": "Polygon",
        "coordinates": [
          [
            [
              -87.6683788,
              41.7874908
            ],
            [
              -87.6683811,
              41.7872749
            ],
            [
              -87.6681966,
              41.7872749
            ],
            [
              -87.6682013,
              41.7874942
            ],
            [
              -87.6683788,
              41.7874908
            ]
          ]
        ]
      },
      "id": "way/356064209"
    },
    {
      "type": "Feature",
      "properties": {
        "@id": "way/356064389",
        "leisure": "pitch",
        "sport": "basketball"
      },
      "geometry": {
        "type": "Polygon",
        "coordinates": [
          [
            [
              -87.6546242,
              41.7901207
            ],
            [
              -87.654616,
              41.7899123
            ],
            [
              -87.6544382,
              41.7899153
            ],
            [
              -87.6544432,
              41.7901237
            ],
            [
              -87.6546242,
              41.7901207
            ]
          ]
        ]
      },
      "id": "way/356064389"
    },
    {
      "type": "Feature",
      "properties": {
        "@id": "way/356065892",
        "leisure": "pitch",
        "sport": "basketball"
      },
      "geometry": {
        "type": "Polygon",
        "coordinates": [
          [
            [
              -87.678426,
              41.8314004
            ],
            [
              -87.6786151,
              41.8313989
            ],
            [
              -87.678607,
              41.8311762
            ],
            [
              -87.6784199,
              41.8311823
            ],
            [
              -87.678426,
              41.8314004
            ]
          ]
        ]
      },
      "id": "way/356065892"
    },
    {
      "type": "Feature",
      "properties": {
        "@id": "way/356075536",
        "leisure": "pitch",
        "sport": "basketball"
      },
      "geometry": {
        "type": "Polygon",
        "coordinates": [
          [
            [
              -87.5644625,
              41.7179584
            ],
            [
              -87.5644661,
              41.7178303
            ],
            [
              -87.5641758,
              41.7178369
            ],
            [
              -87.5641758,
              41.7179637
            ],
            [
              -87.5644625,
              41.7179584
            ]
          ]
        ]
      },
      "id": "way/356075536"
    },
    {
      "type": "Feature",
      "properties": {
        "@id": "way/356091525",
        "leisure": "pitch",
        "sport": "basketball"
      },
      "geometry": {
        "type": "Polygon",
        "coordinates": [
          [
            [
              -87.6127568,
              41.8376654
            ],
            [
              -87.6128293,
              41.8374855
            ],
            [
              -87.6124564,
              41.8373956
            ],
            [
              -87.6123813,
              41.8375815
            ],
            [
              -87.6127568,
              41.8376654
            ]
          ]
        ]
      },
      "id": "way/356091525"
    },
    {
      "type": "Feature",
      "properties": {
        "@id": "way/358262748",
        "leisure": "pitch",
        "sport": "basketball"
      },
      "geometry": {
        "type": "Polygon",
        "coordinates": [
          [
            [
              -87.7728024,
              41.9791904
            ],
            [
              -87.7726402,
              41.9790169
            ],
            [
              -87.7724725,
              41.9791007
            ],
            [
              -87.7726361,
              41.9792791
            ],
            [
              -87.7728024,
              41.9791904
            ]
          ]
        ]
      },
      "id": "way/358262748"
    },
    {
      "type": "Feature",
      "properties": {
        "@id": "way/359388923",
        "leisure": "pitch",
        "sport": "basketball",
        "surface": "asphalt"
      },
      "geometry": {
        "type": "Polygon",
        "coordinates": [
          [
            [
              -87.6841553,
              41.9550518
            ],
            [
              -87.6841513,
              41.954978
            ],
            [
              -87.6838268,
              41.954981
            ],
            [
              -87.6838308,
              41.9550578
            ],
            [
              -87.6841553,
              41.9550518
            ]
          ]
        ]
      },
      "id": "way/359388923"
    },
    {
      "type": "Feature",
      "properties": {
        "@id": "way/359658821",
        "leisure": "pitch",
        "sport": "basketball"
      },
      "geometry": {
        "type": "Polygon",
        "coordinates": [
          [
            [
              -87.6983865,
              41.8426819
            ],
            [
              -87.6985325,
              41.8426798
            ],
            [
              -87.6985274,
              41.842425
            ],
            [
              -87.6983815,
              41.8424266
            ],
            [
              -87.6983865,
              41.8426819
            ]
          ]
        ]
      },
      "id": "way/359658821"
    },
    {
      "type": "Feature",
      "properties": {
        "@id": "way/359658823",
        "leisure": "pitch",
        "sport": "basketball"
      },
      "geometry": {
        "type": "Polygon",
        "coordinates": [
          [
            [
              -87.6981032,
              41.842557
            ],
            [
              -87.6982737,
              41.8425541
            ],
            [
              -87.6982695,
              41.8424228
            ],
            [
              -87.6980991,
              41.8424257
            ],
            [
              -87.6981032,
              41.842557
            ]
          ]
        ]
      },
      "id": "way/359658823"
    },
    {
      "type": "Feature",
      "properties": {
        "@id": "way/359658825",
        "leisure": "pitch",
        "sport": "basketball"
      },
      "geometry": {
        "type": "Polygon",
        "coordinates": [
          [
            [
              -87.6994101,
              41.8392803
            ],
            [
              -87.69971,
              41.8392728
            ],
            [
              -87.6997039,
              41.8391387
            ],
            [
              -87.699404,
              41.8391463
            ],
            [
              -87.6994101,
              41.8392803
            ]
          ]
        ]
      },
      "id": "way/359658825"
    },
    {
      "type": "Feature",
      "properties": {
        "@id": "way/359658827",
        "leisure": "pitch",
        "sport": "basketball"
      },
      "geometry": {
        "type": "Polygon",
        "coordinates": [
          [
            [
              -87.6993214,
              41.8393062
            ],
            [
              -87.699318,
              41.8391684
            ],
            [
              -87.6990161,
              41.8391727
            ],
            [
              -87.6990196,
              41.8393104
            ],
            [
              -87.6993214,
              41.8393062
            ]
          ]
        ]
      },
      "id": "way/359658827"
    },
    {
      "type": "Feature",
      "properties": {
        "@id": "way/359658830",
        "leisure": "pitch",
        "sport": "basketball"
      },
      "geometry": {
        "type": "Polygon",
        "coordinates": [
          [
            [
              -87.6977939,
              41.8395197
            ],
            [
              -87.6979159,
              41.8394318
            ],
            [
              -87.6975052,
              41.8391365
            ],
            [
              -87.6973873,
              41.8392319
            ],
            [
              -87.6977939,
              41.8395197
            ]
          ]
        ]
      },
      "id": "way/359658830"
    },
    {
      "type": "Feature",
      "properties": {
        "@id": "way/359658852",
        "leisure": "pitch",
        "sport": "basketball"
      },
      "geometry": {
        "type": "Polygon",
        "coordinates": [
          [
            [
              -87.6967316,
              41.8390795
            ],
            [
              -87.6968762,
              41.8390744
            ],
            [
              -87.6968661,
              41.8389132
            ],
            [
              -87.6967214,
              41.8389182
            ],
            [
              -87.6967316,
              41.8390795
            ]
          ]
        ]
      },
      "id": "way/359658852"
    },
    {
      "type": "Feature",
      "properties": {
        "@id": "way/359841103",
        "leisure": "pitch",
        "sport": "basketball"
      },
      "geometry": {
        "type": "Polygon",
        "coordinates": [
          [
            [
              -87.6751231,
              41.7834777
            ],
            [
              -87.6753913,
              41.7834737
            ],
            [
              -87.6753806,
              41.7831357
            ],
            [
              -87.6751151,
              41.7831377
            ],
            [
              -87.6751231,
              41.7834777
            ]
          ]
        ]
      },
      "id": "way/359841103"
    },
    {
      "type": "Feature",
      "properties": {
        "@id": "way/359842280",
        "leisure": "pitch",
        "sport": "basketball"
      },
      "geometry": {
        "type": "Polygon",
        "coordinates": [
          [
            [
              -87.6583833,
              41.7775172
            ],
            [
              -87.6583752,
              41.7773132
            ],
            [
              -87.6578576,
              41.7773212
            ],
            [
              -87.6578629,
              41.7775212
            ],
            [
              -87.6583833,
              41.7775172
            ]
          ]
        ]
      },
      "id": "way/359842280"
    },
    {
      "type": "Feature",
      "properties": {
        "@id": "way/362983053",
        "leisure": "pitch",
        "sport": "basketball"
      },
      "geometry": {
        "type": "Polygon",
        "coordinates": [
          [
            [
              -87.7135264,
              41.88794
            ],
            [
              -87.7135233,
              41.8878104
            ],
            [
              -87.7132322,
              41.8878184
            ],
            [
              -87.7132368,
              41.8879457
            ],
            [
              -87.7135264,
              41.88794
            ]
          ]
        ]
      },
      "id": "way/362983053"
    },
    {
      "type": "Feature",
      "properties": {
        "@id": "way/382700537",
        "leisure": "pitch",
        "sport": "basketball"
      },
      "geometry": {
        "type": "Polygon",
        "coordinates": [
          [
            [
              -87.6075821,
              41.8216236
            ],
            [
              -87.6071151,
              41.8216288
            ],
            [
              -87.6071244,
              41.8218498
            ],
            [
              -87.6075797,
              41.8218463
            ],
            [
              -87.6075821,
              41.8216236
            ]
          ]
        ]
      },
      "id": "way/382700537"
    },
    {
      "type": "Feature",
      "properties": {
        "@id": "way/383123803",
        "leisure": "pitch",
        "sport": "basketball"
      },
      "geometry": {
        "type": "Polygon",
        "coordinates": [
          [
            [
              -87.6957941,
              41.9306284
            ],
            [
              -87.6957887,
              41.9304518
            ],
            [
              -87.6956278,
              41.9304538
            ],
            [
              -87.6956332,
              41.9306304
            ],
            [
              -87.6957941,
              41.9306284
            ]
          ]
        ]
      },
      "id": "way/383123803"
    },
    {
      "type": "Feature",
      "properties": {
        "@id": "way/384021822",
        "leisure": "pitch",
        "sport": "basketball"
      },
      "geometry": {
        "type": "Polygon",
        "coordinates": [
          [
            [
              -87.6039422,
              41.7090248
            ],
            [
              -87.6039351,
              41.7088319
            ],
            [
              -87.6034202,
              41.7088398
            ],
            [
              -87.6034325,
              41.709034
            ],
            [
              -87.6039422,
              41.7090248
            ]
          ]
        ]
      },
      "id": "way/384021822"
    },
    {
      "type": "Feature",
      "properties": {
        "@id": "way/384036545",
        "access": "yes",
        "leisure": "pitch",
        "sport": "basketball"
      },
      "geometry": {
        "type": "Polygon",
        "coordinates": [
          [
            [
              -87.5755556,
              41.7369008
            ],
            [
              -87.5755439,
              41.7366255
            ],
            [
              -87.5753151,
              41.7366307
            ],
            [
              -87.5753245,
              41.7369043
            ],
            [
              -87.5755556,
              41.7369008
            ]
          ]
        ]
      },
      "id": "way/384036545"
    },
    {
      "type": "Feature",
      "properties": {
        "@id": "way/384894452",
        "leisure": "pitch",
        "sport": "basketball"
      },
      "geometry": {
        "type": "Polygon",
        "coordinates": [
          [
            [
              -87.721722,
              41.9885493
            ],
            [
              -87.7219331,
              41.9885447
            ],
            [
              -87.7219238,
              41.9883294
            ],
            [
              -87.7217128,
              41.9883329
            ],
            [
              -87.721722,
              41.9885493
            ]
          ]
        ]
      },
      "id": "way/384894452"
    },
    {
      "type": "Feature",
      "properties": {
        "@id": "way/384894453",
        "leisure": "pitch",
        "sport": "basketball"
      },
      "geometry": {
        "type": "Polygon",
        "coordinates": [
          [
            [
              -87.7218206,
              41.9883061
            ],
            [
              -87.7218484,
              41.9883023
            ],
            [
              -87.7218733,
              41.9882924
            ],
            [
              -87.7218929,
              41.9882772
            ],
            [
              -87.7219052,
              41.9882583
            ],
            [
              -87.7219092,
              41.9882375
            ],
            [
              -87.7219043,
              41.9882168
            ],
            [
              -87.7218911,
              41.9881983
            ],
            [
              -87.7218709,
              41.9881836
            ],
            [
              -87.7218455,
              41.9881743
            ],
            [
              -87.7218176,
              41.9881712
            ],
            [
              -87.7217897,
              41.9881747
            ],
            [
              -87.7217667,
              41.9881832
            ],
            [
              -87.7217479,
              41.9881962
            ],
            [
              -87.7217347,
              41.9882126
            ],
            [
              -87.7217282,
              41.9882311
            ],
            [
              -87.721729,
              41.9882502
            ],
            [
              -87.721737,
              41.9882684
            ],
            [
              -87.7217515,
              41.9882842
            ],
            [
              -87.7217714,
              41.9882963
            ],
            [
              -87.7217951,
              41.9883038
            ],
            [
              -87.7218206,
              41.9883061
            ]
          ]
        ]
      },
      "id": "way/384894453"
    },
    {
      "type": "Feature",
      "properties": {
        "@id": "way/384899168",
        "leisure": "pitch",
        "sport": "basketball"
      },
      "geometry": {
        "type": "Polygon",
        "coordinates": [
          [
            [
              -87.7335728,
              41.9347821
            ],
            [
              -87.7335626,
              41.9346838
            ],
            [
              -87.7333289,
              41.9346959
            ],
            [
              -87.7333431,
              41.9347927
            ],
            [
              -87.7335728,
              41.9347821
            ]
          ]
        ]
      },
      "id": "way/384899168"
    },
    {
      "type": "Feature",
      "properties": {
        "@id": "way/385179270",
        "leisure": "pitch",
        "sport": "basketball"
      },
      "geometry": {
        "type": "Polygon",
        "coordinates": [
          [
            [
              -87.6645629,
              41.8914578
            ],
            [
              -87.6645557,
              41.8912294
            ],
            [
              -87.6643692,
              41.8912326
            ],
            [
              -87.6643764,
              41.8914611
            ],
            [
              -87.6645629,
              41.8914578
            ]
          ]
        ]
      },
      "id": "way/385179270"
    },
    {
      "type": "Feature",
      "properties": {
        "@id": "way/386565824",
        "leisure": "pitch",
        "sport": "basketball"
      },
      "geometry": {
        "type": "Polygon",
        "coordinates": [
          [
            [
              -87.6702094,
              41.9386047
            ],
            [
              -87.6702033,
              41.9383744
            ],
            [
              -87.6700199,
              41.9383778
            ],
            [
              -87.6700307,
              41.938607
            ],
            [
              -87.6702094,
              41.9386047
            ]
          ]
        ]
      },
      "id": "way/386565824"
    },
    {
      "type": "Feature",
      "properties": {
        "@id": "way/387027098",
        "leisure": "pitch",
        "sport": "basketball"
      },
      "geometry": {
        "type": "Polygon",
        "coordinates": [
          [
            [
              -87.731309,
              41.8563086
            ],
            [
              -87.7312984,
              41.856045
            ],
            [
              -87.7311108,
              41.8560502
            ],
            [
              -87.731125,
              41.8563152
            ],
            [
              -87.731309,
              41.8563086
            ]
          ]
        ]
      },
      "id": "way/387027098"
    },
    {
      "type": "Feature",
      "properties": {
        "@id": "way/387177129",
        "hoops": "2",
        "leisure": "pitch",
        "sport": "basketball"
      },
      "geometry": {
        "type": "Polygon",
        "coordinates": [
          [
            [
              -87.6566238,
              41.8000616
            ],
            [
              -87.6566167,
              41.7998054
            ],
            [
              -87.6564324,
              41.7998083
            ],
            [
              -87.6564396,
              41.8000645
            ],
            [
              -87.6565916,
              41.8000621
            ],
            [
              -87.6566238,
              41.8000616
            ]
          ]
        ]
      },
      "id": "way/387177129"
    },
    {
      "type": "Feature",
      "properties": {
        "@id": "way/388506174",
        "leisure": "pitch",
        "sport": "basketball"
      },
      "geometry": {
        "type": "Polygon",
        "coordinates": [
          [
            [
              -87.6496196,
              41.7200859
            ],
            [
              -87.6496957,
              41.7198626
            ],
            [
              -87.6495258,
              41.7198309
            ],
            [
              -87.6494497,
              41.7200489
            ],
            [
              -87.6496196,
              41.7200859
            ]
          ]
        ]
      },
      "id": "way/388506174"
    },
    {
      "type": "Feature",
      "properties": {
        "@id": "way/390110750",
        "leisure": "pitch",
        "sport": "basketball"
      },
      "geometry": {
        "type": "Polygon",
        "coordinates": [
          [
            [
              -87.7519964,
              41.7766317
            ],
            [
              -87.7519863,
              41.7764862
            ],
            [
              -87.7516976,
              41.7764923
            ],
            [
              -87.7517078,
              41.7766393
            ],
            [
              -87.7519964,
              41.7766317
            ]
          ]
        ]
      },
      "id": "way/390110750"
    },
    {
      "type": "Feature",
      "properties": {
        "@id": "way/398407724",
        "leisure": "pitch",
        "sport": "basketball"
      },
      "geometry": {
        "type": "Polygon",
        "coordinates": [
          [
            [
              -87.6415081,
              41.7991237
            ],
            [
              -87.6415034,
              41.7989183
            ],
            [
              -87.6413382,
              41.7989191
            ],
            [
              -87.6413435,
              41.799125
            ],
            [
              -87.6415081,
              41.7991237
            ]
          ]
        ]
      },
      "id": "way/398407724"
    },
    {
      "type": "Feature",
      "properties": {
        "@id": "way/399731994",
        "leisure": "pitch",
        "sport": "basketball"
      },
      "geometry": {
        "type": "Polygon",
        "coordinates": [
          [
            [
              -87.6580966,
              41.8657294
            ],
            [
              -87.6580963,
              41.8657222
            ],
            [
              -87.6580943,
              41.8656631
            ],
            [
              -87.6580939,
              41.8656516
            ],
            [
              -87.6579576,
              41.8656556
            ],
            [
              -87.657958,
              41.865666
            ],
            [
              -87.65796,
              41.865723
            ],
            [
              -87.6579603,
              41.8657314
            ],
            [
              -87.65803,
              41.8657304
            ],
            [
              -87.6580966,
              41.8657294
            ]
          ]
        ]
      },
      "id": "way/399731994"
    },
    {
      "type": "Feature",
      "properties": {
        "@id": "way/400047966",
        "leisure": "pitch",
        "sport": "basketball"
      },
      "geometry": {
        "type": "Polygon",
        "coordinates": [
          [
            [
              -87.7335461,
              41.9123729
            ],
            [
              -87.73354,
              41.9121415
            ],
            [
              -87.7333591,
              41.912143
            ],
            [
              -87.7333672,
              41.9123744
            ],
            [
              -87.7335461,
              41.9123729
            ]
          ]
        ]
      },
      "id": "way/400047966"
    },
    {
      "type": "Feature",
      "properties": {
        "@id": "way/400274485",
        "leisure": "pitch",
        "sport": "basketball"
      },
      "geometry": {
        "type": "Polygon",
        "coordinates": [
          [
            [
              -87.6982255,
              41.8298949
            ],
            [
              -87.6982761,
              41.8296882
            ],
            [
              -87.6981052,
              41.829665
            ],
            [
              -87.6980546,
              41.8298717
            ],
            [
              -87.6982255,
              41.8298949
            ]
          ]
        ]
      },
      "id": "way/400274485"
    },
    {
      "type": "Feature",
      "properties": {
        "@id": "way/401484226",
        "leisure": "pitch",
        "sport": "basketball"
      },
      "geometry": {
        "type": "Polygon",
        "coordinates": [
          [
            [
              -87.733947,
              41.9581455
            ],
            [
              -87.7339411,
              41.9580188
            ],
            [
              -87.7338807,
              41.9580208
            ],
            [
              -87.733859,
              41.9580266
            ],
            [
              -87.73384,
              41.9580364
            ],
            [
              -87.7338252,
              41.9580496
            ],
            [
              -87.7338155,
              41.9580651
            ],
            [
              -87.7338116,
              41.9580821
            ],
            [
              -87.7338138,
              41.9580991
            ],
            [
              -87.7338219,
              41.9581152
            ],
            [
              -87.733838,
              41.9581311
            ],
            [
              -87.7338598,
              41.9581426
            ],
            [
              -87.7338853,
              41.9581487
            ],
            [
              -87.733947,
              41.9581455
            ]
          ]
        ]
      },
      "id": "way/401484226"
    },
    {
      "type": "Feature",
      "properties": {
        "@id": "way/401491857",
        "leisure": "pitch",
        "sport": "basketball"
      },
      "geometry": {
        "type": "Polygon",
        "coordinates": [
          [
            [
              -87.7000627,
              41.8839092
            ],
            [
              -87.700061,
              41.8836887
            ],
            [
              -87.6998933,
              41.8836895
            ],
            [
              -87.699895,
              41.8839099
            ],
            [
              -87.7000627,
              41.8839092
            ]
          ]
        ]
      },
      "id": "way/401491857"
    },
    {
      "type": "Feature",
      "properties": {
        "@id": "way/404100391",
        "leisure": "pitch",
        "sport": "basketball"
      },
      "geometry": {
        "type": "Polygon",
        "coordinates": [
          [
            [
              -87.6489927,
              41.7805495
            ],
            [
              -87.6489893,
              41.7804188
            ],
            [
              -87.6486992,
              41.7804229
            ],
            [
              -87.6487025,
              41.7805536
            ],
            [
              -87.6489927,
              41.7805495
            ]
          ]
        ]
      },
      "id": "way/404100391"
    },
    {
      "type": "Feature",
      "properties": {
        "@id": "way/404273047",
        "hoops": "2",
        "leisure": "pitch",
        "sport": "basketball"
      },
      "geometry": {
        "type": "Polygon",
        "coordinates": [
          [
            [
              -87.6844791,
              41.7926805
            ],
            [
              -87.684473,
              41.792482
            ],
            [
              -87.6842941,
              41.792485
            ],
            [
              -87.6843042,
              41.792682
            ],
            [
              -87.6844791,
              41.7926805
            ]
          ]
        ]
      },
      "id": "way/404273047"
    },
    {
      "type": "Feature",
      "properties": {
        "@id": "way/405322274",
        "leisure": "pitch",
        "sport": "basketball"
      },
      "geometry": {
        "type": "Polygon",
        "coordinates": [
          [
            [
              -87.6185381,
              41.8050848
            ],
            [
              -87.6185351,
              41.8049522
            ],
            [
              -87.6182099,
              41.8049567
            ],
            [
              -87.6182149,
              41.8050908
            ],
            [
              -87.6185381,
              41.8050848
            ]
          ]
        ]
      },
      "id": "way/405322274"
    },
    {
      "type": "Feature",
      "properties": {
        "@id": "way/405503553",
        "leisure": "pitch",
        "sport": "basketball"
      },
      "geometry": {
        "type": "Polygon",
        "coordinates": [
          [
            [
              -87.6816527,
              41.8018571
            ],
            [
              -87.68165,
              41.8016372
            ],
            [
              -87.6814823,
              41.8016422
            ],
            [
              -87.6814864,
              41.8018601
            ],
            [
              -87.6816527,
              41.8018571
            ]
          ]
        ]
      },
      "id": "way/405503553"
    },
    {
      "type": "Feature",
      "properties": {
        "@id": "way/405503559",
        "leisure": "pitch",
        "sport": "basketball"
      },
      "geometry": {
        "type": "Polygon",
        "coordinates": [
          [
            [
              -87.6579884,
              41.8043241
            ],
            [
              -87.6579871,
              41.8041987
            ],
            [
              -87.6577244,
              41.8042003
            ],
            [
              -87.6577258,
              41.8043256
            ],
            [
              -87.6579884,
              41.8043241
            ]
          ]
        ]
      },
      "id": "way/405503559"
    },
    {
      "type": "Feature",
      "properties": {
        "@id": "way/405510097",
        "access": "private",
        "hoops": "2",
        "leisure": "pitch",
        "sport": "basketball"
      },
      "geometry": {
        "type": "Polygon",
        "coordinates": [
          [
            [
              -87.6306409,
              41.7222661
            ],
            [
              -87.6306362,
              41.7221378
            ],
            [
              -87.6306316,
              41.7220108
            ],
            [
              -87.6304498,
              41.7220154
            ],
            [
              -87.6304545,
              41.7221438
            ],
            [
              -87.6304591,
              41.7222684
            ],
            [
              -87.6306409,
              41.7222661
            ]
          ]
        ]
      },
      "id": "way/405510097"
    },
    {
      "type": "Feature",
      "properties": {
        "@id": "way/405515711",
        "leisure": "pitch",
        "sport": "basketball"
      },
      "geometry": {
        "type": "Polygon",
        "coordinates": [
          [
            [
              -87.617401,
              41.7520803
            ],
            [
              -87.6173963,
              41.7518503
            ],
            [
              -87.6172119,
              41.7518538
            ],
            [
              -87.6172189,
              41.752082
            ],
            [
              -87.617401,
              41.7520803
            ]
          ]
        ]
      },
      "id": "way/405515711"
    },
    {
      "type": "Feature",
      "properties": {
        "@id": "way/405708096",
        "leisure": "pitch",
        "sport": "basketball"
      },
      "geometry": {
        "type": "Polygon",
        "coordinates": [
          [
            [
              -87.6544695,
              41.855121
            ],
            [
              -87.6544659,
              41.8549329
            ],
            [
              -87.6542964,
              41.8549347
            ],
            [
              -87.6543,
              41.8551229
            ],
            [
              -87.6544695,
              41.855121
            ]
          ]
        ]
      },
      "id": "way/405708096"
    },
    {
      "type": "Feature",
      "properties": {
        "@id": "way/406456711",
        "leisure": "pitch",
        "sport": "basketball"
      },
      "geometry": {
        "type": "Polygon",
        "coordinates": [
          [
            [
              -87.6574974,
              41.7841513
            ],
            [
              -87.6574913,
              41.7840158
            ],
            [
              -87.6571924,
              41.7840204
            ],
            [
              -87.6571955,
              41.7841536
            ],
            [
              -87.6574974,
              41.7841513
            ]
          ]
        ]
      },
      "id": "way/406456711"
    },
    {
      "type": "Feature",
      "properties": {
        "@id": "way/406621551",
        "leisure": "pitch",
        "sport": "basketball"
      },
      "geometry": {
        "type": "Polygon",
        "coordinates": [
          [
            [
              -87.6411909,
              41.7924766
            ],
            [
              -87.6411894,
              41.7922434
            ],
            [
              -87.6407719,
              41.7922515
            ],
            [
              -87.6407765,
              41.7924846
            ],
            [
              -87.6411909,
              41.7924766
            ]
          ]
        ]
      },
      "id": "way/406621551"
    },
    {
      "type": "Feature",
      "properties": {
        "@id": "way/406838183",
        "leisure": "pitch",
        "sport": "basketball"
      },
      "geometry": {
        "type": "Polygon",
        "coordinates": [
          [
            [
              -87.7446118,
              41.8917745
            ],
            [
              -87.7446041,
              41.891544
            ],
            [
              -87.7444208,
              41.8915463
            ],
            [
              -87.7444285,
              41.8917779
            ],
            [
              -87.7446118,
              41.8917745
            ]
          ]
        ]
      },
      "id": "way/406838183"
    },
    {
      "type": "Feature",
      "properties": {
        "@id": "way/408444031",
        "leisure": "pitch",
        "sport": "basketball"
      },
      "geometry": {
        "type": "Polygon",
        "coordinates": [
          [
            [
              -87.7213634,
              41.9659256
            ],
            [
              -87.7213572,
              41.9656381
            ],
            [
              -87.7210999,
              41.9656403
            ],
            [
              -87.7211005,
              41.9656644
            ],
            [
              -87.7211061,
              41.9659267
            ],
            [
              -87.7213634,
              41.9659256
            ]
          ]
        ]
      },
      "id": "way/408444031"
    },
    {
      "type": "Feature",
      "properties": {
        "@id": "way/410072107",
        "leisure": "pitch",
        "sport": "basketball"
      },
      "geometry": {
        "type": "Polygon",
        "coordinates": [
          [
            [
              -87.6774544,
              41.8673583
            ],
            [
              -87.6774526,
              41.8672859
            ],
            [
              -87.6772721,
              41.8672898
            ],
            [
              -87.6772739,
              41.8673636
            ],
            [
              -87.6774544,
              41.8673583
            ]
          ]
        ]
      },
      "id": "way/410072107"
    },
    {
      "type": "Feature",
      "properties": {
        "@id": "way/411436536",
        "leisure": "pitch",
        "sport": "basketball"
      },
      "geometry": {
        "type": "Polygon",
        "coordinates": [
          [
            [
              -87.6450516,
              41.9062175
            ],
            [
              -87.6450491,
              41.9060663
            ],
            [
              -87.6447544,
              41.906069
            ],
            [
              -87.6447569,
              41.9062202
            ],
            [
              -87.6450516,
              41.9062175
            ]
          ]
        ]
      },
      "id": "way/411436536"
    },
    {
      "type": "Feature",
      "properties": {
        "@id": "way/411487068",
        "leisure": "pitch",
        "sport": "basketball"
      },
      "geometry": {
        "type": "Polygon",
        "coordinates": [
          [
            [
              -87.731838,
              41.8817114
            ],
            [
              -87.7318435,
              41.8814313
            ],
            [
              -87.7316181,
              41.8814367
            ],
            [
              -87.7316244,
              41.8817146
            ],
            [
              -87.731838,
              41.8817114
            ]
          ]
        ]
      },
      "id": "way/411487068"
    },
    {
      "type": "Feature",
      "properties": {
        "@id": "way/411768078",
        "leisure": "pitch",
        "sport": "basketball",
        "surface": "asphalt"
      },
      "geometry": {
        "type": "Polygon",
        "coordinates": [
          [
            [
              -87.6236763,
              41.8332853
            ],
            [
              -87.6236736,
              41.8332114
            ],
            [
              -87.6234966,
              41.8332133
            ],
            [
              -87.6235006,
              41.8332853
            ],
            [
              -87.6236763,
              41.8332853
            ]
          ]
        ]
      },
      "id": "way/411768078"
    },
    {
      "type": "Feature",
      "properties": {
        "@id": "way/414250306",
        "leisure": "pitch",
        "sport": "basketball"
      },
      "geometry": {
        "type": "Polygon",
        "coordinates": [
          [
            [
              -87.6656517,
              41.9355416
            ],
            [
              -87.6656478,
              41.9354167
            ],
            [
              -87.6654119,
              41.9354207
            ],
            [
              -87.6654158,
              41.9355457
            ],
            [
              -87.6656517,
              41.9355416
            ]
          ]
        ]
      },
      "id": "way/414250306"
    },
    {
      "type": "Feature",
      "properties": {
        "@id": "way/541651197",
        "leisure": "pitch",
        "sport": "basketball"
      },
      "geometry": {
        "type": "Polygon",
        "coordinates": [
          [
            [
              -87.8161639,
              41.9995469
            ],
            [
              -87.8163459,
              41.9993791
            ],
            [
              -87.8161866,
              41.9992889
            ],
            [
              -87.8160045,
              41.9994637
            ],
            [
              -87.8161639,
              41.9995469
            ]
          ]
        ]
      },
      "id": "way/541651197"
    },
    {
      "type": "Feature",
      "properties": {
        "@id": "way/542478919",
        "leisure": "pitch",
        "sport": "basketball"
      },
      "geometry": {
        "type": "Polygon",
        "coordinates": [
          [
            [
              -87.6816771,
              41.7773358
            ],
            [
              -87.682118,
              41.7773302
            ],
            [
              -87.682115,
              41.7771935
            ],
            [
              -87.6816726,
              41.7772002
            ],
            [
              -87.6816771,
              41.7773358
            ]
          ]
        ]
      },
      "id": "way/542478919"
    },
    {
      "type": "Feature",
      "properties": {
        "@id": "way/554913420",
        "check_date:surface": "2026-03-03",
        "leisure": "pitch",
        "sport": "basketball",
        "surface": "paved"
      },
      "geometry": {
        "type": "Polygon",
        "coordinates": [
          [
            [
              -87.5896526,
              41.8095414
            ],
            [
              -87.5898054,
              41.8094833
            ],
            [
              -87.5896768,
              41.8092953
            ],
            [
              -87.589524,
              41.8093534
            ],
            [
              -87.5896526,
              41.8095414
            ]
          ]
        ]
      },
      "id": "way/554913420"
    },
    {
      "type": "Feature",
      "properties": {
        "@id": "way/664217975",
        "hoops": "2",
        "leisure": "pitch",
        "sport": "basketball"
      },
      "geometry": {
        "type": "Polygon",
        "coordinates": [
          [
            [
              -87.6467774,
              41.873343
            ],
            [
              -87.6467723,
              41.8731647
            ],
            [
              -87.6466038,
              41.8731674
            ],
            [
              -87.6466089,
              41.8733457
            ],
            [
              -87.6467774,
              41.873343
            ]
          ]
        ]
      },
      "id": "way/664217975"
    },
    {
      "type": "Feature",
      "properties": {
        "@id": "way/664217978",
        "hoops": "2",
        "leisure": "pitch",
        "sport": "basketball"
      },
      "geometry": {
        "type": "Polygon",
        "coordinates": [
          [
            [
              -87.64642,
              41.8733505
            ],
            [
              -87.6464154,
              41.8731724
            ],
            [
              -87.6462523,
              41.8731747
            ],
            [
              -87.6462568,
              41.8733528
            ],
            [
              -87.64642,
              41.8733505
            ]
          ]
        ]
      },
      "id": "way/664217978"
    },
    {
      "type": "Feature",
      "properties": {
        "@id": "way/664217979",
        "hoops": "2",
        "leisure": "pitch",
        "sport": "basketball"
      },
      "geometry": {
        "type": "Polygon",
        "coordinates": [
          [
            [
              -87.646436,
              41.8733489
            ],
            [
              -87.6465983,
              41.8733466
            ],
            [
              -87.6465938,
              41.8731684
            ],
            [
              -87.6464315,
              41.8731707
            ],
            [
              -87.646436,
              41.8733489
            ]
          ]
        ]
      },
      "id": "way/664217979"
    },
    {
      "type": "Feature",
      "properties": {
        "@id": "way/675752297",
        "leisure": "pitch",
        "sport": "basketball"
      },
      "geometry": {
        "type": "Polygon",
        "coordinates": [
          [
            [
              -87.6221482,
              41.7941642
            ],
            [
              -87.6221397,
              41.7939243
            ],
            [
              -87.6219532,
              41.7939279
            ],
            [
              -87.6219617,
              41.7941679
            ],
            [
              -87.6221482,
              41.7941642
            ]
          ]
        ]
      },
      "id": "way/675752297"
    },
    {
      "type": "Feature",
      "properties": {
        "@id": "way/733792016",
        "leisure": "pitch",
        "sport": "basketball"
      },
      "geometry": {
        "type": "Polygon",
        "coordinates": [
          [
            [
              -87.7208712,
              41.8693205
            ],
            [
              -87.7208696,
              41.8692035
            ],
            [
              -87.7204989,
              41.8692106
            ],
            [
              -87.7205005,
              41.8693217
            ],
            [
              -87.7208712,
              41.8693205
            ]
          ]
        ]
      },
      "id": "way/733792016"
    },
    {
      "type": "Feature",
      "properties": {
        "@id": "way/750613354",
        "leisure": "pitch",
        "sport": "basketball"
      },
      "geometry": {
        "type": "Polygon",
        "coordinates": [
          [
            [
              -87.6725857,
              41.8797126
            ],
            [
              -87.6727653,
              41.879708
            ],
            [
              -87.6727573,
              41.8795815
            ],
            [
              -87.6725821,
              41.8795874
            ],
            [
              -87.6725857,
              41.8797126
            ]
          ]
        ]
      },
      "id": "way/750613354"
    },
    {
      "type": "Feature",
      "properties": {
        "@id": "way/780984234",
        "leisure": "pitch",
        "name": "Le terrain de basket",
        "sport": "basketball",
        "surface": "asphalt"
      },
      "geometry": {
        "type": "Polygon",
        "coordinates": [
          [
            [
              -87.677546,
              41.9643975
            ],
            [
              -87.677569,
              41.9643909
            ],
            [
              -87.6775973,
              41.9643738
            ],
            [
              -87.6776203,
              41.9643461
            ],
            [
              -87.6776309,
              41.9643238
            ],
            [
              -87.6776371,
              41.964304
            ],
            [
              -87.6776354,
              41.9642777
            ],
            [
              -87.6773947,
              41.9641803
            ],
            [
              -87.6773735,
              41.9641863
            ],
            [
              -87.6773549,
              41.9642001
            ],
            [
              -87.6773398,
              41.9642126
            ],
            [
              -87.6773221,
              41.9642284
            ],
            [
              -87.6773177,
              41.9642409
            ],
            [
              -87.6773097,
              41.9642652
            ],
            [
              -87.6773036,
              41.9642896
            ],
            [
              -87.6773097,
              41.9643047
            ],
            [
              -87.677546,
              41.9643975
            ]
          ]
        ]
      },
      "id": "way/780984234"
    },
    {
      "type": "Feature",
      "properties": {
        "@id": "way/813006664",
        "leisure": "pitch",
        "sport": "basketball"
      },
      "geometry": {
        "type": "Polygon",
        "coordinates": [
          [
            [
              -87.6456877,
              41.9300993
            ],
            [
              -87.6456439,
              41.9299047
            ],
            [
              -87.6454952,
              41.9299232
            ],
            [
              -87.6455388,
              41.9301167
            ],
            [
              -87.6456877,
              41.9300993
            ]
          ]
        ]
      },
      "id": "way/813006664"
    },
    {
      "type": "Feature",
      "properties": {
        "@id": "way/1000072871",
        "leisure": "pitch",
        "sport": "basketball"
      },
      "geometry": {
        "type": "Polygon",
        "coordinates": [
          [
            [
              -87.6581415,
              41.8551379
            ],
            [
              -87.6581404,
              41.8550029
            ],
            [
              -87.6579868,
              41.8550046
            ],
            [
              -87.6579961,
              41.8551404
            ],
            [
              -87.6581415,
              41.8551379
            ]
          ]
        ]
      },
      "id": "way/1000072871"
    },
    {
      "type": "Feature",
      "properties": {
        "@id": "way/1000929598",
        "access": "private",
        "leisure": "pitch",
        "sport": "basketball"
      },
      "geometry": {
        "type": "Polygon",
        "coordinates": [
          [
            [
              -87.6487728,
              41.9502432
            ],
            [
              -87.6488815,
              41.9502062
            ],
            [
              -87.6488073,
              41.9500866
            ],
            [
              -87.6487016,
              41.9501229
            ],
            [
              -87.6487728,
              41.9502432
            ]
          ]
        ]
      },
      "id": "way/1000929598"
    },
    {
      "type": "Feature",
      "properties": {
        "@id": "way/1000929599",
        "access": "private",
        "leisure": "pitch",
        "sport": "basketball"
      },
      "geometry": {
        "type": "Polygon",
        "coordinates": [
          [
            [
              -87.6488418,
              41.950364
            ],
            [
              -87.6489535,
              41.9503242
            ],
            [
              -87.6488815,
              41.9502062
            ],
            [
              -87.6487728,
              41.9502432
            ],
            [
              -87.6488418,
              41.950364
            ]
          ]
        ]
      },
      "id": "way/1000929599"
    },
    {
      "type": "Feature",
      "properties": {
        "@id": "way/1000954339",
        "leisure": "pitch",
        "sport": "basketball"
      },
      "geometry": {
        "type": "Polygon",
        "coordinates": [
          [
            [
              -87.6711381,
              41.8828266
            ],
            [
              -87.6711353,
              41.8827144
            ],
            [
              -87.6709516,
              41.8827169
            ],
            [
              -87.6709544,
              41.8828292
            ],
            [
              -87.6711381,
              41.8828266
            ]
          ]
        ]
      },
      "id": "way/1000954339"
    },
    {
      "type": "Feature",
      "properties": {
        "@id": "way/1000954340",
        "leisure": "pitch",
        "sport": "basketball"
      },
      "geometry": {
        "type": "Polygon",
        "coordinates": [
          [
            [
              -87.6711289,
              41.8826421
            ],
            [
              -87.6711271,
              41.8825286
            ],
            [
              -87.670945,
              41.8825335
            ],
            [
              -87.6709467,
              41.8826445
            ],
            [
              -87.6711289,
              41.8826421
            ]
          ]
        ]
      },
      "id": "way/1000954340"
    },
    {
      "type": "Feature",
      "properties": {
        "@id": "way/1001170333",
        "leisure": "pitch",
        "sport": "basketball"
      },
      "geometry": {
        "type": "Polygon",
        "coordinates": [
          [
            [
              -87.6211945,
              41.681971
            ],
            [
              -87.6211955,
              41.6818429
            ],
            [
              -87.6209067,
              41.6818452
            ],
            [
              -87.6209057,
              41.6819757
            ],
            [
              -87.6211945,
              41.681971
            ]
          ]
        ]
      },
      "id": "way/1001170333"
    },
    {
      "type": "Feature",
      "properties": {
        "@id": "way/1002427657",
        "leisure": "pitch",
        "sport": "basketball"
      },
      "geometry": {
        "type": "Polygon",
        "coordinates": [
          [
            [
              -87.6648792,
              41.9627131
            ],
            [
              -87.6648495,
              41.9625103
            ],
            [
              -87.6647048,
              41.962518
            ],
            [
              -87.6647177,
              41.9627217
            ],
            [
              -87.6648792,
              41.9627131
            ]
          ]
        ]
      },
      "id": "way/1002427657"
    },
    {
      "type": "Feature",
      "properties": {
        "@id": "way/1006242226",
        "leisure": "pitch",
        "sport": "basketball"
      },
      "geometry": {
        "type": "Polygon",
        "coordinates": [
          [
            [
              -87.6629692,
              41.8588661
            ],
            [
              -87.6627951,
              41.8588687
            ],
            [
              -87.6628012,
              41.8589834
            ],
            [
              -87.6629718,
              41.8589808
            ],
            [
              -87.6629692,
              41.8588661
            ]
          ]
        ]
      },
      "id": "way/1006242226"
    },
    {
      "type": "Feature",
      "properties": {
        "@id": "way/1007423267",
        "access": "private",
        "hoops": "2",
        "leisure": "pitch",
        "lit": "yes",
        "note": "Rooftop",
        "sport": "basketball"
      },
      "geometry": {
        "type": "Polygon",
        "coordinates": [
          [
            [
              -87.6386633,
              41.8760049
            ],
            [
              -87.6386555,
              41.8757795
            ],
            [
              -87.6384722,
              41.8757835
            ],
            [
              -87.638482,
              41.8760081
            ],
            [
              -87.6386633,
              41.8760049
            ]
          ]
        ]
      },
      "id": "way/1007423267"
    },
    {
      "type": "Feature",
      "properties": {
        "@id": "way/1033376215",
        "leisure": "pitch",
        "sport": "basketball"
      },
      "geometry": {
        "type": "Polygon",
        "coordinates": [
          [
            [
              -87.7481078,
              41.8028172
            ],
            [
              -87.7481028,
              41.8026522
            ],
            [
              -87.7479551,
              41.8026547
            ],
            [
              -87.74796,
              41.8028196
            ],
            [
              -87.7481078,
              41.8028172
            ]
          ]
        ]
      },
      "id": "way/1033376215"
    },
    {
      "type": "Feature",
      "properties": {
        "@id": "way/1035475085",
        "leisure": "pitch",
        "sport": "basketball"
      },
      "geometry": {
        "type": "Polygon",
        "coordinates": [
          [
            [
              -87.6747875,
              41.8508007
            ],
            [
              -87.6747824,
              41.8506835
            ],
            [
              -87.6745116,
              41.8506888
            ],
            [
              -87.6745167,
              41.8508045
            ],
            [
              -87.6747875,
              41.8508007
            ]
          ]
        ]
      },
      "id": "way/1035475085"
    },
    {
      "type": "Feature",
      "properties": {
        "@id": "way/1035475086",
        "leisure": "pitch",
        "sport": "basketball"
      },
      "geometry": {
        "type": "Polygon",
        "coordinates": [
          [
            [
              -87.6744697,
              41.8508041
            ],
            [
              -87.6744646,
              41.8506869
            ],
            [
              -87.6741937,
              41.8506922
            ],
            [
              -87.6741988,
              41.850808
            ],
            [
              -87.6744697,
              41.8508041
            ]
          ]
        ]
      },
      "id": "way/1035475086"
    },
    {
      "type": "Feature",
      "properties": {
        "@id": "way/1035930000",
        "hoops": "1",
        "leisure": "pitch",
        "sport": "basketball",
        "surface": "asphalt"
      },
      "geometry": {
        "type": "Polygon",
        "coordinates": [
          [
            [
              -87.6827621,
              41.8971223
            ],
            [
              -87.68276,
              41.8970799
            ],
            [
              -87.6827567,
              41.8970709
            ],
            [
              -87.6827466,
              41.8970659
            ],
            [
              -87.6827339,
              41.8970644
            ],
            [
              -87.6827245,
              41.8970669
            ],
            [
              -87.6827185,
              41.8970714
            ],
            [
              -87.6827151,
              41.8970799
            ],
            [
              -87.6827158,
              41.8971238
            ],
            [
              -87.6827621,
              41.8971223
            ]
          ]
        ]
      },
      "id": "way/1035930000"
    },
    {
      "type": "Feature",
      "properties": {
        "@id": "way/1039144233",
        "access": "yes",
        "leisure": "pitch",
        "lit": "yes",
        "sport": "basketball",
        "surface": "asphalt"
      },
      "geometry": {
        "type": "Polygon",
        "coordinates": [
          [
            [
              -87.6800116,
              42.0092243
            ],
            [
              -87.6800078,
              42.0091185
            ],
            [
              -87.6798419,
              42.0091215
            ],
            [
              -87.6798457,
              42.009228
            ],
            [
              -87.6800116,
              42.0092243
            ]
          ]
        ]
      },
      "id": "way/1039144233"
    },
    {
      "type": "Feature",
      "properties": {
        "@id": "way/1039144234",
        "access": "yes",
        "leisure": "pitch",
        "lit": "yes",
        "sport": "basketball",
        "surface": "asphalt"
      },
      "geometry": {
        "type": "Polygon",
        "coordinates": [
          [
            [
              -87.6800078,
              42.0091185
            ],
            [
              -87.6800042,
              42.0090087
            ],
            [
              -87.6798383,
              42.0090117
            ],
            [
              -87.6798419,
              42.0091215
            ],
            [
              -87.6800078,
              42.0091185
            ]
          ]
        ]
      },
      "id": "way/1039144234"
    },
    {
      "type": "Feature",
      "properties": {
        "@id": "way/1049160701",
        "leisure": "pitch",
        "sport": "basketball"
      },
      "geometry": {
        "type": "Polygon",
        "coordinates": [
          [
            [
              -87.6351985,
              41.6759791
            ],
            [
              -87.6351967,
              41.6757192
            ],
            [
              -87.6347548,
              41.6757209
            ],
            [
              -87.6347566,
              41.6759808
            ],
            [
              -87.6351985,
              41.6759791
            ]
          ]
        ]
      },
      "id": "way/1049160701"
    },
    {
      "type": "Feature",
      "properties": {
        "@id": "way/1050143566",
        "leisure": "pitch",
        "sport": "basketball"
      },
      "geometry": {
        "type": "Polygon",
        "coordinates": [
          [
            [
              -87.7012931,
              41.8224304
            ],
            [
              -87.7011217,
              41.822433
            ],
            [
              -87.7011275,
              41.8225531
            ],
            [
              -87.7012989,
              41.8225495
            ],
            [
              -87.7012931,
              41.8224304
            ]
          ]
        ]
      },
      "id": "way/1050143566"
    },
    {
      "type": "Feature",
      "properties": {
        "@id": "way/1050332182",
        "leisure": "pitch",
        "sport": "basketball"
      },
      "geometry": {
        "type": "Polygon",
        "coordinates": [
          [
            [
              -87.6937827,
              41.8179466
            ],
            [
              -87.6936308,
              41.8179477
            ],
            [
              -87.6936323,
              41.8181501
            ],
            [
              -87.693789,
              41.8181484
            ],
            [
              -87.6937827,
              41.8179466
            ]
          ]
        ]
      },
      "id": "way/1050332182"
    },
    {
      "type": "Feature",
      "properties": {
        "@id": "way/1052550385",
        "leisure": "pitch",
        "sport": "basketball"
      },
      "geometry": {
        "type": "Polygon",
        "coordinates": [
          [
            [
              -87.7466983,
              41.8080202
            ],
            [
              -87.7465165,
              41.8080214
            ],
            [
              -87.7465231,
              41.8082206
            ],
            [
              -87.7467066,
              41.8082188
            ],
            [
              -87.7466983,
              41.8080202
            ]
          ]
        ]
      },
      "id": "way/1052550385"
    },
    {
      "type": "Feature",
      "properties": {
        "@id": "way/1055119020",
        "leisure": "pitch",
        "sport": "basketball"
      },
      "geometry": {
        "type": "Polygon",
        "coordinates": [
          [
            [
              -87.6708141,
              41.7771446
            ],
            [
              -87.6708126,
              41.7769977
            ],
            [
              -87.6703623,
              41.7770002
            ],
            [
              -87.6703637,
              41.777147
            ],
            [
              -87.6708141,
              41.7771446
            ]
          ]
        ]
      },
      "id": "way/1055119020"
    },
    {
      "type": "Feature",
      "properties": {
        "@id": "way/1055119021",
        "leisure": "pitch",
        "sport": "basketball"
      },
      "geometry": {
        "type": "Polygon",
        "coordinates": [
          [
            [
              -87.6706185,
              41.77747
            ],
            [
              -87.6706174,
              41.7774031
            ],
            [
              -87.6704383,
              41.7774046
            ],
            [
              -87.6704393,
              41.7774715
            ],
            [
              -87.6706185,
              41.77747
            ]
          ]
        ]
      },
      "id": "way/1055119021"
    },
    {
      "type": "Feature",
      "properties": {
        "@id": "way/1060159206",
        "leisure": "pitch",
        "sport": "basketball"
      },
      "geometry": {
        "type": "Polygon",
        "coordinates": [
          [
            [
              -87.7109403,
              41.8311635
            ],
            [
              -87.71077,
              41.8312178
            ],
            [
              -87.7108738,
              41.8314064
            ],
            [
              -87.7110408,
              41.8313532
            ],
            [
              -87.7109671,
              41.8312142
            ],
            [
              -87.7109403,
              41.8311635
            ]
          ]
        ]
      },
      "id": "way/1060159206"
    },
    {
      "type": "Feature",
      "properties": {
        "@id": "way/1060879185",
        "hoops": "2",
        "leisure": "pitch",
        "sport": "basketball"
      },
      "geometry": {
        "type": "Polygon",
        "coordinates": [
          [
            [
              -87.66448,
              41.8839233
            ],
            [
              -87.664212,
              41.8838048
            ],
            [
              -87.6641177,
              41.883923
            ],
            [
              -87.6643857,
              41.8840415
            ],
            [
              -87.66448,
              41.8839233
            ]
          ]
        ]
      },
      "id": "way/1060879185"
    },
    {
      "type": "Feature",
      "properties": {
        "@id": "way/1063677298",
        "access": "yes",
        "leisure": "pitch",
        "sport": "basketball"
      },
      "geometry": {
        "type": "Polygon",
        "coordinates": [
          [
            [
              -87.6648696,
              41.7355633
            ],
            [
              -87.6648613,
              41.7353135
            ],
            [
              -87.6646423,
              41.7353135
            ],
            [
              -87.6646475,
              41.7354148
            ],
            [
              -87.6646515,
              41.7355674
            ],
            [
              -87.6648696,
              41.7355633
            ]
          ]
        ]
      },
      "id": "way/1063677298"
    },
    {
      "type": "Feature",
      "properties": {
        "@id": "way/1067684372",
        "access": "yes",
        "leisure": "pitch",
        "sport": "basketball"
      },
      "geometry": {
        "type": "Polygon",
        "coordinates": [
          [
            [
              -87.6004535,
              41.6549847
            ],
            [
              -87.600454,
              41.654727
            ],
            [
              -87.6002364,
              41.6547268
            ],
            [
              -87.6002359,
              41.6549844
            ],
            [
              -87.6004535,
              41.6549847
            ]
          ]
        ]
      },
      "id": "way/1067684372"
    },
    {
      "type": "Feature",
      "properties": {
        "@id": "way/1067684373",
        "access": "yes",
        "leisure": "pitch",
        "sport": "basketball"
      },
      "geometry": {
        "type": "Polygon",
        "coordinates": [
          [
            [
              -87.600196,
              41.6551614
            ],
            [
              -87.6001965,
              41.6549037
            ],
            [
              -87.5999789,
              41.6549035
            ],
            [
              -87.5999784,
              41.6551611
            ],
            [
              -87.600196,
              41.6551614
            ]
          ]
        ]
      },
      "id": "way/1067684373"
    },
    {
      "type": "Feature",
      "properties": {
        "@id": "way/1084348033",
        "leisure": "pitch",
        "sport": "basketball"
      },
      "geometry": {
        "type": "Polygon",
        "coordinates": [
          [
            [
              -87.5972301,
              41.7600934
            ],
            [
              -87.5971169,
              41.7601805
            ],
            [
              -87.597315,
              41.7603203
            ],
            [
              -87.5974247,
              41.7602385
            ],
            [
              -87.5972301,
              41.7600934
            ]
          ]
        ]
      },
      "id": "way/1084348033"
    },
    {
      "type": "Feature",
      "properties": {
        "@id": "way/1089563404",
        "leisure": "pitch",
        "sport": "basketball"
      },
      "geometry": {
        "type": "Polygon",
        "coordinates": [
          [
            [
              -87.5524139,
              41.7439463
            ],
            [
              -87.5522391,
              41.7439483
            ],
            [
              -87.5522398,
              41.7439669
            ],
            [
              -87.5522542,
              41.7439905
            ],
            [
              -87.5522805,
              41.7440086
            ],
            [
              -87.5523088,
              41.7440169
            ],
            [
              -87.5523364,
              41.7440189
            ],
            [
              -87.5523659,
              41.744012
            ],
            [
              -87.5523876,
              41.7440003
            ],
            [
              -87.5524054,
              41.7439831
            ],
            [
              -87.5524126,
              41.7439659
            ],
            [
              -87.5524139,
              41.7439463
            ]
          ]
        ]
      },
      "id": "way/1089563404"
    },
    {
      "type": "Feature",
      "properties": {
        "@id": "way/1095283026",
        "leisure": "pitch",
        "sport": "basketball"
      },
      "geometry": {
        "type": "Polygon",
        "coordinates": [
          [
            [
              -87.5519011,
              41.736041
            ],
            [
              -87.551593,
              41.7360433
            ],
            [
              -87.551592,
              41.7361824
            ],
            [
              -87.5519021,
              41.7361794
            ],
            [
              -87.5519011,
              41.736041
            ]
          ]
        ]
      },
      "id": "way/1095283026"
    },
    {
      "type": "Feature",
      "properties": {
        "@id": "way/1116642714",
        "leisure": "pitch",
        "sport": "basketball"
      },
      "geometry": {
        "type": "Polygon",
        "coordinates": [
          [
            [
              -87.717114,
              41.8678043
            ],
            [
              -87.7171171,
              41.8679496
            ],
            [
              -87.7174412,
              41.8679458
            ],
            [
              -87.7174393,
              41.8678535
            ],
            [
              -87.7174382,
              41.8678005
            ],
            [
              -87.717114,
              41.8678043
            ]
          ]
        ]
      },
      "id": "way/1116642714"
    },
    {
      "type": "Feature",
      "properties": {
        "@id": "way/1120646526",
        "leisure": "pitch",
        "sport": "basketball"
      },
      "geometry": {
        "type": "Polygon",
        "coordinates": [
          [
            [
              -87.6840429,
              41.8243413
            ],
            [
              -87.6840305,
              41.8240046
            ],
            [
              -87.6836328,
              41.8240127
            ],
            [
              -87.6836452,
              41.8243495
            ],
            [
              -87.6840429,
              41.8243413
            ]
          ]
        ]
      },
      "id": "way/1120646526"
    },
    {
      "type": "Feature",
      "properties": {
        "@id": "way/1138573538",
        "hoops": "2",
        "leisure": "pitch",
        "sport": "basketball"
      },
      "geometry": {
        "type": "Polygon",
        "coordinates": [
          [
            [
              -87.7205355,
              41.7477628
            ],
            [
              -87.7203586,
              41.7477297
            ],
            [
              -87.7202953,
              41.7479182
            ],
            [
              -87.7204722,
              41.7479512
            ],
            [
              -87.7205355,
              41.7477628
            ]
          ]
        ]
      },
      "id": "way/1138573538"
    },
    {
      "type": "Feature",
      "properties": {
        "@id": "way/1138573539",
        "hoops": "2",
        "leisure": "pitch",
        "sport": "basketball"
      },
      "geometry": {
        "type": "Polygon",
        "coordinates": [
          [
            [
              -87.7202736,
              41.7477144
            ],
            [
              -87.7200967,
              41.7476813
            ],
            [
              -87.7200334,
              41.7478698
            ],
            [
              -87.7202103,
              41.7479028
            ],
            [
              -87.7202736,
              41.7477144
            ]
          ]
        ]
      },
      "id": "way/1138573539"
    },
    {
      "type": "Feature",
      "properties": {
        "@id": "way/1140689943",
        "hoops": "2",
        "leisure": "pitch",
        "sport": "basketball"
      },
      "geometry": {
        "type": "Polygon",
        "coordinates": [
          [
            [
              -87.6978085,
              41.9500287
            ],
            [
              -87.6978049,
              41.9498163
            ],
            [
              -87.6976193,
              41.9498181
            ],
            [
              -87.697623,
              41.9500304
            ],
            [
              -87.6978085,
              41.9500287
            ]
          ]
        ]
      },
      "id": "way/1140689943"
    },
    {
      "type": "Feature",
      "properties": {
        "@id": "way/1140693915",
        "hoops": "2",
        "leisure": "pitch",
        "sport": "basketball"
      },
      "geometry": {
        "type": "Polygon",
        "coordinates": [
          [
            [
              -87.6187512,
              41.8403288
            ],
            [
              -87.6187571,
              41.8405072
            ],
            [
              -87.6189398,
              41.8405038
            ],
            [
              -87.6189339,
              41.8403255
            ],
            [
              -87.6187512,
              41.8403288
            ]
          ]
        ]
      },
      "id": "way/1140693915"
    },
    {
      "type": "Feature",
      "properties": {
        "@id": "way/1140693916",
        "hoops": "2",
        "leisure": "pitch",
        "sport": "basketball"
      },
      "geometry": {
        "type": "Polygon",
        "coordinates": [
          [
            [
              -87.619008,
              41.8403246
            ],
            [
              -87.6190139,
              41.8405029
            ],
            [
              -87.6191966,
              41.8404996
            ],
            [
              -87.6191907,
              41.8403212
            ],
            [
              -87.619008,
              41.8403246
            ]
          ]
        ]
      },
      "id": "way/1140693916"
    },
    {
      "type": "Feature",
      "properties": {
        "@id": "way/1140693917",
        "hoops": "2",
        "leisure": "pitch",
        "sport": "basketball"
      },
      "geometry": {
        "type": "Polygon",
        "coordinates": [
          [
            [
              -87.6192819,
              41.8403208
            ],
            [
              -87.6192878,
              41.8404992
            ],
            [
              -87.6194705,
              41.8404958
            ],
            [
              -87.6194646,
              41.8403175
            ],
            [
              -87.6192819,
              41.8403208
            ]
          ]
        ]
      },
      "id": "way/1140693917"
    },
    {
      "type": "Feature",
      "properties": {
        "@id": "way/1140693918",
        "hoops": "2",
        "leisure": "pitch",
        "sport": "basketball"
      },
      "geometry": {
        "type": "Polygon",
        "coordinates": [
          [
            [
              -87.6195309,
              41.8403178
            ],
            [
              -87.6195368,
              41.8404962
            ],
            [
              -87.6197195,
              41.8404928
            ],
            [
              -87.6197136,
              41.8403145
            ],
            [
              -87.6195309,
              41.8403178
            ]
          ]
        ]
      },
      "id": "way/1140693918"
    },
    {
      "type": "Feature",
      "properties": {
        "@id": "way/1141836757",
        "hoops": "2",
        "leisure": "pitch",
        "sport": "basketball"
      },
      "geometry": {
        "type": "Polygon",
        "coordinates": [
          [
            [
              -87.6157194,
              41.791482
            ],
            [
              -87.6157131,
              41.7911962
            ],
            [
              -87.6155322,
              41.7911985
            ],
            [
              -87.6155385,
              41.7914842
            ],
            [
              -87.6157194,
              41.791482
            ]
          ]
        ]
      },
      "id": "way/1141836757"
    },
    {
      "type": "Feature",
      "properties": {
        "@id": "way/1141836758",
        "hoops": "2",
        "leisure": "pitch",
        "sport": "basketball"
      },
      "geometry": {
        "type": "Polygon",
        "coordinates": [
          [
            [
              -87.6157041,
              41.7906724
            ],
            [
              -87.6156976,
              41.790361
            ],
            [
              -87.6155163,
              41.7903631
            ],
            [
              -87.6155228,
              41.7906745
            ],
            [
              -87.6157041,
              41.7906724
            ]
          ]
        ]
      },
      "id": "way/1141836758"
    },
    {
      "type": "Feature",
      "properties": {
        "@id": "way/1141836761",
        "hoops": "2",
        "leisure": "pitch",
        "sport": "basketball"
      },
      "geometry": {
        "type": "Polygon",
        "coordinates": [
          [
            [
              -87.6155955,
              41.7865397
            ],
            [
              -87.6154107,
              41.7865415
            ],
            [
              -87.6154148,
              41.7867709
            ],
            [
              -87.6155996,
              41.7867691
            ],
            [
              -87.6155955,
              41.7865397
            ]
          ]
        ]
      },
      "id": "way/1141836761"
    },
    {
      "type": "Feature",
      "properties": {
        "@id": "way/1144160871",
        "hoops": "2",
        "leisure": "pitch",
        "sport": "basketball"
      },
      "geometry": {
        "type": "Polygon",
        "coordinates": [
          [
            [
              -87.7929138,
              41.9855349
            ],
            [
              -87.7928765,
              41.9854467
            ],
            [
              -87.7927166,
              41.9854841
            ],
            [
              -87.7927539,
              41.9855723
            ],
            [
              -87.7929138,
              41.9855349
            ]
          ]
        ]
      },
      "id": "way/1144160871"
    },
    {
      "type": "Feature",
      "properties": {
        "@id": "way/1144168867",
        "hoops": "2",
        "leisure": "pitch",
        "sport": "basketball"
      },
      "geometry": {
        "type": "Polygon",
        "coordinates": [
          [
            [
              -87.6965734,
              41.9609929
            ],
            [
              -87.6965735,
              41.9607886
            ],
            [
              -87.6963886,
              41.9607886
            ],
            [
              -87.6963885,
              41.9609929
            ],
            [
              -87.6965734,
              41.9609929
            ]
          ]
        ]
      },
      "id": "way/1144168867"
    },
    {
      "type": "Feature",
      "properties": {
        "@id": "way/1144531090",
        "hoops": "2",
        "leisure": "pitch",
        "sport": "basketball"
      },
      "geometry": {
        "type": "Polygon",
        "coordinates": [
          [
            [
              -87.6546832,
              41.7281567
            ],
            [
              -87.6545077,
              41.7281589
            ],
            [
              -87.6545139,
              41.7284319
            ],
            [
              -87.6546894,
              41.7284297
            ],
            [
              -87.6546832,
              41.7281567
            ]
          ]
        ]
      },
      "id": "way/1144531090"
    },
    {
      "type": "Feature",
      "properties": {
        "@id": "way/1147429266",
        "hoops": "2",
        "leisure": "pitch",
        "sport": "basketball"
      },
      "geometry": {
        "type": "Polygon",
        "coordinates": [
          [
            [
              -87.6341867,
              41.7264972
            ],
            [
              -87.6341817,
              41.7262823
            ],
            [
              -87.6339968,
              41.7262847
            ],
            [
              -87.6340017,
              41.7264996
            ],
            [
              -87.6341867,
              41.7264972
            ]
          ]
        ]
      },
      "id": "way/1147429266"
    },
    {
      "type": "Feature",
      "properties": {
        "@id": "way/1148023130",
        "hoops": "2",
        "leisure": "pitch",
        "sport": "basketball"
      },
      "geometry": {
        "type": "Polygon",
        "coordinates": [
          [
            [
              -87.6106059,
              41.7296468
            ],
            [
              -87.6106008,
              41.7294612
            ],
            [
              -87.6104437,
              41.7294636
            ],
            [
              -87.6104489,
              41.7296492
            ],
            [
              -87.6106059,
              41.7296468
            ]
          ]
        ]
      },
      "id": "way/1148023130"
    },
    {
      "type": "Feature",
      "properties": {
        "@id": "way/1150608667",
        "leisure": "pitch",
        "sport": "basketball"
      },
      "geometry": {
        "type": "Polygon",
        "coordinates": [
          [
            [
              -87.6239641,
              41.8279887
            ],
            [
              -87.6237806,
              41.8279906
            ],
            [
              -87.6237831,
              41.8282519
            ],
            [
              -87.6239704,
              41.8282519
            ],
            [
              -87.6239641,
              41.8279887
            ]
          ]
        ]
      },
      "id": "way/1150608667"
    },
    {
      "type": "Feature",
      "properties": {
        "@id": "way/1158725711",
        "hoops": "2",
        "leisure": "pitch",
        "sport": "basketball",
        "surface": "asphalt"
      },
      "geometry": {
        "type": "Polygon",
        "coordinates": [
          [
            [
              -87.6788692,
              41.9064815
            ],
            [
              -87.6788701,
              41.9062759
            ],
            [
              -87.6787268,
              41.9062794
            ],
            [
              -87.6787343,
              41.906485
            ],
            [
              -87.6788692,
              41.9064815
            ]
          ]
        ]
      },
      "id": "way/1158725711"
    },
    {
      "type": "Feature",
      "properties": {
        "@id": "way/1158725712",
        "hoops": "1",
        "leisure": "pitch",
        "sport": "basketball",
        "surface": "asphalt"
      },
      "geometry": {
        "type": "Polygon",
        "coordinates": [
          [
            [
              -87.6790044,
              41.9064796
            ],
            [
              -87.6790039,
              41.9063769
            ],
            [
              -87.6788738,
              41.9063793
            ],
            [
              -87.6788766,
              41.9064824
            ],
            [
              -87.6790044,
              41.9064796
            ]
          ]
        ]
      },
      "id": "way/1158725712"
    },
    {
      "type": "Feature",
      "properties": {
        "@id": "way/1161293319",
        "leisure": "pitch",
        "sport": "basketball"
      },
      "geometry": {
        "type": "Polygon",
        "coordinates": [
          [
            [
              -87.6803025,
              41.9612704
            ],
            [
              -87.680299,
              41.9610647
            ],
            [
              -87.6801486,
              41.9610661
            ],
            [
              -87.6801522,
              41.9612718
            ],
            [
              -87.6803025,
              41.9612704
            ]
          ]
        ]
      },
      "id": "way/1161293319"
    },
    {
      "type": "Feature",
      "properties": {
        "@id": "way/1167791147",
        "leisure": "pitch",
        "sport": "basketball"
      },
      "geometry": {
        "type": "Polygon",
        "coordinates": [
          [
            [
              -87.6357192,
              41.8184489
            ],
            [
              -87.6355212,
              41.8184541
            ],
            [
              -87.6355221,
              41.8185969
            ],
            [
              -87.6357223,
              41.8185936
            ],
            [
              -87.6357192,
              41.8184489
            ]
          ]
        ]
      },
      "id": "way/1167791147"
    },
    {
      "type": "Feature",
      "properties": {
        "@id": "way/1171458507",
        "leisure": "pitch",
        "sport": "basketball"
      },
      "geometry": {
        "type": "Polygon",
        "coordinates": [
          [
            [
              -87.6389722,
              41.9025384
            ],
            [
              -87.6388397,
              41.9025396
            ],
            [
              -87.6388482,
              41.9027001
            ],
            [
              -87.6389747,
              41.9026976
            ],
            [
              -87.6389722,
              41.9025384
            ]
          ]
        ]
      },
      "id": "way/1171458507"
    },
    {
      "type": "Feature",
      "properties": {
        "@id": "way/1177703812",
        "access": "yes",
        "hoops": "2",
        "leisure": "pitch",
        "source": "bing",
        "sport": "basketball"
      },
      "geometry": {
        "type": "Polygon",
        "coordinates": [
          [
            [
              -87.6603881,
              41.8800132
            ],
            [
              -87.6603843,
              41.8798177
            ],
            [
              -87.6601985,
              41.8798201
            ],
            [
              -87.6602054,
              41.8800177
            ],
            [
              -87.6603881,
              41.8800132
            ]
          ]
        ]
      },
      "id": "way/1177703812"
    },
    {
      "type": "Feature",
      "properties": {
        "@id": "way/1185835473",
        "access": "private",
        "hoops": "1",
        "leisure": "pitch",
        "sport": "basketball",
        "surface": "asphalt"
      },
      "geometry": {
        "type": "Polygon",
        "coordinates": [
          [
            [
              -87.6619484,
              41.8679868
            ],
            [
              -87.6617645,
              41.8679879
            ],
            [
              -87.661766,
              41.868124
            ],
            [
              -87.6619499,
              41.8681229
            ],
            [
              -87.6619484,
              41.8679868
            ]
          ]
        ]
      },
      "id": "way/1185835473"
    },
    {
      "type": "Feature",
      "properties": {
        "@id": "way/1187968984",
        "leisure": "pitch",
        "sport": "basketball"
      },
      "geometry": {
        "type": "Polygon",
        "coordinates": [
          [
            [
              -87.6355069,
              41.8119673
            ],
            [
              -87.6352374,
              41.8119698
            ],
            [
              -87.6352397,
              41.8121077
            ],
            [
              -87.6355092,
              41.8121052
            ],
            [
              -87.6355069,
              41.8119673
            ]
          ]
        ]
      },
      "id": "way/1187968984"
    },
    {
      "type": "Feature",
      "properties": {
        "@id": "way/1187968985",
        "leisure": "pitch",
        "sport": "basketball"
      },
      "geometry": {
        "type": "Polygon",
        "coordinates": [
          [
            [
              -87.6355063,
              41.8119331
            ],
            [
              -87.6355039,
              41.8117948
            ],
            [
              -87.6352343,
              41.8117974
            ],
            [
              -87.6352367,
              41.8119357
            ],
            [
              -87.6355063,
              41.8119331
            ]
          ]
        ]
      },
      "id": "way/1187968985"
    },
    {
      "type": "Feature",
      "properties": {
        "@id": "way/1189107725",
        "hoops": "1",
        "leisure": "pitch",
        "sport": "basketball"
      },
      "geometry": {
        "type": "Polygon",
        "coordinates": [
          [
            [
              -87.7046395,
              41.8885069
            ],
            [
              -87.7045272,
              41.8885076
            ],
            [
              -87.7045286,
              41.8886406
            ],
            [
              -87.7046409,
              41.8886399
            ],
            [
              -87.7046395,
              41.8885069
            ]
          ]
        ]
      },
      "id": "way/1189107725"
    },
    {
      "type": "Feature",
      "properties": {
        "@id": "way/1191221883",
        "leisure": "pitch",
        "sport": "basketball"
      },
      "geometry": {
        "type": "Polygon",
        "coordinates": [
          [
            [
              -87.7745865,
              42.0055341
            ],
            [
              -87.7746366,
              42.0055092
            ],
            [
              -87.774597,
              42.0054652
            ],
            [
              -87.7745469,
              42.0054901
            ],
            [
              -87.7745865,
              42.0055341
            ]
          ]
        ]
      },
      "id": "way/1191221883"
    },
    {
      "type": "Feature",
      "properties": {
        "@id": "way/1204807769",
        "leisure": "pitch",
        "sport": "basketball"
      },
      "geometry": {
        "type": "Polygon",
        "coordinates": [
          [
            [
              -87.6386214,
              41.9022427
            ],
            [
              -87.638438,
              41.9022461
            ],
            [
              -87.6384467,
              41.9024764
            ],
            [
              -87.6386295,
              41.9024739
            ],
            [
              -87.6386214,
              41.9022427
            ]
          ]
        ]
      },
      "id": "way/1204807769"
    },
    {
      "type": "Feature",
      "properties": {
        "@id": "way/1204807770",
        "leisure": "pitch",
        "sport": "basketball"
      },
      "geometry": {
        "type": "Polygon",
        "coordinates": [
          [
            [
              -87.6384078,
              41.9022454
            ],
            [
              -87.6382243,
              41.9022488
            ],
            [
              -87.638233,
              41.9024791
            ],
            [
              -87.6384159,
              41.9024766
            ],
            [
              -87.6384078,
              41.9022454
            ]
          ]
        ]
      },
      "id": "way/1204807770"
    },
    {
      "type": "Feature",
      "properties": {
        "@id": "way/1204807771",
        "leisure": "pitch",
        "sport": "basketball"
      },
      "geometry": {
        "type": "Polygon",
        "coordinates": [
          [
            [
              -87.6381941,
              41.9022484
            ],
            [
              -87.6380107,
              41.9022518
            ],
            [
              -87.6380194,
              41.9024821
            ],
            [
              -87.6382022,
              41.9024796
            ],
            [
              -87.6381941,
              41.9022484
            ]
          ]
        ]
      },
      "id": "way/1204807771"
    },
    {
      "type": "Feature",
      "properties": {
        "@id": "way/1204807772",
        "leisure": "pitch",
        "sport": "basketball"
      },
      "geometry": {
        "type": "Polygon",
        "coordinates": [
          [
            [
              -87.6378666,
              41.902232
            ],
            [
              -87.6376825,
              41.9022364
            ],
            [
              -87.6376912,
              41.9024811
            ],
            [
              -87.637874,
              41.9024786
            ],
            [
              -87.6378666,
              41.902232
            ]
          ]
        ]
      },
      "id": "way/1204807772"
    },
    {
      "type": "Feature",
      "properties": {
        "@id": "way/1219060867",
        "hoops": "2",
        "leisure": "pitch",
        "sport": "basketball"
      },
      "geometry": {
        "type": "Polygon",
        "coordinates": [
          [
            [
              -87.6493987,
              41.672725
            ],
            [
              -87.6492217,
              41.6727276
            ],
            [
              -87.649228,
              41.6729674
            ],
            [
              -87.649405,
              41.6729648
            ],
            [
              -87.6493987,
              41.672725
            ]
          ]
        ]
      },
      "id": "way/1219060867"
    },
    {
      "type": "Feature",
      "properties": {
        "@id": "way/1239183955",
        "leisure": "pitch",
        "sport": "basketball"
      },
      "geometry": {
        "type": "Polygon",
        "coordinates": [
          [
            [
              -87.7001586,
              41.8630504
            ],
            [
              -87.7000851,
              41.8629434
            ],
            [
              -87.6998399,
              41.8630367
            ],
            [
              -87.6999134,
              41.8631437
            ],
            [
              -87.7001586,
              41.8630504
            ]
          ]
        ]
      },
      "id": "way/1239183955"
    },
    {
      "type": "Feature",
      "properties": {
        "@id": "way/1240529117",
        "leisure": "pitch",
        "sport": "basketball"
      },
      "geometry": {
        "type": "Polygon",
        "coordinates": [
          [
            [
              -87.577567,
              41.7580992
            ],
            [
              -87.5775638,
              41.7578674
            ],
            [
              -87.5773806,
              41.7578688
            ],
            [
              -87.5773839,
              41.7581006
            ],
            [
              -87.577567,
              41.7580992
            ]
          ]
        ]
      },
      "id": "way/1240529117"
    },
    {
      "type": "Feature",
      "properties": {
        "@id": "way/1240538721",
        "leisure": "pitch",
        "sport": "basketball"
      },
      "geometry": {
        "type": "Polygon",
        "coordinates": [
          [
            [
              -87.6155893,
              41.7397314
            ],
            [
              -87.615586,
              41.7395989
            ],
            [
              -87.6153045,
              41.7396027
            ],
            [
              -87.6153077,
              41.7397352
            ],
            [
              -87.6155893,
              41.7397314
            ]
          ]
        ]
      },
      "id": "way/1240538721"
    },
    {
      "type": "Feature",
      "properties": {
        "@id": "way/1240538722",
        "leisure": "pitch",
        "sport": "basketball"
      },
      "geometry": {
        "type": "Polygon",
        "coordinates": [
          [
            [
              -87.6152373,
              41.739879
            ],
            [
              -87.6152346,
              41.7397789
            ],
            [
              -87.6149793,
              41.7397826
            ],
            [
              -87.6149819,
              41.7398827
            ],
            [
              -87.6152373,
              41.739879
            ]
          ]
        ]
      },
      "id": "way/1240538722"
    },
    {
      "type": "Feature",
      "properties": {
        "@id": "way/1276697096",
        "leisure": "pitch",
        "sport": "basketball"
      },
      "geometry": {
        "type": "Polygon",
        "coordinates": [
          [
            [
              -87.6576418,
              41.9225548
            ],
            [
              -87.6576365,
              41.9224227
            ],
            [
              -87.6573052,
              41.92243
            ],
            [
              -87.6573105,
              41.9225621
            ],
            [
              -87.6576418,
              41.9225548
            ]
          ]
        ]
      },
      "id": "way/1276697096"
    },
    {
      "type": "Feature",
      "properties": {
        "@id": "way/1281179488",
        "access": "yes",
        "hoops": "2",
        "leisure": "pitch",
        "sport": "basketball",
        "surface": "asphalt"
      },
      "geometry": {
        "type": "Polygon",
        "coordinates": [
          [
            [
              -87.6565793,
              41.7985035
            ],
            [
              -87.656568,
              41.7982798
            ],
            [
              -87.656393,
              41.7982847
            ],
            [
              -87.6564044,
              41.7985084
            ],
            [
              -87.6565793,
              41.7985035
            ]
          ]
        ]
      },
      "id": "way/1281179488"
    },
    {
      "type": "Feature",
      "properties": {
        "@id": "way/1281179489",
        "access": "yes",
        "hoops": "2",
        "leisure": "pitch",
        "sport": "basketball",
        "surface": "asphalt"
      },
      "geometry": {
        "type": "Polygon",
        "coordinates": [
          [
            [
              -87.6563148,
              41.798506
            ],
            [
              -87.6563036,
              41.7982822
            ],
            [
              -87.6561286,
              41.7982871
            ],
            [
              -87.6561399,
              41.7985109
            ],
            [
              -87.6563148,
              41.798506
            ]
          ]
        ]
      },
      "id": "way/1281179489"
    },
    {
      "type": "Feature",
      "properties": {
        "@id": "way/1281192088",
        "access": "yes",
        "hoops": "2",
        "leisure": "pitch",
        "sport": "basketball"
      },
      "geometry": {
        "type": "Polygon",
        "coordinates": [
          [
            [
              -87.7019977,
              41.7708686
            ],
            [
              -87.7019909,
              41.7706625
            ],
            [
              -87.701809,
              41.7706658
            ],
            [
              -87.7018159,
              41.770872
            ],
            [
              -87.7019977,
              41.7708686
            ]
          ]
        ]
      },
      "id": "way/1281192088"
    },
    {
      "type": "Feature",
      "properties": {
        "@id": "way/1281192089",
        "access": "yes",
        "hoops": "2",
        "leisure": "pitch",
        "sport": "basketball"
      },
      "geometry": {
        "type": "Polygon",
        "coordinates": [
          [
            [
              -87.7017314,
              41.7708749
            ],
            [
              -87.7017253,
              41.7706687
            ],
            [
              -87.7015414,
              41.7706717
            ],
            [
              -87.7015474,
              41.7708779
            ],
            [
              -87.7017314,
              41.7708749
            ]
          ]
        ]
      },
      "id": "way/1281192089"
    },
    {
      "type": "Feature",
      "properties": {
        "@id": "way/1285252665",
        "access": "yes",
        "hoops": "2",
        "leisure": "pitch",
        "lit": "yes",
        "sport": "basketball",
        "surface": "asphalt"
      },
      "geometry": {
        "type": "Polygon",
        "coordinates": [
          [
            [
              -87.5518692,
              41.7574389
            ],
            [
              -87.5516788,
              41.7572617
            ],
            [
              -87.5515368,
              41.7573466
            ],
            [
              -87.5517272,
              41.7575238
            ],
            [
              -87.5518692,
              41.7574389
            ]
          ]
        ]
      },
      "id": "way/1285252665"
    },
    {
      "type": "Feature",
      "properties": {
        "@id": "way/1285252666",
        "access": "yes",
        "hoops": "2",
        "leisure": "pitch",
        "lit": "yes",
        "sport": "basketball",
        "surface": "asphalt"
      },
      "geometry": {
        "type": "Polygon",
        "coordinates": [
          [
            [
              -87.5516716,
              41.7575556
            ],
            [
              -87.5514813,
              41.7573785
            ],
            [
              -87.5513393,
              41.7574634
            ],
            [
              -87.5515296,
              41.7576405
            ],
            [
              -87.5516716,
              41.7575556
            ]
          ]
        ]
      },
      "id": "way/1285252666"
    },
    {
      "type": "Feature",
      "properties": {
        "@id": "way/1285252667",
        "access": "yes",
        "hoops": "2",
        "leisure": "pitch",
        "lit": "yes",
        "sport": "basketball",
        "surface": "asphalt"
      },
      "geometry": {
        "type": "Polygon",
        "coordinates": [
          [
            [
              -87.5514763,
              41.7576722
            ],
            [
              -87.551286,
              41.757495
            ],
            [
              -87.551144,
              41.7575799
            ],
            [
              -87.5513343,
              41.7577571
            ],
            [
              -87.5514763,
              41.7576722
            ]
          ]
        ]
      },
      "id": "way/1285252667"
    },
    {
      "type": "Feature",
      "properties": {
        "@id": "way/1285774843",
        "access": "private",
        "hoops": "1",
        "leisure": "pitch",
        "sport": "basketball",
        "surface": "asphalt"
      },
      "geometry": {
        "type": "Polygon",
        "coordinates": [
          [
            [
              -87.6619436,
              41.8678238
            ],
            [
              -87.6617598,
              41.8678249
            ],
            [
              -87.6617613,
              41.867961
            ],
            [
              -87.6619451,
              41.8679598
            ],
            [
              -87.6619436,
              41.8678238
            ]
          ]
        ]
      },
      "id": "way/1285774843"
    },
    {
      "type": "Feature",
      "properties": {
        "@id": "way/1296741185",
        "area": "yes",
        "leisure": "pitch",
        "sport": "basketball"
      },
      "geometry": {
        "type": "Polygon",
        "coordinates": [
          [
            [
              -87.6498695,
              41.9776774
            ],
            [
              -87.6500297,
              41.9776109
            ],
            [
              -87.6499757,
              41.9775405
            ],
            [
              -87.6498173,
              41.977607
            ],
            [
              -87.6498695,
              41.9776774
            ]
          ]
        ]
      },
      "id": "way/1296741185"
    },
    {
      "type": "Feature",
      "properties": {
        "@id": "way/1301540697",
        "access": "yes",
        "leisure": "pitch",
        "lit": "no",
        "sport": "basketball",
        "surface": "asphalt"
      },
      "geometry": {
        "type": "Polygon",
        "coordinates": [
          [
            [
              -87.7656507,
              41.8774501
            ],
            [
              -87.7656451,
              41.8772146
            ],
            [
              -87.7654823,
              41.8772168
            ],
            [
              -87.7654879,
              41.8774523
            ],
            [
              -87.7656507,
              41.8774501
            ]
          ]
        ]
      },
      "id": "way/1301540697"
    },
    {
      "type": "Feature",
      "properties": {
        "@id": "way/1301540698",
        "access": "yes",
        "leisure": "pitch",
        "lit": "no",
        "sport": "basketball",
        "surface": "asphalt"
      },
      "geometry": {
        "type": "Polygon",
        "coordinates": [
          [
            [
              -87.7654805,
              41.8774506
            ],
            [
              -87.7654749,
              41.8772151
            ],
            [
              -87.7653121,
              41.8772173
            ],
            [
              -87.7653177,
              41.8774528
            ],
            [
              -87.7654805,
              41.8774506
            ]
          ]
        ]
      },
      "id": "way/1301540698"
    },
    {
      "type": "Feature",
      "properties": {
        "@id": "way/1301540699",
        "access": "yes",
        "leisure": "pitch",
        "lit": "no",
        "sport": "basketball",
        "surface": "asphalt"
      },
      "geometry": {
        "type": "Polygon",
        "coordinates": [
          [
            [
              -87.7653087,
              41.8774506
            ],
            [
              -87.7653032,
              41.8772151
            ],
            [
              -87.7651403,
              41.8772173
            ],
            [
              -87.7651459,
              41.8774528
            ],
            [
              -87.7653087,
              41.8774506
            ]
          ]
        ]
      },
      "id": "way/1301540699"
    },
    {
      "type": "Feature",
      "properties": {
        "@id": "way/1309507296",
        "hoops": "1",
        "leisure": "pitch",
        "sport": "basketball"
      },
      "geometry": {
        "type": "Polygon",
        "coordinates": [
          [
            [
              -87.7537977,
              41.8723439
            ],
            [
              -87.7536451,
              41.8723458
            ],
            [
              -87.7536483,
              41.8724812
            ],
            [
              -87.7538009,
              41.8724793
            ],
            [
              -87.7537977,
              41.8723439
            ]
          ]
        ]
      },
      "id": "way/1309507296"
    },
    {
      "type": "Feature",
      "properties": {
        "@id": "way/1309507297",
        "hoops": "1",
        "leisure": "pitch",
        "sport": "basketball"
      },
      "geometry": {
        "type": "Polygon",
        "coordinates": [
          [
            [
              -87.7537942,
              41.8721909
            ],
            [
              -87.7536416,
              41.8721928
            ],
            [
              -87.7536448,
              41.8723282
            ],
            [
              -87.7537974,
              41.8723263
            ],
            [
              -87.7537942,
              41.8721909
            ]
          ]
        ]
      },
      "id": "way/1309507297"
    },
    {
      "type": "Feature",
      "properties": {
        "@id": "way/1313371469",
        "access": "private",
        "hoops": "1",
        "leisure": "pitch",
        "sport": "basketball"
      },
      "geometry": {
        "type": "Polygon",
        "coordinates": [
          [
            [
              -87.6483226,
              41.9538757
            ],
            [
              -87.6483156,
              41.9537328
            ],
            [
              -87.6481287,
              41.9537378
            ],
            [
              -87.6481357,
              41.9538808
            ],
            [
              -87.6483226,
              41.9538757
            ]
          ]
        ]
      },
      "id": "way/1313371469"
    },
    {
      "type": "Feature",
      "properties": {
        "@id": "way/1313371487",
        "access": "private",
        "hoops": "2",
        "leisure": "pitch",
        "sport": "basketball"
      },
      "geometry": {
        "type": "Polygon",
        "coordinates": [
          [
            [
              -87.636436,
              41.9078931
            ],
            [
              -87.6364289,
              41.9077351
            ],
            [
              -87.6363531,
              41.9077359
            ],
            [
              -87.6363612,
              41.9078931
            ],
            [
              -87.636436,
              41.9078931
            ]
          ]
        ]
      },
      "id": "way/1313371487"
    },
    {
      "type": "Feature",
      "properties": {
        "@id": "way/1323733004",
        "hoops": "2",
        "leisure": "pitch",
        "sport": "basketball"
      },
      "geometry": {
        "type": "Polygon",
        "coordinates": [
          [
            [
              -87.7080626,
              41.9891881
            ],
            [
              -87.7080137,
              41.9890027
            ],
            [
              -87.7078353,
              41.9890276
            ],
            [
              -87.7078823,
              41.9892135
            ],
            [
              -87.7080626,
              41.9891881
            ]
          ]
        ]
      },
      "id": "way/1323733004"
    },
    {
      "type": "Feature",
      "properties": {
        "@id": "way/1323733005",
        "hoops": "2",
        "leisure": "pitch",
        "sport": "basketball"
      },
      "geometry": {
        "type": "Polygon",
        "coordinates": [
          [
            [
              -87.7083285,
              41.9891505
            ],
            [
              -87.7082796,
              41.9889651
            ],
            [
              -87.7081012,
              41.98899
            ],
            [
              -87.7081481,
              41.9891759
            ],
            [
              -87.7083285,
              41.9891505
            ]
          ]
        ]
      },
      "id": "way/1323733005"
    },
    {
      "type": "Feature",
      "properties": {
        "@id": "way/1326460539",
        "hoops": "2",
        "leisure": "pitch",
        "sport": "basketball"
      },
      "geometry": {
        "type": "Polygon",
        "coordinates": [
          [
            [
              -87.7050526,
              41.9002554
            ],
            [
              -87.7052335,
              41.9002546
            ],
            [
              -87.705232,
              41.9000621
            ],
            [
              -87.7050511,
              41.9000629
            ],
            [
              -87.7050526,
              41.9002554
            ]
          ]
        ]
      },
      "id": "way/1326460539"
    },
    {
      "type": "Feature",
      "properties": {
        "@id": "way/1326460540",
        "hoops": "2",
        "leisure": "pitch",
        "sport": "basketball"
      },
      "geometry": {
        "type": "Polygon",
        "coordinates": [
          [
            [
              -87.7047888,
              41.900258
            ],
            [
              -87.7049697,
              41.9002572
            ],
            [
              -87.7049682,
              41.9000647
            ],
            [
              -87.7047873,
              41.9000655
            ],
            [
              -87.7047888,
              41.900258
            ]
          ]
        ]
      },
      "id": "way/1326460540"
    },
    {
      "type": "Feature",
      "properties": {
        "@id": "way/1328914320",
        "hoops": "2",
        "leisure": "pitch",
        "sport": "basketball"
      },
      "geometry": {
        "type": "Polygon",
        "coordinates": [
          [
            [
              -87.7156144,
              41.9940821
            ],
            [
              -87.7154615,
              41.9940828
            ],
            [
              -87.7154619,
              41.9941373
            ],
            [
              -87.7156148,
              41.9941367
            ],
            [
              -87.7156144,
              41.9940821
            ]
          ]
        ]
      },
      "id": "way/1328914320"
    },
    {
      "type": "Feature",
      "properties": {
        "@id": "way/1342223067",
        "addr:city": "Chicago",
        "addr:housenumber": "6028",
        "addr:postcode": "60621",
        "addr:state": "IL",
        "addr:street": "South Aberdeen Street",
        "hoops": "2",
        "leisure": "pitch",
        "name": "Starting With Me Basketball",
        "sport": "basketball"
      },
      "geometry": {
        "type": "Polygon",
        "coordinates": [
          [
            [
              -87.6527683,
              41.7843892
            ],
            [
              -87.6527643,
              41.7842139
            ],
            [
              -87.6523485,
              41.7842192
            ],
            [
              -87.6523525,
              41.7843945
            ],
            [
              -87.6527683,
              41.7843892
            ]
          ]
        ]
      },
      "id": "way/1342223067"
    },
    {
      "type": "Feature",
      "properties": {
        "@id": "way/1344469905",
        "hoops": "2",
        "leisure": "pitch",
        "sport": "basketball"
      },
      "geometry": {
        "type": "Polygon",
        "coordinates": [
          [
            [
              -87.6507858,
              41.9786853
            ],
            [
              -87.6506771,
              41.978471
            ],
            [
              -87.6505078,
              41.9785242
            ],
            [
              -87.6506167,
              41.9787345
            ],
            [
              -87.6507858,
              41.9786853
            ]
          ]
        ]
      },
      "id": "way/1344469905"
    },
    {
      "type": "Feature",
      "properties": {
        "@id": "way/1357550446",
        "hoops": "1",
        "leisure": "pitch",
        "sport": "basketball"
      },
      "geometry": {
        "type": "Polygon",
        "coordinates": [
          [
            [
              -87.7176884,
              41.9753171
            ],
            [
              -87.7176861,
              41.9752235
            ],
            [
              -87.7175399,
              41.9752255
            ],
            [
              -87.7175422,
              41.9753191
            ],
            [
              -87.7176884,
              41.9753171
            ]
          ]
        ]
      },
      "id": "way/1357550446"
    },
    {
      "type": "Feature",
      "properties": {
        "@id": "way/1357550447",
        "hoops": "2",
        "leisure": "pitch",
        "sport": "basketball"
      },
      "geometry": {
        "type": "Polygon",
        "coordinates": [
          [
            [
              -87.7178435,
              41.9754104
            ],
            [
              -87.7178419,
              41.9752228
            ],
            [
              -87.7176951,
              41.9752235
            ],
            [
              -87.7176966,
              41.9754111
            ],
            [
              -87.7178435,
              41.9754104
            ]
          ]
        ]
      },
      "id": "way/1357550447"
    },
    {
      "type": "Feature",
      "properties": {
        "@id": "way/1366537446",
        "access": "private",
        "leisure": "pitch",
        "sport": "basketball"
      },
      "geometry": {
        "type": "Polygon",
        "coordinates": [
          [
            [
              -87.7798781,
              42.0041817
            ],
            [
              -87.7798212,
              42.0041262
            ],
            [
              -87.7797397,
              42.0041723
            ],
            [
              -87.7797966,
              42.0042279
            ],
            [
              -87.7798781,
              42.0041817
            ]
          ]
        ]
      },
      "id": "way/1366537446"
    },
    {
      "type": "Feature",
      "properties": {
        "@id": "way/1378455617",
        "hoops": "2",
        "leisure": "pitch",
        "sport": "basketball"
      },
      "geometry": {
        "type": "Polygon",
        "coordinates": [
          [
            [
              -87.5765055,
              41.782019
            ],
            [
              -87.5766544,
              41.7819469
            ],
            [
              -87.5764657,
              41.7817302
            ],
            [
              -87.5763167,
              41.7818024
            ],
            [
              -87.5765055,
              41.782019
            ]
          ]
        ]
      },
      "id": "way/1378455617"
    },
    {
      "type": "Feature",
      "properties": {
        "@id": "way/1378455618",
        "hoops": "2",
        "leisure": "pitch",
        "sport": "basketball"
      },
      "geometry": {
        "type": "Polygon",
        "coordinates": [
          [
            [
              -87.5763234,
              41.7821052
            ],
            [
              -87.5764723,
              41.782033
            ],
            [
              -87.5762836,
              41.7818163
            ],
            [
              -87.5761346,
              41.7818885
            ],
            [
              -87.5763234,
              41.7821052
            ]
          ]
        ]
      },
      "id": "way/1378455618"
    },
    {
      "type": "Feature",
      "properties": {
        "@id": "way/1391493582",
        "access": "permissive",
        "leisure": "pitch",
        "sport": "basketball"
      },
      "geometry": {
        "type": "Polygon",
        "coordinates": [
          [
            [
              -87.6553722,
              41.9342408
            ],
            [
              -87.6555842,
              41.9342366
            ],
            [
              -87.6555775,
              41.9340705
            ],
            [
              -87.6554552,
              41.9340703
            ],
            [
              -87.6553662,
              41.9340706
            ],
            [
              -87.6553722,
              41.9342408
            ]
          ]
        ]
      },
      "id": "way/1391493582"
    },
    {
      "type": "Feature",
      "properties": {
        "@id": "way/1411062400",
        "access": "yes",
        "hoops": "2",
        "leisure": "pitch",
        "sport": "basketball",
        "surface": "asphalt"
      },
      "geometry": {
        "type": "Polygon",
        "coordinates": [
          [
            [
              -87.6719762,
              41.8575234
            ],
            [
              -87.6719725,
              41.8573346
            ],
            [
              -87.6717893,
              41.8573366
            ],
            [
              -87.671793,
              41.8575254
            ],
            [
              -87.6719762,
              41.8575234
            ]
          ]
        ]
      },
      "id": "way/1411062400"
    },
    {
      "type": "Feature",
      "properties": {
        "@id": "way/1411062401",
        "access": "yes",
        "hoops": "2",
        "leisure": "pitch",
        "sport": "basketball",
        "surface": "asphalt"
      },
      "geometry": {
        "type": "Polygon",
        "coordinates": [
          [
            [
              -87.6717085,
              41.8575258
            ],
            [
              -87.6717049,
              41.857337
            ],
            [
              -87.6715217,
              41.857339
            ],
            [
              -87.6715253,
              41.8575278
            ],
            [
              -87.6717085,
              41.8575258
            ]
          ]
        ]
      },
      "id": "way/1411062401"
    },
    {
      "type": "Feature",
      "properties": {
        "@id": "way/1422758552",
        "access": "yes",
        "hoops": "2",
        "leisure": "pitch",
        "sport": "basketball"
      },
      "geometry": {
        "type": "Polygon",
        "coordinates": [
          [
            [
              -87.6077201,
              41.8231635
            ],
            [
              -87.6077135,
              41.8229259
            ],
            [
              -87.6075308,
              41.8229287
            ],
            [
              -87.6075374,
              41.8231663
            ],
            [
              -87.6077201,
              41.8231635
            ]
          ]
        ]
      },
      "id": "way/1422758552"
    },
    {
      "type": "Feature",
      "properties": {
        "@id": "way/1422958853",
        "hoops": "1",
        "leisure": "pitch",
        "sport": "basketball",
        "surface": "asphalt"
      },
      "geometry": {
        "type": "Polygon",
        "coordinates": [
          [
            [
              -87.6820293,
              41.9455877
            ],
            [
              -87.6820268,
              41.9454838
            ],
            [
              -87.681845,
              41.9454863
            ],
            [
              -87.6818475,
              41.9455902
            ],
            [
              -87.6820293,
              41.9455877
            ]
          ]
        ]
      },
      "id": "way/1422958853"
    },
    {
      "type": "Feature",
      "properties": {
        "@id": "way/1425936470",
        "hoops": "2",
        "leisure": "pitch",
        "sport": "basketball"
      },
      "geometry": {
        "type": "Polygon",
        "coordinates": [
          [
            [
              -87.7241373,
              41.9180212
            ],
            [
              -87.7240281,
              41.9178082
            ],
            [
              -87.7238883,
              41.9178479
            ],
            [
              -87.7239974,
              41.9180609
            ],
            [
              -87.7241373,
              41.9180212
            ]
          ]
        ]
      },
      "id": "way/1425936470"
    },
    {
      "type": "Feature",
      "properties": {
        "@id": "way/1425936471",
        "hoops": "2",
        "leisure": "pitch",
        "sport": "basketball"
      },
      "geometry": {
        "type": "Polygon",
        "coordinates": [
          [
            [
              -87.724009,
              41.917783
            ],
            [
              -87.7238999,
              41.91757
            ],
            [
              -87.72376,
              41.9176097
            ],
            [
              -87.7238692,
              41.9178227
            ],
            [
              -87.724009,
              41.917783
            ]
          ]
        ]
      },
      "id": "way/1425936471"
    },
    {
      "type": "Feature",
      "properties": {
        "@id": "way/1426712241",
        "hoops": "2",
        "leisure": "pitch",
        "sport": "basketball"
      },
      "geometry": {
        "type": "Polygon",
        "coordinates": [
          [
            [
              -87.631568,
              41.7257092
            ],
            [
              -87.6314493,
              41.7255093
            ],
            [
              -87.6312554,
              41.7255741
            ],
            [
              -87.6313798,
              41.7257729
            ],
            [
              -87.631568,
              41.7257092
            ]
          ]
        ]
      },
      "id": "way/1426712241"
    },
    {
      "type": "Feature",
      "properties": {
        "@id": "way/1426712242",
        "hoops": "2",
        "leisure": "pitch",
        "sport": "basketball"
      },
      "geometry": {
        "type": "Polygon",
        "coordinates": [
          [
            [
              -87.631568,
              41.7257092
            ],
            [
              -87.6317612,
              41.7256443
            ],
            [
              -87.6316396,
              41.7254445
            ],
            [
              -87.6314493,
              41.7255093
            ],
            [
              -87.631568,
              41.7257092
            ]
          ]
        ]
      },
      "id": "way/1426712242"
    },
    {
      "type": "Feature",
      "properties": {
        "@id": "way/1426862547",
        "hoops": "2",
        "leisure": "pitch",
        "sport": "basketball"
      },
      "geometry": {
        "type": "Polygon",
        "coordinates": [
          [
            [
              -87.7023226,
              41.8417009
            ],
            [
              -87.7023174,
              41.8414742
            ],
            [
              -87.7021328,
              41.8414768
            ],
            [
              -87.7021393,
              41.8417051
            ],
            [
              -87.7023226,
              41.8417009
            ]
          ]
        ]
      },
      "id": "way/1426862547"
    },
    {
      "type": "Feature",
      "properties": {
        "@id": "way/1426862548",
        "hoops": "2",
        "leisure": "pitch",
        "sport": "basketball"
      },
      "geometry": {
        "type": "Polygon",
        "coordinates": [
          [
            [
              -87.7023305,
              41.8419618
            ],
            [
              -87.7023254,
              41.8417352
            ],
            [
              -87.7021408,
              41.8417377
            ],
            [
              -87.7021472,
              41.841966
            ],
            [
              -87.7023305,
              41.8419618
            ]
          ]
        ]
      },
      "id": "way/1426862548"
    },
    {
      "type": "Feature",
      "properties": {
        "@id": "way/1430930707",
        "hoops": "2",
        "leisure": "pitch",
        "sport": "basketball",
        "surface": "asphalt"
      },
      "geometry": {
        "type": "Polygon",
        "coordinates": [
          [
            [
              -87.6846814,
              41.9949256
            ],
            [
              -87.6846758,
              41.9947895
            ],
            [
              -87.6843672,
              41.9947965
            ],
            [
              -87.6843728,
              41.9949325
            ],
            [
              -87.6846814,
              41.9949256
            ]
          ]
        ]
      },
      "id": "way/1430930707"
    },
    {
      "type": "Feature",
      "properties": {
        "@id": "way/1435191080",
        "hoops": "2",
        "leisure": "pitch",
        "sport": "basketball"
      },
      "geometry": {
        "type": "Polygon",
        "coordinates": [
          [
            [
              -87.6633882,
              41.7798521
            ],
            [
              -87.6633876,
              41.7796957
            ],
            [
              -87.6632193,
              41.7796961
            ],
            [
              -87.6632199,
              41.7798525
            ],
            [
              -87.6633882,
              41.7798521
            ]
          ]
        ]
      },
      "id": "way/1435191080"
    },
    {
      "type": "Feature",
      "properties": {
        "@id": "way/1444038318",
        "hoops": "2",
        "leisure": "pitch",
        "sport": "basketball"
      },
      "geometry": {
        "type": "Polygon",
        "coordinates": [
          [
            [
              -87.6157117,
              41.7909959
            ],
            [
              -87.6157052,
              41.7906845
            ],
            [
              -87.6155239,
              41.7906866
            ],
            [
              -87.6155304,
              41.790998
            ],
            [
              -87.6157117,
              41.7909959
            ]
          ]
        ]
      },
      "id": "way/1444038318"
    },
    {
      "type": "Feature",
      "properties": {
        "@id": "way/1459203311",
        "leisure": "pitch",
        "sport": "basketball"
      },
      "geometry": {
        "type": "Polygon",
        "coordinates": [
          [
            [
              -87.6267043,
              41.8581831
            ],
            [
              -87.6267282,
              41.858174
            ],
            [
              -87.6267446,
              41.8581567
            ],
            [
              -87.6267512,
              41.8581308
            ],
            [
              -87.6267384,
              41.8581072
            ],
            [
              -87.6267012,
              41.8580718
            ],
            [
              -87.6266835,
              41.8580642
            ],
            [
              -87.6266623,
              41.8580608
            ],
            [
              -87.6266383,
              41.8580636
            ],
            [
              -87.6266045,
              41.8580753
            ],
            [
              -87.6265887,
              41.8580901
            ],
            [
              -87.6265846,
              41.8581209
            ],
            [
              -87.6265904,
              41.8581432
            ],
            [
              -87.6266166,
              41.8581679
            ],
            [
              -87.626644,
              41.8581808
            ],
            [
              -87.6266766,
              41.8581846
            ],
            [
              -87.6267043,
              41.8581831
            ]
          ]
        ]
      },
      "id": "way/1459203311"
    },
    {
      "type": "Feature",
      "properties": {
        "@id": "way/1459203312",
        "leisure": "pitch",
        "sport": "basketball"
      },
      "geometry": {
        "type": "Polygon",
        "coordinates": [
          [
            [
              -87.6269849,
              41.8581639
            ],
            [
              -87.626981,
              41.8579501
            ],
            [
              -87.6269376,
              41.8579503
            ],
            [
              -87.6268173,
              41.8579511
            ],
            [
              -87.6267943,
              41.857951
            ],
            [
              -87.6268005,
              41.8581679
            ],
            [
              -87.6269849,
              41.8581639
            ]
          ]
        ]
      },
      "id": "way/1459203312"
    },
    {
      "type": "Feature",
      "properties": {
        "@id": "way/1489993299",
        "leisure": "pitch",
        "source": "Bing",
        "sport": "basketball"
      },
      "geometry": {
        "type": "Polygon",
        "coordinates": [
          [
            [
              -87.6358047,
              41.7472892
            ],
            [
              -87.6356213,
              41.7472911
            ],
            [
              -87.6356255,
              41.7475194
            ],
            [
              -87.6358088,
              41.7475175
            ],
            [
              -87.6358047,
              41.7472892
            ]
          ]
        ]
      },
      "id": "way/1489993299"
    },
    {
      "type": "Feature",
      "properties": {
        "@id": "way/1496317688",
        "leisure": "pitch",
        "source": "Bing",
        "sport": "basketball"
      },
      "geometry": {
        "type": "Polygon",
        "coordinates": [
          [
            [
              -87.7042583,
              41.884861
            ],
            [
              -87.7042569,
              41.8847242
            ],
            [
              -87.7039398,
              41.8847272
            ],
            [
              -87.7039431,
              41.8848655
            ],
            [
              -87.7042583,
              41.884861
            ]
          ]
        ]
      },
      "id": "way/1496317688"
    },
    {
      "type": "Feature",
      "properties": {
        "@id": "way/1497747714",
        "leisure": "pitch",
        "sport": "basketball"
      },
      "geometry": {
        "type": "Polygon",
        "coordinates": [
          [
            [
              -87.7349791,
              41.8854851
            ],
            [
              -87.7350004,
              41.8853027
            ],
            [
              -87.7348409,
              41.8852936
            ],
            [
              -87.7348216,
              41.8854768
            ],
            [
              -87.7349791,
              41.8854851
            ]
          ]
        ]
      },
      "id": "way/1497747714"
    },
    {
      "type": "Feature",
      "properties": {
        "@id": "way/1498824116",
        "hoops": "2",
        "leisure": "pitch",
        "sport": "basketball",
        "surface": "concrete"
      },
      "geometry": {
        "type": "Polygon",
        "coordinates": [
          [
            [
              -87.7859007,
              41.9891154
            ],
            [
              -87.785902,
              41.9889862
            ],
            [
              -87.78564,
              41.9889847
            ],
            [
              -87.7856386,
              41.9891139
            ],
            [
              -87.7859007,
              41.9891154
            ]
          ]
        ]
      },
      "id": "way/1498824116"
    },
    {
      "type": "Feature",
      "properties": {
        "@id": "way/1518778390",
        "hoops": "2",
        "leisure": "pitch",
        "name": "Eugene Field Basketball",
        "sport": "basketball",
        "surface": "concrete",
        "website": "https://www.chicagoparkdistrict.com/parks-facilities/eugene-field-basketball"
      },
      "geometry": {
        "type": "Polygon",
        "coordinates": [
          [
            [
              -87.7237474,
              41.9748786
            ],
            [
              -87.723747,
              41.9747166
            ],
            [
              -87.7235747,
              41.9747168
            ],
            [
              -87.7235751,
              41.9748788
            ],
            [
              -87.7237474,
              41.9748786
            ]
          ]
        ]
      },
      "id": "way/1518778390"
    },
    {
      "type": "Feature",
      "properties": {
        "@id": "way/1523110830",
        "access": "private",
        "leisure": "pitch",
        "sport": "basketball"
      },
      "geometry": {
        "type": "Polygon",
        "coordinates": [
          [
            [
              -87.6713257,
              41.9564446
            ],
            [
              -87.6714335,
              41.9564423
            ],
            [
              -87.6714314,
              41.956332
            ],
            [
              -87.6713278,
              41.9563365
            ],
            [
              -87.6713257,
              41.9564446
            ]
          ]
        ]
      },
      "id": "way/1523110830"
    },
    {
      "type": "Feature",
      "properties": {
        "@id": "way/1547640604",
        "leisure": "pitch",
        "sport": "basketball"
      },
      "geometry": {
        "type": "Polygon",
        "coordinates": [
          [
            [
              -87.6529442,
              41.8642491
            ],
            [
              -87.6529468,
              41.8643851
            ],
            [
              -87.6532326,
              41.8643805
            ],
            [
              -87.6532291,
              41.8642426
            ],
            [
              -87.6529442,
              41.8642491
            ]
          ]
        ]
      },
      "id": "way/1547640604"
    },
    {
      "type": "Feature",
      "properties": {
        "@id": "way/1548922637",
        "hoops": "1",
        "leisure": "pitch",
        "sport": "basketball"
      },
      "geometry": {
        "type": "Polygon",
        "coordinates": [
          [
            [
              -87.7617502,
              41.9998384
            ],
            [
              -87.7618309,
              41.9997422
            ],
            [
              -87.7617046,
              41.9996828
            ],
            [
              -87.7616221,
              41.9997783
            ],
            [
              -87.7617502,
              41.9998384
            ]
          ]
        ]
      },
      "id": "way/1548922637"
    },
    {
      "type": "Feature",
      "properties": {
        "@id": "way/1548922638",
        "hoops": "1",
        "leisure": "pitch",
        "sport": "basketball"
      },
      "geometry": {
        "type": "Polygon",
        "coordinates": [
          [
            [
              -87.7617502,
              41.9998384
            ],
            [
              -87.7618771,
              41.9998972
            ],
            [
              -87.7619578,
              41.999801
            ],
            [
              -87.7618309,
              41.9997422
            ],
            [
              -87.7617502,
              41.9998384
            ]
          ]
        ]
      },
      "id": "way/1548922638"
    },
    {
      "type": "Feature",
      "properties": {
        "@id": "node/11418088724",
        "hoops": "1",
        "leisure": "pitch",
        "sport": "basketball"
      },
      "geometry": {
        "type": "Point",
        "coordinates": [
          -87.6828939,
          41.7360817
        ]
      },
      "id": "node/11418088724"
    },
    {
      "type": "Feature",
      "properties": {
        "@id": "node/13948622570",
        "leisure": "pitch",
        "sport": "basketball"
      },
      "geometry": {
        "type": "Point",
        "coordinates": [
          -87.7778602,
          42.007602
        ]
      },
      "id": "node/13948622570"
    },
    {
      "type": "Feature",
      "properties": {
        "@id": "node/13948622571",
        "leisure": "pitch",
        "sport": "basketball"
      },
      "geometry": {
        "type": "Point",
        "coordinates": [
          -87.7776939,
          42.0076767
        ]
      },
      "id": "node/13948622571"
    },
    {
      "type": "Feature",
      "properties": {
        "@id": "node/13951248267",
        "leisure": "pitch",
        "sport": "basketball"
      },
      "geometry": {
        "type": "Point",
        "coordinates": [
          -87.7795174,
          42.0066536
        ]
      },
      "id": "node/13951248267"
    }
  ]
}