{
  "type": "FeatureCollection",
  "generator": "overpass-turbo",
  "copyright": "The data included in this document is from www.openstreetmap.org. The data is made available under ODbL.",
  "timestamp": "2026-08-12T17:48:50Z",
  "features": [
    {
      "type": "Feature",
      "properties": {
        "@id": "way/28507812",
        "leisure": "pitch",
        "sport": "basketball",
        "surface": "paved"
      },
      "geometry": {
        "type": "Polygon",
        "coordinates": [
          [
            [
              -84.2974785,
              33.7571757
            ],
            [
              -84.2974758,
              33.7569282
            ],
            [
              -84.2973028,
              33.7569293
            ],
            [
              -84.2973081,
              33.7571802
            ],
            [
              -84.2974785,
              33.7571757
            ]
          ]
        ]
      },
      "id": "way/28507812"
    },
    {
      "type": "Feature",
      "properties": {
        "@id": "way/40877278",
        "leisure": "pitch",
        "lit": "yes",
        "sport": "basketball",
        "surface": "concrete"
      },
      "geometry": {
        "type": "Polygon",
        "coordinates": [
          [
            [
              -84.3209552,
              33.7550566
            ],
            [
              -84.3211181,
              33.7550603
            ],
            [
              -84.3211266,
              33.7548057
            ],
            [
              -84.3209637,
              33.7548019
            ],
            [
              -84.3209552,
              33.7550566
            ]
          ]
        ]
      },
      "id": "way/40877278"
    },
    {
      "type": "Feature",
      "properties": {
        "@id": "way/40877545",
        "leisure": "pitch",
        "sport": "basketball"
      },
      "geometry": {
        "type": "Polygon",
        "coordinates": [
          [
            [
              -84.3374034,
              33.7519629
            ],
            [
              -84.3373974,
              33.7517262
            ],
            [
              -84.337243,
              33.7517289
            ],
            [
              -84.3372491,
              33.7519657
            ],
            [
              -84.3374034,
              33.7519629
            ]
          ]
        ]
      },
      "id": "way/40877545"
    },
    {
      "type": "Feature",
      "properties": {
        "@id": "way/40941425",
        "leisure": "pitch",
        "sport": "basketball"
      },
      "geometry": {
        "type": "Polygon",
        "coordinates": [
          [
            [
              -84.3577037,
              33.7041055
            ],
            [
              -84.3575425,
              33.7041036
            ],
            [
              -84.3575403,
              33.7042348
            ],
            [
              -84.3575372,
              33.7044268
            ],
            [
              -84.3576979,
              33.7044288
            ],
            [
              -84.3577037,
              33.7041055
            ]
          ]
        ]
      },
      "id": "way/40941425"
    },
    {
      "type": "Feature",
      "properties": {
        "@id": "way/40941426",
        "leisure": "pitch",
        "sport": "basketball"
      },
      "geometry": {
        "type": "Polygon",
        "coordinates": [
          [
            [
              -84.3575403,
              33.7042348
            ],
            [
              -84.3575425,
              33.7041036
            ],
            [
              -84.3575449,
              33.7039654
            ],
            [
              -84.3573537,
              33.7039631
            ],
            [
              -84.357349,
              33.7042325
            ],
            [
              -84.3575403,
              33.7042348
            ]
          ]
        ]
      },
      "id": "way/40941426"
    },
    {
      "type": "Feature",
      "properties": {
        "@id": "way/41828266",
        "leisure": "pitch",
        "lit": "no",
        "sport": "basketball",
        "surface": "concrete"
      },
      "geometry": {
        "type": "Polygon",
        "coordinates": [
          [
            [
              -84.3076841,
              33.7360596
            ],
            [
              -84.3075737,
              33.7360547
            ],
            [
              -84.3075648,
              33.736192
            ],
            [
              -84.3076752,
              33.7361969
            ],
            [
              -84.3076841,
              33.7360596
            ]
          ]
        ]
      },
      "id": "way/41828266"
    },
    {
      "type": "Feature",
      "properties": {
        "@id": "way/42793718",
        "access": "private",
        "attribution": "GaTech Railroads",
        "leisure": "pitch",
        "name": "The Court at Pi Kappa Alpha",
        "source": "Georgia Tech (http://www.arch.gatech.edu/cgis/);Railroads",
        "sport": "basketball"
      },
      "geometry": {
        "type": "Polygon",
        "coordinates": [
          [
            [
              -84.3949659,
              33.7767823
            ],
            [
              -84.3950641,
              33.7767839
            ],
            [
              -84.3950692,
              33.7765878
            ],
            [
              -84.3949706,
              33.7765856
            ],
            [
              -84.3949659,
              33.7767823
            ]
          ]
        ]
      },
      "id": "way/42793718"
    },
    {
      "type": "Feature",
      "properties": {
        "@id": "way/44607099",
        "access": "yes",
        "hoops": "2",
        "leisure": "pitch",
        "lit": "yes",
        "sport": "basketball",
        "surface": "plastic"
      },
      "geometry": {
        "type": "Polygon",
        "coordinates": [
          [
            [
              -84.3762718,
              33.7692611
            ],
            [
              -84.3761091,
              33.7692533
            ],
            [
              -84.376094,
              33.7694728
            ],
            [
              -84.3762567,
              33.7694806
            ],
            [
              -84.3762718,
              33.7692611
            ]
          ]
        ]
      },
      "id": "way/44607099"
    },
    {
      "type": "Feature",
      "properties": {
        "@id": "way/44607100",
        "access": "yes",
        "hoops": "2",
        "leisure": "pitch",
        "lit": "yes",
        "sport": "basketball",
        "surface": "plastic"
      },
      "geometry": {
        "type": "Polygon",
        "coordinates": [
          [
            [
              -84.375903,
              33.7695307
            ],
            [
              -84.3756386,
              33.7695174
            ],
            [
              -84.3756365,
              33.7695464
            ],
            [
              -84.3756286,
              33.7696549
            ],
            [
              -84.3758931,
              33.7696681
            ],
            [
              -84.375903,
              33.7695307
            ]
          ]
        ]
      },
      "id": "way/44607100"
    },
    {
      "type": "Feature",
      "properties": {
        "@id": "way/44607117",
        "access": "yes",
        "hoops": "2",
        "leisure": "pitch",
        "lit": "no",
        "sport": "basketball",
        "surface": "plastic"
      },
      "geometry": {
        "type": "Polygon",
        "coordinates": [
          [
            [
              -84.3763485,
              33.7689363
            ],
            [
              -84.3760783,
              33.768922
            ],
            [
              -84.3760678,
              33.7690599
            ],
            [
              -84.376338,
              33.7690741
            ],
            [
              -84.3763485,
              33.7689363
            ]
          ]
        ]
      },
      "id": "way/44607117"
    },
    {
      "type": "Feature",
      "properties": {
        "@id": "way/85310890",
        "leisure": "pitch",
        "sport": "basketball"
      },
      "geometry": {
        "type": "Polygon",
        "coordinates": [
          [
            [
              -84.3073344,
              33.7610917
            ],
            [
              -84.3073331,
              33.7608208
            ],
            [
              -84.3071453,
              33.7608208
            ],
            [
              -84.307148,
              33.7610906
            ],
            [
              -84.3073344,
              33.7610917
            ]
          ]
        ]
      },
      "id": "way/85310890"
    },
    {
      "type": "Feature",
      "properties": {
        "@id": "way/90867101",
        "leisure": "pitch",
        "sport": "basketball"
      },
      "geometry": {
        "type": "Polygon",
        "coordinates": [
          [
            [
              -84.3000191,
              33.7706084
            ],
            [
              -84.3000201,
              33.7704434
            ],
            [
              -84.2997063,
              33.770442
            ],
            [
              -84.2997052,
              33.770607
            ],
            [
              -84.3000191,
              33.7706084
            ]
          ]
        ]
      },
      "id": "way/90867101"
    },
    {
      "type": "Feature",
      "properties": {
        "@id": "way/93767299",
        "leisure": "pitch",
        "sport": "basketball"
      },
      "geometry": {
        "type": "Polygon",
        "coordinates": [
          [
            [
              -84.343171,
              33.7702827
            ],
            [
              -84.3430308,
              33.7702464
            ],
            [
              -84.3429181,
              33.7705418
            ],
            [
              -84.343073,
              33.770577
            ],
            [
              -84.343171,
              33.7702827
            ]
          ]
        ]
      },
      "id": "way/93767299"
    },
    {
      "type": "Feature",
      "properties": {
        "@id": "way/101122981",
        "leisure": "pitch",
        "sport": "basketball"
      },
      "geometry": {
        "type": "Polygon",
        "coordinates": [
          [
            [
              -84.1638176,
              33.8012453
            ],
            [
              -84.1639181,
              33.8011271
            ],
            [
              -84.1636781,
              33.8009789
            ],
            [
              -84.1635721,
              33.8011004
            ],
            [
              -84.1638176,
              33.8012453
            ]
          ]
        ]
      },
      "id": "way/101122981"
    },
    {
      "type": "Feature",
      "properties": {
        "@id": "way/106446325",
        "layer": "1",
        "leisure": "pitch",
        "sport": "basketball",
        "surface": "concrete"
      },
      "geometry": {
        "type": "Polygon",
        "coordinates": [
          [
            [
              -84.3936086,
              33.7746339
            ],
            [
              -84.3935675,
              33.7745124
            ],
            [
              -84.3932723,
              33.7745813
            ],
            [
              -84.3933134,
              33.7747029
            ],
            [
              -84.3936086,
              33.7746339
            ]
          ]
        ]
      },
      "id": "way/106446325"
    },
    {
      "type": "Feature",
      "properties": {
        "@id": "way/123683510",
        "leisure": "pitch",
        "sport": "basketball"
      },
      "geometry": {
        "type": "Polygon",
        "coordinates": [
          [
            [
              -84.3602788,
              34.0835812
            ],
            [
              -84.3601314,
              34.0835862
            ],
            [
              -84.3601435,
              34.0838296
            ],
            [
              -84.360291,
              34.0838246
            ],
            [
              -84.3602788,
              34.0835812
            ]
          ]
        ]
      },
      "id": "way/123683510"
    },
    {
      "type": "Feature",
      "properties": {
        "@id": "way/126511096",
        "leisure": "pitch",
        "sport": "basketball"
      },
      "geometry": {
        "type": "Polygon",
        "coordinates": [
          [
            [
              -84.3067646,
              33.7644195
            ],
            [
              -84.3066976,
              33.7642902
            ],
            [
              -84.3063999,
              33.7643938
            ],
            [
              -84.306466,
              33.7645232
            ],
            [
              -84.3067646,
              33.7644195
            ]
          ]
        ]
      },
      "id": "way/126511096"
    },
    {
      "type": "Feature",
      "properties": {
        "@id": "way/130595518",
        "leisure": "pitch",
        "sport": "basketball",
        "surface": "paved"
      },
      "geometry": {
        "type": "Polygon",
        "coordinates": [
          [
            [
              -84.2754976,
              33.8159258
            ],
            [
              -84.2754951,
              33.8156195
            ],
            [
              -84.275432,
              33.8156197
            ],
            [
              -84.2752657,
              33.8156201
            ],
            [
              -84.2752676,
              33.8159258
            ],
            [
              -84.2753048,
              33.8159258
            ],
            [
              -84.2754976,
              33.8159258
            ]
          ]
        ]
      },
      "id": "way/130595518"
    },
    {
      "type": "Feature",
      "properties": {
        "@id": "way/177931218",
        "leisure": "pitch",
        "sport": "basketball"
      },
      "geometry": {
        "type": "Polygon",
        "coordinates": [
          [
            [
              -84.2399687,
              34.0456322
            ],
            [
              -84.2396989,
              34.0456729
            ],
            [
              -84.2397228,
              34.0457815
            ],
            [
              -84.2399925,
              34.0457407
            ],
            [
              -84.2399687,
              34.0456322
            ]
          ]
        ]
      },
      "id": "way/177931218"
    },
    {
      "type": "Feature",
      "properties": {
        "@id": "way/177931227",
        "leisure": "pitch",
        "sport": "basketball"
      },
      "geometry": {
        "type": "Polygon",
        "coordinates": [
          [
            [
              -84.2400835,
              34.0455882
            ],
            [
              -84.2400567,
              34.0454761
            ],
            [
              -84.2397867,
              34.0455205
            ],
            [
              -84.2398136,
              34.0456326
            ],
            [
              -84.2400835,
              34.0455882
            ]
          ]
        ]
      },
      "id": "way/177931227"
    },
    {
      "type": "Feature",
      "properties": {
        "@id": "way/177931242",
        "leisure": "pitch",
        "sport": "basketball"
      },
      "geometry": {
        "type": "Polygon",
        "coordinates": [
          [
            [
              -84.2522963,
              34.0493276
            ],
            [
              -84.2522511,
              34.0491373
            ],
            [
              -84.2521221,
              34.0491583
            ],
            [
              -84.2521672,
              34.0493486
            ],
            [
              -84.2522963,
              34.0493276
            ]
          ]
        ]
      },
      "id": "way/177931242"
    },
    {
      "type": "Feature",
      "properties": {
        "@id": "way/181252151",
        "hoops": "2",
        "leisure": "pitch",
        "sport": "basketball"
      },
      "geometry": {
        "type": "Polygon",
        "coordinates": [
          [
            [
              -84.1285017,
              41.5626676
            ],
            [
              -84.1285001,
              41.562449
            ],
            [
              -84.1283123,
              41.5624498
            ],
            [
              -84.128314,
              41.5626684
            ],
            [
              -84.1285017,
              41.5626676
            ]
          ]
        ]
      },
      "id": "way/181252151"
    },
    {
      "type": "Feature",
      "properties": {
        "@id": "way/181252157",
        "hoops": "2",
        "leisure": "pitch",
        "sport": "basketball"
      },
      "geometry": {
        "type": "Polygon",
        "coordinates": [
          [
            [
              -84.1280321,
              41.5626746
            ],
            [
              -84.1282233,
              41.562672
            ],
            [
              -84.1282177,
              41.562442
            ],
            [
              -84.1280265,
              41.5624446
            ],
            [
              -84.1280321,
              41.5626746
            ]
          ]
        ]
      },
      "id": "way/181252157"
    },
    {
      "type": "Feature",
      "properties": {
        "@id": "way/181252177",
        "leisure": "pitch",
        "sport": "basketball",
        "surface": "asphalt"
      },
      "geometry": {
        "type": "Polygon",
        "coordinates": [
          [
            [
              -84.1217089,
              41.5540802
            ],
            [
              -84.1217048,
              41.5539418
            ],
            [
              -84.1213969,
              41.5539468
            ],
            [
              -84.1214009,
              41.5540852
            ],
            [
              -84.1217089,
              41.5540802
            ]
          ]
        ]
      },
      "id": "way/181252177"
    },
    {
      "type": "Feature",
      "properties": {
        "@id": "way/181252186",
        "hoops": "2",
        "leisure": "pitch",
        "sport": "basketball"
      },
      "geometry": {
        "type": "Polygon",
        "coordinates": [
          [
            [
              -84.1286051,
              41.5626756
            ],
            [
              -84.1287873,
              41.5626726
            ],
            [
              -84.1287806,
              41.5624398
            ],
            [
              -84.1285983,
              41.5624428
            ],
            [
              -84.1286051,
              41.5626756
            ]
          ]
        ]
      },
      "id": "way/181252186"
    },
    {
      "type": "Feature",
      "properties": {
        "@id": "way/182399847",
        "leisure": "pitch",
        "source": "bing_imagery",
        "sport": "basketball",
        "surface": "asphalt"
      },
      "geometry": {
        "type": "Polygon",
        "coordinates": [
          [
            [
              -84.3732614,
              33.7870844
            ],
            [
              -84.3732583,
              33.7872293
            ],
            [
              -84.3735816,
              33.7872341
            ],
            [
              -84.3735847,
              33.7870892
            ],
            [
              -84.3732614,
              33.7870844
            ]
          ]
        ]
      },
      "id": "way/182399847"
    },
    {
      "type": "Feature",
      "properties": {
        "@id": "way/182399850",
        "leisure": "pitch",
        "source": "bing_imagery",
        "sport": "basketball",
        "surface": "asphalt"
      },
      "geometry": {
        "type": "Polygon",
        "coordinates": [
          [
            [
              -84.3732306,
              33.7873943
            ],
            [
              -84.3733343,
              33.7873954
            ],
            [
              -84.3733364,
              33.7872528
            ],
            [
              -84.3732328,
              33.7872517
            ],
            [
              -84.3732306,
              33.7873943
            ]
          ]
        ]
      },
      "id": "way/182399850"
    },
    {
      "type": "Feature",
      "properties": {
        "@id": "way/185557907",
        "leisure": "pitch",
        "name": "Basketball Court",
        "source": "bing_imagery",
        "sport": "basketball"
      },
      "geometry": {
        "type": "Polygon",
        "coordinates": [
          [
            [
              -84.338882,
              33.7656863
            ],
            [
              -84.3388847,
              33.7655507
            ],
            [
              -84.3385524,
              33.7655462
            ],
            [
              -84.3385498,
              33.7656819
            ],
            [
              -84.338882,
              33.7656863
            ]
          ]
        ]
      },
      "id": "way/185557907"
    },
    {
      "type": "Feature",
      "properties": {
        "@id": "way/185557914",
        "leisure": "pitch",
        "source": "bing_imagery",
        "sport": "basketball"
      },
      "geometry": {
        "type": "Polygon",
        "coordinates": [
          [
            [
              -84.338898,
              33.7656872
            ],
            [
              -84.3390467,
              33.7656893
            ],
            [
              -84.3390495,
              33.7655526
            ],
            [
              -84.3389008,
              33.7655505
            ],
            [
              -84.338898,
              33.7656872
            ]
          ]
        ]
      },
      "id": "way/185557914"
    },
    {
      "type": "Feature",
      "properties": {
        "@id": "way/192380341",
        "leisure": "pitch",
        "sport": "basketball"
      },
      "geometry": {
        "type": "Polygon",
        "coordinates": [
          [
            [
              -88.6764195,
              41.9061188
            ],
            [
              -88.6764172,
              41.9058772
            ],
            [
              -88.6762347,
              41.9058782
            ],
            [
              -88.676237,
              41.9061197
            ],
            [
              -88.6764195,
              41.9061188
            ]
          ]
        ]
      },
      "id": "way/192380341"
    },
    {
      "type": "Feature",
      "properties": {
        "@id": "way/196358300",
        "leisure": "pitch",
        "sport": "basketball"
      },
      "geometry": {
        "type": "Polygon",
        "coordinates": [
          [
            [
              -88.7686047,
              41.9432513
            ],
            [
              -88.7684223,
              41.9432517
            ],
            [
              -88.7684231,
              41.9434641
            ],
            [
              -88.7686055,
              41.9434637
            ],
            [
              -88.7686047,
              41.9432513
            ]
          ]
        ]
      },
      "id": "way/196358300"
    },
    {
      "type": "Feature",
      "properties": {
        "@id": "way/197882419",
        "leisure": "pitch",
        "sport": "basketball"
      },
      "geometry": {
        "type": "Polygon",
        "coordinates": [
          [
            [
              -84.3713407,
              33.7402995
            ],
            [
              -84.3712815,
              33.7401488
            ],
            [
              -84.3708159,
              33.7402752
            ],
            [
              -84.370875,
              33.7404258
            ],
            [
              -84.3713407,
              33.7402995
            ]
          ]
        ]
      },
      "id": "way/197882419"
    },
    {
      "type": "Feature",
      "properties": {
        "@id": "way/220382935",
        "capacity": "3",
        "leisure": "pitch",
        "operator": "Taylor Road Middle School",
        "sport": "basketball"
      },
      "geometry": {
        "type": "Polygon",
        "coordinates": [
          [
            [
              -84.2079544,
              34.0530425
            ],
            [
              -84.2080275,
              34.0530443
            ],
            [
              -84.2081257,
              34.0530467
            ],
            [
              -84.2081263,
              34.053028
            ],
            [
              -84.2081325,
              34.0528435
            ],
            [
              -84.2081362,
              34.0527311
            ],
            [
              -84.207966,
              34.0527314
            ],
            [
              -84.2079544,
              34.0530425
            ]
          ]
        ]
      },
      "id": "way/220382935"
    },
    {
      "type": "Feature",
      "properties": {
        "@id": "way/244053317",
        "leisure": "pitch",
        "sport": "basketball"
      },
      "geometry": {
        "type": "Polygon",
        "coordinates": [
          [
            [
              -84.2460438,
              34.0945933
            ],
            [
              -84.2458645,
              34.0944368
            ],
            [
              -84.2457469,
              34.0945292
            ],
            [
              -84.2459262,
              34.0946857
            ],
            [
              -84.2460438,
              34.0945933
            ]
          ]
        ]
      },
      "id": "way/244053317"
    },
    {
      "type": "Feature",
      "properties": {
        "@id": "way/253221883",
        "leisure": "pitch",
        "sport": "basketball"
      },
      "geometry": {
        "type": "Polygon",
        "coordinates": [
          [
            [
              -84.2822572,
              34.1011813
            ],
            [
              -84.2823065,
              34.1010143
            ],
            [
              -84.2820466,
              34.1009617
            ],
            [
              -84.2819973,
              34.1011287
            ],
            [
              -84.2822572,
              34.1011813
            ]
          ]
        ]
      },
      "id": "way/253221883"
    },
    {
      "type": "Feature",
      "properties": {
        "@id": "way/253221889",
        "leisure": "pitch",
        "sport": "basketball"
      },
      "geometry": {
        "type": "Polygon",
        "coordinates": [
          [
            [
              -84.2822572,
              34.1011813
            ],
            [
              -84.2819973,
              34.1011287
            ],
            [
              -84.2819458,
              34.1013029
            ],
            [
              -84.2822058,
              34.1013555
            ],
            [
              -84.2822572,
              34.1011813
            ]
          ]
        ]
      },
      "id": "way/253221889"
    },
    {
      "type": "Feature",
      "properties": {
        "@id": "way/263302715",
        "leisure": "pitch",
        "sport": "basketball"
      },
      "geometry": {
        "type": "Polygon",
        "coordinates": [
          [
            [
              -83.9999099,
              41.5786794
            ],
            [
              -83.9999093,
              41.5784542
            ],
            [
              -83.999725,
              41.5784545
            ],
            [
              -83.9997255,
              41.5786796
            ],
            [
              -83.9999099,
              41.5786794
            ]
          ]
        ]
      },
      "id": "way/263302715"
    },
    {
      "type": "Feature",
      "properties": {
        "@id": "way/263302716",
        "leisure": "pitch",
        "sport": "basketball"
      },
      "geometry": {
        "type": "Polygon",
        "coordinates": [
          [
            [
              -83.9997255,
              41.5786796
            ],
            [
              -83.999725,
              41.5784545
            ],
            [
              -83.9995393,
              41.5784547
            ],
            [
              -83.9995398,
              41.5786799
            ],
            [
              -83.9997255,
              41.5786796
            ]
          ]
        ]
      },
      "id": "way/263302716"
    },
    {
      "type": "Feature",
      "properties": {
        "@id": "way/263302718",
        "leisure": "pitch",
        "sport": "basketball"
      },
      "geometry": {
        "type": "Polygon",
        "coordinates": [
          [
            [
              -83.9961742,
              41.5811767
            ],
            [
              -83.996174,
              41.5810304
            ],
            [
              -83.9958583,
              41.5810307
            ],
            [
              -83.9958585,
              41.581177
            ],
            [
              -83.9961742,
              41.5811767
            ]
          ]
        ]
      },
      "id": "way/263302718"
    },
    {
      "type": "Feature",
      "properties": {
        "@id": "way/264359670",
        "access": "private",
        "leisure": "pitch",
        "sport": "basketball"
      },
      "geometry": {
        "type": "Polygon",
        "coordinates": [
          [
            [
              -84.3460438,
              33.7807855
            ],
            [
              -84.3461109,
              33.7806754
            ],
            [
              -84.3459824,
              33.7806214
            ],
            [
              -84.3459154,
              33.7807315
            ],
            [
              -84.3460438,
              33.7807855
            ]
          ]
        ]
      },
      "id": "way/264359670"
    },
    {
      "type": "Feature",
      "properties": {
        "@id": "way/264524838",
        "leisure": "pitch",
        "sport": "basketball"
      },
      "geometry": {
        "type": "Polygon",
        "coordinates": [
          [
            [
              -86.2242396,
              41.0604866
            ],
            [
              -86.2242517,
              41.060256
            ],
            [
              -86.2240732,
              41.0602507
            ],
            [
              -86.2240611,
              41.0604813
            ],
            [
              -86.2242396,
              41.0604866
            ]
          ]
        ]
      },
      "id": "way/264524838"
    },
    {
      "type": "Feature",
      "properties": {
        "@id": "way/269890693",
        "access": "yes",
        "covered": "yes",
        "fee": "no",
        "indoor": "no",
        "leisure": "pitch",
        "operator": "City of Atlanta",
        "smoking": "no",
        "sport": "basketball",
        "wheelchair": "limited"
      },
      "geometry": {
        "type": "Polygon",
        "coordinates": [
          [
            [
              -84.4592387,
              33.7772034
            ],
            [
              -84.4592338,
              33.7769294
            ],
            [
              -84.4590321,
              33.7769318
            ],
            [
              -84.4590369,
              33.7772059
            ],
            [
              -84.4592387,
              33.7772034
            ]
          ]
        ]
      },
      "id": "way/269890693"
    },
    {
      "type": "Feature",
      "properties": {
        "@id": "way/270491330",
        "access": "yes",
        "addr:city": "Atlanta",
        "addr:housenumber": "100",
        "addr:postcode": "30316",
        "addr:state": "GA",
        "addr:street": "Flat Shoals Avenue Southeast",
        "covered": "yes",
        "hoops": "2",
        "indoor": "yes",
        "leisure": "pitch",
        "lit": "yes",
        "sport": "basketball",
        "surface": "concrete"
      },
      "geometry": {
        "type": "Polygon",
        "coordinates": [
          [
            [
              -84.3553719,
              33.7518867
            ],
            [
              -84.3553704,
              33.7520023
            ],
            [
              -84.3556071,
              33.7520045
            ],
            [
              -84.3556107,
              33.7517251
            ],
            [
              -84.355374,
              33.7517229
            ],
            [
              -84.3553719,
              33.7518867
            ]
          ]
        ]
      },
      "id": "way/270491330"
    },
    {
      "type": "Feature",
      "properties": {
        "@id": "way/280941186",
        "access": "yes",
        "hoops": "2",
        "leisure": "pitch",
        "sport": "basketball"
      },
      "geometry": {
        "type": "Polygon",
        "coordinates": [
          [
            [
              -84.3624114,
              33.9176509
            ],
            [
              -84.362413,
              33.9174026
            ],
            [
              -84.3622461,
              33.9174019
            ],
            [
              -84.3622446,
              33.9176502
            ],
            [
              -84.3624114,
              33.9176509
            ]
          ]
        ]
      },
      "id": "way/280941186"
    },
    {
      "type": "Feature",
      "properties": {
        "@id": "way/287304307",
        "leisure": "pitch",
        "sport": "basketball"
      },
      "geometry": {
        "type": "Polygon",
        "coordinates": [
          [
            [
              -84.3761842,
              33.7535338
            ],
            [
              -84.3761863,
              33.7532585
            ],
            [
              -84.3759847,
              33.7532574
            ],
            [
              -84.3759826,
              33.7535327
            ],
            [
              -84.3761842,
              33.7535338
            ]
          ]
        ]
      },
      "id": "way/287304307"
    },
    {
      "type": "Feature",
      "properties": {
        "@id": "way/287323518",
        "leisure": "pitch",
        "sport": "basketball"
      },
      "geometry": {
        "type": "Polygon",
        "coordinates": [
          [
            [
              -84.4389947,
              33.7546227
            ],
            [
              -84.4389569,
              33.7543805
            ],
            [
              -84.4389264,
              33.7543838
            ],
            [
              -84.4387854,
              33.754399
            ],
            [
              -84.4388232,
              33.7546412
            ],
            [
              -84.4389947,
              33.7546227
            ]
          ]
        ]
      },
      "id": "way/287323518"
    },
    {
      "type": "Feature",
      "properties": {
        "@id": "way/287415625",
        "leisure": "pitch",
        "sport": "basketball"
      },
      "geometry": {
        "type": "Polygon",
        "coordinates": [
          [
            [
              -84.3080816,
              33.7978613
            ],
            [
              -84.3082613,
              33.7977766
            ],
            [
              -84.3080896,
              33.7975358
            ],
            [
              -84.3080597,
              33.797548
            ],
            [
              -84.3079367,
              33.7975982
            ],
            [
              -84.3079233,
              33.7976272
            ],
            [
              -84.3080816,
              33.7978613
            ]
          ]
        ]
      },
      "id": "way/287415625"
    },
    {
      "type": "Feature",
      "properties": {
        "@id": "way/304515112",
        "leisure": "pitch",
        "sport": "basketball"
      },
      "geometry": {
        "type": "Polygon",
        "coordinates": [
          [
            [
              -84.4272396,
              33.7716408
            ],
            [
              -84.4272415,
              33.7715015
            ],
            [
              -84.42698,
              33.7714991
            ],
            [
              -84.4269782,
              33.7716384
            ],
            [
              -84.4272396,
              33.7716408
            ]
          ]
        ]
      },
      "id": "way/304515112"
    },
    {
      "type": "Feature",
      "properties": {
        "@id": "way/304515113",
        "leisure": "pitch",
        "sport": "basketball"
      },
      "geometry": {
        "type": "Polygon",
        "coordinates": [
          [
            [
              -84.4272433,
              33.7714744
            ],
            [
              -84.4272459,
              33.7713457
            ],
            [
              -84.4269833,
              33.771342
            ],
            [
              -84.4269807,
              33.7714707
            ],
            [
              -84.4272433,
              33.7714744
            ]
          ]
        ]
      },
      "id": "way/304515113"
    },
    {
      "type": "Feature",
      "properties": {
        "@id": "way/304530488",
        "leisure": "pitch",
        "sport": "basketball",
        "surface": "concrete"
      },
      "geometry": {
        "type": "Polygon",
        "coordinates": [
          [
            [
              -84.3935029,
              33.7743369
            ],
            [
              -84.3934621,
              33.7742201
            ],
            [
              -84.3931672,
              33.7742912
            ],
            [
              -84.393208,
              33.7744081
            ],
            [
              -84.3935029,
              33.7743369
            ]
          ]
        ]
      },
      "id": "way/304530488"
    },
    {
      "type": "Feature",
      "properties": {
        "@id": "way/307771716",
        "hoops": "2",
        "leisure": "pitch",
        "name": "Brownwood Park Basketball Courts",
        "sport": "basketball",
        "surface": "asphalt"
      },
      "geometry": {
        "type": "Polygon",
        "coordinates": [
          [
            [
              -84.3468316,
              33.7383005
            ],
            [
              -84.3465982,
              33.7383209
            ],
            [
              -84.3466298,
              33.7385713
            ],
            [
              -84.3468633,
              33.7385509
            ],
            [
              -84.3468316,
              33.7383005
            ]
          ]
        ]
      },
      "id": "way/307771716"
    },
    {
      "type": "Feature",
      "properties": {
        "@id": "way/313115516",
        "leisure": "pitch",
        "sport": "basketball"
      },
      "geometry": {
        "type": "Polygon",
        "coordinates": [
          [
            [
              -84.2185768,
              41.5313687
            ],
            [
              -84.2183701,
              41.5313665
            ],
            [
              -84.218365,
              41.5316392
            ],
            [
              -84.2185716,
              41.5316414
            ],
            [
              -84.2185768,
              41.5313687
            ]
          ]
        ]
      },
      "id": "way/313115516"
    },
    {
      "type": "Feature",
      "properties": {
        "@id": "way/313120225",
        "leisure": "pitch",
        "sport": "basketball"
      },
      "geometry": {
        "type": "Polygon",
        "coordinates": [
          [
            [
              -84.1499284,
              41.5398138
            ],
            [
              -84.1497656,
              41.5398138
            ],
            [
              -84.1497656,
              41.5400198
            ],
            [
              -84.1499284,
              41.5400198
            ],
            [
              -84.1499284,
              41.5398138
            ]
          ]
        ]
      },
      "id": "way/313120225"
    },
    {
      "type": "Feature",
      "properties": {
        "@id": "way/327440407",
        "leisure": "pitch",
        "sport": "basketball"
      },
      "geometry": {
        "type": "Polygon",
        "coordinates": [
          [
            [
              -88.7886862,
              41.924615
            ],
            [
              -88.788654,
              41.9247253
            ],
            [
              -88.7888589,
              41.9247585
            ],
            [
              -88.7888948,
              41.9246355
            ],
            [
              -88.7886899,
              41.9246024
            ],
            [
              -88.7886862,
              41.924615
            ]
          ]
        ]
      },
      "id": "way/327440407"
    },
    {
      "type": "Feature",
      "properties": {
        "@id": "way/328825159",
        "leisure": "pitch",
        "sport": "basketball",
        "surface": "asphalt"
      },
      "geometry": {
        "type": "Polygon",
        "coordinates": [
          [
            [
              -84.3091109,
              41.5124804
            ],
            [
              -84.3089392,
              41.5124813
            ],
            [
              -84.3089414,
              41.5127124
            ],
            [
              -84.309113,
              41.5127115
            ],
            [
              -84.3091109,
              41.5124804
            ]
          ]
        ]
      },
      "id": "way/328825159"
    },
    {
      "type": "Feature",
      "properties": {
        "@id": "way/328825842",
        "leisure": "pitch",
        "sport": "basketball"
      },
      "geometry": {
        "type": "Polygon",
        "coordinates": [
          [
            [
              -84.3091585,
              41.5124804
            ],
            [
              -84.3091585,
              41.5127099
            ],
            [
              -84.3093216,
              41.5127099
            ],
            [
              -84.3093216,
              41.5124804
            ],
            [
              -84.3091585,
              41.5124804
            ]
          ]
        ]
      },
      "id": "way/328825842"
    },
    {
      "type": "Feature",
      "properties": {
        "@id": "way/339090769",
        "leisure": "pitch",
        "sport": "basketball"
      },
      "geometry": {
        "type": "Polygon",
        "coordinates": [
          [
            [
              -85.7586911,
              34.6217599
            ],
            [
              -85.7587686,
              34.6215449
            ],
            [
              -85.7585937,
              34.6215023
            ],
            [
              -85.7585162,
              34.6217173
            ],
            [
              -85.7586911,
              34.6217599
            ]
          ]
        ]
      },
      "id": "way/339090769"
    },
    {
      "type": "Feature",
      "properties": {
        "@id": "way/353079706",
        "leisure": "pitch",
        "sport": "basketball"
      },
      "geometry": {
        "type": "Polygon",
        "coordinates": [
          [
            [
              -83.9098385,
              41.7138003
            ],
            [
              -83.9098342,
              41.7135324
            ],
            [
              -83.9096749,
              41.7135338
            ],
            [
              -83.9096792,
              41.7138017
            ],
            [
              -83.9098385,
              41.7138003
            ]
          ]
        ]
      },
      "id": "way/353079706"
    },
    {
      "type": "Feature",
      "properties": {
        "@id": "way/355421493",
        "hoops": "2",
        "leisure": "pitch",
        "lit": "yes",
        "sport": "basketball"
      },
      "geometry": {
        "type": "Polygon",
        "coordinates": [
          [
            [
              -84.3007834,
              41.4962068
            ],
            [
              -84.3007784,
              41.4960704
            ],
            [
              -84.3004646,
              41.4960767
            ],
            [
              -84.3004695,
              41.4962131
            ],
            [
              -84.3007834,
              41.4962068
            ]
          ]
        ]
      },
      "id": "way/355421493"
    },
    {
      "type": "Feature",
      "properties": {
        "@id": "way/355421495",
        "hoops": "2",
        "leisure": "pitch",
        "lit": "yes",
        "sport": "basketball"
      },
      "geometry": {
        "type": "Polygon",
        "coordinates": [
          [
            [
              -84.3007705,
              41.4960448
            ],
            [
              -84.3007723,
              41.4959102
            ],
            [
              -84.300465,
              41.4959078
            ],
            [
              -84.3004631,
              41.4960424
            ],
            [
              -84.3007705,
              41.4960448
            ]
          ]
        ]
      },
      "id": "way/355421495"
    },
    {
      "type": "Feature",
      "properties": {
        "@id": "way/358429892",
        "leisure": "pitch",
        "sport": "basketball"
      },
      "geometry": {
        "type": "Polygon",
        "coordinates": [
          [
            [
              -84.1874746,
              34.0790362
            ],
            [
              -84.1872749,
              34.0791016
            ],
            [
              -84.1873876,
              34.0793378
            ],
            [
              -84.1875873,
              34.0792724
            ],
            [
              -84.1874746,
              34.0790362
            ]
          ]
        ]
      },
      "id": "way/358429892"
    },
    {
      "type": "Feature",
      "properties": {
        "@id": "way/358429907",
        "leisure": "pitch",
        "sport": "basketball"
      },
      "geometry": {
        "type": "Polygon",
        "coordinates": [
          [
            [
              -84.1916446,
              34.0603446
            ],
            [
              -84.1916731,
              34.0604845
            ],
            [
              -84.1919607,
              34.0604443
            ],
            [
              -84.1919323,
              34.0603044
            ],
            [
              -84.1916446,
              34.0603446
            ]
          ]
        ]
      },
      "id": "way/358429907"
    },
    {
      "type": "Feature",
      "properties": {
        "@id": "way/359249319",
        "leisure": "pitch",
        "sport": "basketball"
      },
      "geometry": {
        "type": "Polygon",
        "coordinates": [
          [
            [
              -84.1323609,
              41.5525777
            ],
            [
              -84.1323571,
              41.5524687
            ],
            [
              -84.1321131,
              41.5524707
            ],
            [
              -84.1321178,
              41.5525796
            ],
            [
              -84.1323609,
              41.5525777
            ]
          ]
        ]
      },
      "id": "way/359249319"
    },
    {
      "type": "Feature",
      "properties": {
        "@id": "way/359678351",
        "leisure": "pitch",
        "sport": "basketball"
      },
      "geometry": {
        "type": "Polygon",
        "coordinates": [
          [
            [
              -84.1403315,
              41.5440964
            ],
            [
              -84.1403529,
              41.5440502
            ],
            [
              -84.1403516,
              41.5439119
            ],
            [
              -84.1403503,
              41.5437774
            ],
            [
              -84.1403261,
              41.5437092
            ],
            [
              -84.1401841,
              41.5437112
            ],
            [
              -84.1401627,
              41.5437694
            ],
            [
              -84.1401653,
              41.5440462
            ],
            [
              -84.1401787,
              41.5440984
            ],
            [
              -84.1403315,
              41.5440964
            ]
          ]
        ]
      },
      "id": "way/359678351"
    },
    {
      "type": "Feature",
      "properties": {
        "@id": "way/360055825",
        "leisure": "pitch",
        "sport": "basketball"
      },
      "geometry": {
        "type": "Polygon",
        "coordinates": [
          [
            [
              -84.1449849,
              41.5551239
            ],
            [
              -84.1449849,
              41.5550473
            ],
            [
              -84.1449709,
              41.5550473
            ],
            [
              -84.1448718,
              41.5550473
            ],
            [
              -84.1448718,
              41.5551239
            ],
            [
              -84.1449849,
              41.5551239
            ]
          ]
        ]
      },
      "id": "way/360055825"
    },
    {
      "type": "Feature",
      "properties": {
        "@id": "way/360075929",
        "leisure": "pitch",
        "sport": "basketball"
      },
      "geometry": {
        "type": "Polygon",
        "coordinates": [
          [
            [
              -84.1449497,
              41.549413
            ],
            [
              -84.1449176,
              41.5492851
            ],
            [
              -84.1448104,
              41.5493002
            ],
            [
              -84.1448425,
              41.5494281
            ],
            [
              -84.1449497,
              41.549413
            ]
          ]
        ]
      },
      "id": "way/360075929"
    },
    {
      "type": "Feature",
      "properties": {
        "@id": "way/370227662",
        "leisure": "pitch",
        "sport": "basketball"
      },
      "geometry": {
        "type": "Polygon",
        "coordinates": [
          [
            [
              -88.7754326,
              41.7661835
            ],
            [
              -88.7754283,
              41.7659069
            ],
            [
              -88.7751675,
              41.7659092
            ],
            [
              -88.7751718,
              41.7661858
            ],
            [
              -88.7754326,
              41.7661835
            ]
          ]
        ]
      },
      "id": "way/370227662"
    },
    {
      "type": "Feature",
      "properties": {
        "@id": "way/379240371",
        "leisure": "pitch",
        "sport": "basketball"
      },
      "geometry": {
        "type": "Polygon",
        "coordinates": [
          [
            [
              -84.3237379,
              41.6652242
            ],
            [
              -84.3237342,
              41.6650018
            ],
            [
              -84.323554,
              41.6650035
            ],
            [
              -84.3235577,
              41.6652259
            ],
            [
              -84.3237379,
              41.6652242
            ]
          ]
        ]
      },
      "id": "way/379240371"
    },
    {
      "type": "Feature",
      "properties": {
        "@id": "way/379240375",
        "leisure": "pitch",
        "sport": "basketball"
      },
      "geometry": {
        "type": "Polygon",
        "coordinates": [
          [
            [
              -84.3235207,
              41.6652262
            ],
            [
              -84.3235154,
              41.6650082
            ],
            [
              -84.3233326,
              41.6650107
            ],
            [
              -84.323338,
              41.6652287
            ],
            [
              -84.3235207,
              41.6652262
            ]
          ]
        ]
      },
      "id": "way/379240375"
    },
    {
      "type": "Feature",
      "properties": {
        "@id": "way/392746865",
        "leisure": "pitch",
        "sport": "basketball"
      },
      "geometry": {
        "type": "Polygon",
        "coordinates": [
          [
            [
              -84.2001169,
              34.0290781
            ],
            [
              -84.2001723,
              34.0289384
            ],
            [
              -84.2000282,
              34.0288992
            ],
            [
              -84.1999728,
              34.0290389
            ],
            [
              -84.2001169,
              34.0290781
            ]
          ]
        ]
      },
      "id": "way/392746865"
    },
    {
      "type": "Feature",
      "properties": {
        "@id": "way/393484981",
        "leisure": "pitch",
        "sport": "basketball"
      },
      "geometry": {
        "type": "Polygon",
        "coordinates": [
          [
            [
              -84.1480838,
              34.0507018
            ],
            [
              -84.1480965,
              34.0505986
            ],
            [
              -84.147846,
              34.0505774
            ],
            [
              -84.1478333,
              34.0506806
            ],
            [
              -84.1480838,
              34.0507018
            ]
          ]
        ]
      },
      "id": "way/393484981"
    },
    {
      "type": "Feature",
      "properties": {
        "@id": "way/441361821",
        "leisure": "pitch",
        "sport": "basketball"
      },
      "geometry": {
        "type": "Polygon",
        "coordinates": [
          [
            [
              -85.1068195,
              41.2932981
            ],
            [
              -85.1068113,
              41.2930569
            ],
            [
              -85.1066231,
              41.2930605
            ],
            [
              -85.1066313,
              41.2933017
            ],
            [
              -85.1068195,
              41.2932981
            ]
          ]
        ]
      },
      "id": "way/441361821"
    },
    {
      "type": "Feature",
      "properties": {
        "@id": "way/449682689",
        "leisure": "pitch",
        "sport": "basketball"
      },
      "geometry": {
        "type": "Polygon",
        "coordinates": [
          [
            [
              -84.4250315,
              33.6615338
            ],
            [
              -84.4249173,
              33.6614247
            ],
            [
              -84.4248689,
              33.6614598
            ],
            [
              -84.4249831,
              33.6615689
            ],
            [
              -84.4250315,
              33.6615338
            ]
          ]
        ]
      },
      "id": "way/449682689"
    },
    {
      "type": "Feature",
      "properties": {
        "@id": "way/468516297",
        "access": "permissive",
        "hoops": "2",
        "leisure": "pitch",
        "lit": "no",
        "sport": "basketball",
        "surface": "asphalt"
      },
      "geometry": {
        "type": "Polygon",
        "coordinates": [
          [
            [
              -84.2887552,
              33.7648195
            ],
            [
              -84.288753,
              33.7646815
            ],
            [
              -84.288483,
              33.7646815
            ],
            [
              -84.2884805,
              33.7646815
            ],
            [
              -84.2884827,
              33.7648178
            ],
            [
              -84.2887552,
              33.7648195
            ]
          ]
        ]
      },
      "id": "way/468516297"
    },
    {
      "type": "Feature",
      "properties": {
        "@id": "way/479986082",
        "hoops": "3",
        "leisure": "pitch",
        "sport": "basketball",
        "surface": "asphalt"
      },
      "geometry": {
        "type": "Polygon",
        "coordinates": [
          [
            [
              -88.844396,
              42.0900234
            ],
            [
              -88.8443788,
              42.0896084
            ],
            [
              -88.8439217,
              42.0896163
            ],
            [
              -88.8439227,
              42.0900316
            ],
            [
              -88.844396,
              42.0900234
            ]
          ]
        ]
      },
      "id": "way/479986082"
    },
    {
      "type": "Feature",
      "properties": {
        "@id": "way/491845546",
        "leisure": "pitch",
        "quantity": "2",
        "sport": "basketball"
      },
      "geometry": {
        "type": "Polygon",
        "coordinates": [
          [
            [
              -84.3115007,
              34.0710575
            ],
            [
              -84.31154,
              34.0708328
            ],
            [
              -84.3112348,
              34.0707962
            ],
            [
              -84.3111956,
              34.0710208
            ],
            [
              -84.3112637,
              34.071029
            ],
            [
              -84.3115007,
              34.0710575
            ]
          ]
        ]
      },
      "id": "way/491845546"
    },
    {
      "type": "Feature",
      "properties": {
        "@id": "way/518465699",
        "leisure": "pitch",
        "sport": "basketball"
      },
      "geometry": {
        "type": "Polygon",
        "coordinates": [
          [
            [
              -88.6838216,
              42.006776
            ],
            [
              -88.6840161,
              42.006774
            ],
            [
              -88.6840107,
              42.0065379
            ],
            [
              -88.6838176,
              42.0065468
            ],
            [
              -88.6838216,
              42.006776
            ]
          ]
        ]
      },
      "id": "way/518465699"
    },
    {
      "type": "Feature",
      "properties": {
        "@id": "way/521935208",
        "leisure": "pitch",
        "sport": "basketball"
      },
      "geometry": {
        "type": "Polygon",
        "coordinates": [
          [
            [
              -84.3125876,
              41.5228314
            ],
            [
              -84.3122898,
              41.5228293
            ],
            [
              -84.312288,
              41.5229706
            ],
            [
              -84.3125858,
              41.5229727
            ],
            [
              -84.3125876,
              41.5228314
            ]
          ]
        ]
      },
      "id": "way/521935208"
    },
    {
      "type": "Feature",
      "properties": {
        "@id": "way/534591364",
        "hoops": "2",
        "leisure": "pitch",
        "sport": "basketball"
      },
      "geometry": {
        "type": "Polygon",
        "coordinates": [
          [
            [
              -85.8072188,
              34.5746359
            ],
            [
              -85.8073096,
              34.5743512
            ],
            [
              -85.8070787,
              34.5743013
            ],
            [
              -85.8069879,
              34.5745859
            ],
            [
              -85.8072188,
              34.5746359
            ]
          ]
        ]
      },
      "id": "way/534591364"
    },
    {
      "type": "Feature",
      "properties": {
        "@id": "way/536746272",
        "leisure": "pitch",
        "sport": "basketball"
      },
      "geometry": {
        "type": "Polygon",
        "coordinates": [
          [
            [
              -84.3833397,
              33.7620043
            ],
            [
              -84.3833409,
              33.7617889
            ],
            [
              -84.3832009,
              33.7617884
            ],
            [
              -84.3831997,
              33.7620038
            ],
            [
              -84.3833397,
              33.7620043
            ]
          ]
        ]
      },
      "id": "way/536746272"
    },
    {
      "type": "Feature",
      "properties": {
        "@id": "way/539522898",
        "hoops": "2",
        "leisure": "pitch",
        "sport": "basketball",
        "surface": "asphalt"
      },
      "geometry": {
        "type": "Polygon",
        "coordinates": [
          [
            [
              -84.3136324,
              41.5321522
            ],
            [
              -84.3134677,
              41.5321543
            ],
            [
              -84.313473,
              41.5323889
            ],
            [
              -84.3136378,
              41.5323868
            ],
            [
              -84.3136324,
              41.5321522
            ]
          ]
        ]
      },
      "id": "way/539522898"
    },
    {
      "type": "Feature",
      "properties": {
        "@id": "way/545334296",
        "access": "permissive",
        "leisure": "pitch",
        "sport": "basketball",
        "surface": "asphalt"
      },
      "geometry": {
        "type": "Polygon",
        "coordinates": [
          [
            [
              -84.2662294,
              34.0204391
            ],
            [
              -84.2662305,
              34.020314
            ],
            [
              -84.2662316,
              34.0201836
            ],
            [
              -84.2659002,
              34.0201801
            ],
            [
              -84.2658991,
              34.0204433
            ],
            [
              -84.2662294,
              34.0204391
            ]
          ]
        ]
      },
      "id": "way/545334296"
    },
    {
      "type": "Feature",
      "properties": {
        "@id": "way/553318264",
        "access": "yes",
        "hoops": "3",
        "leisure": "pitch",
        "lit": "no",
        "sport": "basketball",
        "surface": "paved"
      },
      "geometry": {
        "type": "Polygon",
        "coordinates": [
          [
            [
              -74.3329641,
              43.0640752
            ],
            [
              -74.3336555,
              43.0640122
            ],
            [
              -74.3336045,
              43.0637131
            ],
            [
              -74.3329131,
              43.0637759
            ],
            [
              -74.3329641,
              43.0640752
            ]
          ]
        ]
      },
      "id": "way/553318264"
    },
    {
      "type": "Feature",
      "properties": {
        "@id": "way/560115747",
        "hoops": "2",
        "leisure": "pitch",
        "sport": "basketball"
      },
      "geometry": {
        "type": "Polygon",
        "coordinates": [
          [
            [
              -84.2371613,
              34.0844819
            ],
            [
              -84.2374339,
              34.0844886
            ],
            [
              -84.2374387,
              34.0843527
            ],
            [
              -84.2371661,
              34.0843461
            ],
            [
              -84.2371613,
              34.0844819
            ]
          ]
        ]
      },
      "id": "way/560115747"
    },
    {
      "type": "Feature",
      "properties": {
        "@id": "way/578956624",
        "hoops": "1",
        "leisure": "pitch",
        "sport": "basketball"
      },
      "geometry": {
        "type": "Polygon",
        "coordinates": [
          [
            [
              -91.5307394,
              36.4969973
            ],
            [
              -91.530565,
              36.4971049
            ],
            [
              -91.5307613,
              36.4973108
            ],
            [
              -91.5309358,
              36.4972033
            ],
            [
              -91.5307394,
              36.4969973
            ]
          ]
        ]
      },
      "id": "way/578956624"
    },
    {
      "type": "Feature",
      "properties": {
        "@id": "way/579010981",
        "leisure": "pitch",
        "sport": "basketball"
      },
      "geometry": {
        "type": "Polygon",
        "coordinates": [
          [
            [
              -91.5407682,
              36.4905672
            ],
            [
              -91.5407642,
              36.4904282
            ],
            [
              -91.5405564,
              36.4904321
            ],
            [
              -91.5405604,
              36.490571
            ],
            [
              -91.5407682,
              36.4905672
            ]
          ]
        ]
      },
      "id": "way/579010981"
    },
    {
      "type": "Feature",
      "properties": {
        "@id": "way/583352541",
        "leisure": "pitch",
        "sport": "basketball"
      },
      "geometry": {
        "type": "Polygon",
        "coordinates": [
          [
            [
              -88.7382239,
              41.9471573
            ],
            [
              -88.7381197,
              41.9470621
            ],
            [
              -88.7378772,
              41.9472091
            ],
            [
              -88.7379815,
              41.9473042
            ],
            [
              -88.7382239,
              41.9471573
            ]
          ]
        ]
      },
      "id": "way/583352541"
    },
    {
      "type": "Feature",
      "properties": {
        "@id": "way/586122874",
        "leisure": "pitch",
        "sport": "basketball"
      },
      "geometry": {
        "type": "Polygon",
        "coordinates": [
          [
            [
              -86.2240238,
              41.0604771
            ],
            [
              -86.2240358,
              41.0602466
            ],
            [
              -86.2238573,
              41.0602413
            ],
            [
              -86.2238453,
              41.0604718
            ],
            [
              -86.2240238,
              41.0604771
            ]
          ]
        ]
      },
      "id": "way/586122874"
    },
    {
      "type": "Feature",
      "properties": {
        "@id": "way/588783149",
        "access": "permissive",
        "hoops": "2",
        "leisure": "pitch",
        "sport": "basketball",
        "surface": "asphalt"
      },
      "geometry": {
        "type": "Polygon",
        "coordinates": [
          [
            [
              -84.1650309,
              34.037709
            ],
            [
              -84.1651572,
              34.0375864
            ],
            [
              -84.1650586,
              34.0375111
            ],
            [
              -84.1649292,
              34.0376413
            ],
            [
              -84.1650309,
              34.037709
            ]
          ]
        ]
      },
      "id": "way/588783149"
    },
    {
      "type": "Feature",
      "properties": {
        "@id": "way/593088492",
        "leisure": "pitch",
        "name": "Cliftondale Basketball Courts",
        "sport": "basketball"
      },
      "geometry": {
        "type": "Polygon",
        "coordinates": [
          [
            [
              -84.5980308,
              33.6523244
            ],
            [
              -84.5980651,
              33.6520979
            ],
            [
              -84.5977404,
              33.6520561
            ],
            [
              -84.5977084,
              33.6522883
            ],
            [
              -84.5980308,
              33.6523244
            ]
          ]
        ]
      },
      "id": "way/593088492"
    },
    {
      "type": "Feature",
      "properties": {
        "@id": "way/623154051",
        "leisure": "pitch",
        "sport": "basketball"
      },
      "geometry": {
        "type": "Polygon",
        "coordinates": [
          [
            [
              -91.5446209,
              36.4962653
            ],
            [
              -91.5447564,
              36.4962646
            ],
            [
              -91.544755,
              36.4960869
            ],
            [
              -91.5446194,
              36.4960876
            ],
            [
              -91.5446209,
              36.4962653
            ]
          ]
        ]
      },
      "id": "way/623154051"
    },
    {
      "type": "Feature",
      "properties": {
        "@id": "way/623436999",
        "leisure": "pitch",
        "sport": "basketball"
      },
      "geometry": {
        "type": "Polygon",
        "coordinates": [
          [
            [
              -91.8080716,
              36.384931
            ],
            [
              -91.8081963,
              36.3848073
            ],
            [
              -91.8079418,
              36.3846412
            ],
            [
              -91.8078172,
              36.3847649
            ],
            [
              -91.8080716,
              36.384931
            ]
          ]
        ]
      },
      "id": "way/623436999"
    },
    {
      "type": "Feature",
      "properties": {
        "@id": "way/638402958",
        "leisure": "pitch",
        "sport": "basketball"
      },
      "geometry": {
        "type": "Polygon",
        "coordinates": [
          [
            [
              -88.7453989,
              41.9220713
            ],
            [
              -88.7453989,
              41.9219587
            ],
            [
              -88.7450708,
              41.9219624
            ],
            [
              -88.7450708,
              41.9220713
            ],
            [
              -88.7453989,
              41.9220713
            ]
          ]
        ]
      },
      "id": "way/638402958"
    },
    {
      "type": "Feature",
      "properties": {
        "@id": "way/652882441",
        "leisure": "pitch",
        "sport": "basketball"
      },
      "geometry": {
        "type": "Polygon",
        "coordinates": [
          [
            [
              -84.2433653,
              33.739018
            ],
            [
              -84.2432721,
              33.7388212
            ],
            [
              -84.2431086,
              33.7388747
            ],
            [
              -84.2431656,
              33.7389951
            ],
            [
              -84.2432017,
              33.7390715
            ],
            [
              -84.2432967,
              33.7390404
            ],
            [
              -84.2433653,
              33.739018
            ]
          ]
        ]
      },
      "id": "way/652882441"
    },
    {
      "type": "Feature",
      "properties": {
        "@id": "way/661057664",
        "hoops": "2",
        "leisure": "pitch",
        "sport": "basketball"
      },
      "geometry": {
        "type": "Polygon",
        "coordinates": [
          [
            [
              -88.6127186,
              41.6555523
            ],
            [
              -88.6125362,
              41.6555512
            ],
            [
              -88.6125337,
              41.6557686
            ],
            [
              -88.6127161,
              41.6557697
            ],
            [
              -88.6127186,
              41.6555523
            ]
          ]
        ]
      },
      "id": "way/661057664"
    },
    {
      "type": "Feature",
      "properties": {
        "@id": "way/661232934",
        "hoops": "2",
        "leisure": "pitch",
        "sport": "basketball"
      },
      "geometry": {
        "type": "Polygon",
        "coordinates": [
          [
            [
              -88.6239975,
              41.6467267
            ],
            [
              -88.6238422,
              41.6467286
            ],
            [
              -88.6238479,
              41.646995
            ],
            [
              -88.624003,
              41.6469931
            ],
            [
              -88.6239975,
              41.6467267
            ]
          ]
        ]
      },
      "id": "way/661232934"
    },
    {
      "type": "Feature",
      "properties": {
        "@id": "way/661232936",
        "hoops": "2",
        "leisure": "pitch",
        "sport": "basketball"
      },
      "geometry": {
        "type": "Polygon",
        "coordinates": [
          [
            [
              -88.6238479,
              41.646995
            ],
            [
              -88.6238422,
              41.6467286
            ],
            [
              -88.6236811,
              41.6467305
            ],
            [
              -88.6236868,
              41.646997
            ],
            [
              -88.6238479,
              41.646995
            ]
          ]
        ]
      },
      "id": "way/661232936"
    },
    {
      "type": "Feature",
      "properties": {
        "@id": "way/666798071",
        "access": "private",
        "leisure": "pitch",
        "sport": "basketball",
        "surface": "paved"
      },
      "geometry": {
        "type": "Polygon",
        "coordinates": [
          [
            [
              -84.2040964,
              41.6014792
            ],
            [
              -84.204095,
              41.6013977
            ],
            [
              -84.2039804,
              41.6013977
            ],
            [
              -84.203982,
              41.6014787
            ],
            [
              -84.2040964,
              41.6014792
            ]
          ]
        ]
      },
      "id": "way/666798071"
    },
    {
      "type": "Feature",
      "properties": {
        "@id": "way/673400121",
        "hoops": "2",
        "leisure": "pitch",
        "lit": "yes",
        "sport": "basketball"
      },
      "geometry": {
        "type": "Polygon",
        "coordinates": [
          [
            [
              -84.38469,
              33.6676405
            ],
            [
              -84.3843792,
              33.6676383
            ],
            [
              -84.384378,
              33.6677566
            ],
            [
              -84.3846888,
              33.6677588
            ],
            [
              -84.38469,
              33.6676405
            ]
          ]
        ]
      },
      "id": "way/673400121"
    },
    {
      "type": "Feature",
      "properties": {
        "@id": "way/673400122",
        "hoops": "1",
        "leisure": "pitch",
        "lit": "yes",
        "sport": "basketball"
      },
      "geometry": {
        "type": "Polygon",
        "coordinates": [
          [
            [
              -84.3845503,
              33.6677853
            ],
            [
              -84.38455,
              33.667889
            ],
            [
              -84.3846904,
              33.6678893
            ],
            [
              -84.3846907,
              33.6677855
            ],
            [
              -84.3845503,
              33.6677853
            ]
          ]
        ]
      },
      "id": "way/673400122"
    },
    {
      "type": "Feature",
      "properties": {
        "@id": "way/673400123",
        "hoops": "1",
        "leisure": "pitch",
        "lit": "yes",
        "sport": "basketball"
      },
      "geometry": {
        "type": "Polygon",
        "coordinates": [
          [
            [
              -84.3843755,
              33.6677857
            ],
            [
              -84.3843752,
              33.6678895
            ],
            [
              -84.3845156,
              33.6678898
            ],
            [
              -84.3845159,
              33.667786
            ],
            [
              -84.3843755,
              33.6677857
            ]
          ]
        ]
      },
      "id": "way/673400123"
    },
    {
      "type": "Feature",
      "properties": {
        "@id": "way/675464300",
        "leisure": "pitch",
        "sport": "basketball"
      },
      "geometry": {
        "type": "Polygon",
        "coordinates": [
          [
            [
              -84.2863874,
              34.0377866
            ],
            [
              -84.2863041,
              34.0378914
            ],
            [
              -84.2864165,
              34.0379527
            ],
            [
              -84.2864998,
              34.0378479
            ],
            [
              -84.2863874,
              34.0377866
            ]
          ]
        ]
      },
      "id": "way/675464300"
    },
    {
      "type": "Feature",
      "properties": {
        "@id": "way/677669282",
        "leisure": "pitch",
        "sport": "basketball"
      },
      "geometry": {
        "type": "Polygon",
        "coordinates": [
          [
            [
              -86.415008,
              41.0211555
            ],
            [
              -86.4148304,
              41.02116
            ],
            [
              -86.4148384,
              41.0213396
            ],
            [
              -86.415016,
              41.0213351
            ],
            [
              -86.415008,
              41.0211555
            ]
          ]
        ]
      },
      "id": "way/677669282"
    },
    {
      "type": "Feature",
      "properties": {
        "@id": "way/677669283",
        "leisure": "pitch",
        "sport": "basketball"
      },
      "geometry": {
        "type": "Polygon",
        "coordinates": [
          [
            [
              -86.4145532,
              41.0211884
            ],
            [
              -86.4143595,
              41.0211924
            ],
            [
              -86.4143658,
              41.0213684
            ],
            [
              -86.4145596,
              41.0213644
            ],
            [
              -86.4145532,
              41.0211884
            ]
          ]
        ]
      },
      "id": "way/677669283"
    },
    {
      "type": "Feature",
      "properties": {
        "@id": "way/678438102",
        "leisure": "pitch",
        "sport": "basketball"
      },
      "geometry": {
        "type": "Polygon",
        "coordinates": [
          [
            [
              -85.0448874,
              41.3667528
            ],
            [
              -85.0448899,
              41.3668652
            ],
            [
              -85.0451969,
              41.3668587
            ],
            [
              -85.0451932,
              41.3667453
            ],
            [
              -85.0448874,
              41.3667528
            ]
          ]
        ]
      },
      "id": "way/678438102"
    },
    {
      "type": "Feature",
      "properties": {
        "@id": "way/678438110",
        "leisure": "pitch",
        "sport": "basketball"
      },
      "geometry": {
        "type": "Polygon",
        "coordinates": [
          [
            [
              -85.0351711,
              41.3657406
            ],
            [
              -85.0351792,
              41.3655802
            ],
            [
              -85.0348434,
              41.3655695
            ],
            [
              -85.0348393,
              41.3657345
            ],
            [
              -85.0351711,
              41.3657406
            ]
          ]
        ]
      },
      "id": "way/678438110"
    },
    {
      "type": "Feature",
      "properties": {
        "@id": "way/678439006",
        "leisure": "pitch",
        "sport": "basketball"
      },
      "geometry": {
        "type": "Polygon",
        "coordinates": [
          [
            [
              -85.063859,
              41.3606153
            ],
            [
              -85.0638536,
              41.3602722
            ],
            [
              -85.0636358,
              41.3602763
            ],
            [
              -85.0636466,
              41.3606153
            ],
            [
              -85.063859,
              41.3606153
            ]
          ]
        ]
      },
      "id": "way/678439006"
    },
    {
      "type": "Feature",
      "properties": {
        "@id": "way/678658411",
        "leisure": "pitch",
        "sport": "basketball"
      },
      "geometry": {
        "type": "Polygon",
        "coordinates": [
          [
            [
              -86.2592504,
              40.9468148
            ],
            [
              -86.2590754,
              40.9470881
            ],
            [
              -86.2592737,
              40.9471605
            ],
            [
              -86.2594486,
              40.9468872
            ],
            [
              -86.2592504,
              40.9468148
            ]
          ]
        ]
      },
      "id": "way/678658411"
    },
    {
      "type": "Feature",
      "properties": {
        "@id": "way/678903131",
        "hoops": "1",
        "leisure": "pitch",
        "sport": "basketball"
      },
      "geometry": {
        "type": "Polygon",
        "coordinates": [
          [
            [
              -88.7537115,
              41.9662753
            ],
            [
              -88.7537103,
              41.9661585
            ],
            [
              -88.7535236,
              41.9661596
            ],
            [
              -88.7535248,
              41.9662764
            ],
            [
              -88.7537115,
              41.9662753
            ]
          ]
        ]
      },
      "id": "way/678903131"
    },
    {
      "type": "Feature",
      "properties": {
        "@id": "way/711025770",
        "leisure": "pitch",
        "sport": "basketball"
      },
      "geometry": {
        "type": "Polygon",
        "coordinates": [
          [
            [
              -86.0207972,
              41.0409439
            ],
            [
              -86.020799,
              41.0407178
            ],
            [
              -86.0204403,
              41.0407162
            ],
            [
              -86.0204385,
              41.0409422
            ],
            [
              -86.0207972,
              41.0409439
            ]
          ]
        ]
      },
      "id": "way/711025770"
    },
    {
      "type": "Feature",
      "properties": {
        "@id": "way/711405381",
        "leisure": "pitch",
        "sport": "basketball"
      },
      "geometry": {
        "type": "Polygon",
        "coordinates": [
          [
            [
              -86.2016406,
              41.0588332
            ],
            [
              -86.2014357,
              41.0586001
            ],
            [
              -86.2012542,
              41.0586908
            ],
            [
              -86.201459,
              41.0589239
            ],
            [
              -86.2016406,
              41.0588332
            ]
          ]
        ]
      },
      "id": "way/711405381"
    },
    {
      "type": "Feature",
      "properties": {
        "@id": "way/711425594",
        "leisure": "pitch",
        "sport": "basketball"
      },
      "geometry": {
        "type": "Polygon",
        "coordinates": [
          [
            [
              -86.2141136,
              41.0609809
            ],
            [
              -86.2140077,
              41.0609702
            ],
            [
              -86.2139895,
              41.0610729
            ],
            [
              -86.2140953,
              41.0610836
            ],
            [
              -86.2141136,
              41.0609809
            ]
          ]
        ]
      },
      "id": "way/711425594"
    },
    {
      "type": "Feature",
      "properties": {
        "@id": "way/711852559",
        "leisure": "pitch",
        "sport": "basketball"
      },
      "geometry": {
        "type": "Polygon",
        "coordinates": [
          [
            [
              -86.0225752,
              41.037281
            ],
            [
              -86.0225745,
              41.0371929
            ],
            [
              -86.0224753,
              41.0371933
            ],
            [
              -86.0224759,
              41.0372814
            ],
            [
              -86.0225752,
              41.037281
            ]
          ]
        ]
      },
      "id": "way/711852559"
    },
    {
      "type": "Feature",
      "properties": {
        "@id": "way/711852560",
        "leisure": "pitch",
        "sport": "basketball"
      },
      "geometry": {
        "type": "Polygon",
        "coordinates": [
          [
            [
              -86.0230424,
              41.0363803
            ],
            [
              -86.0230431,
              41.0362971
            ],
            [
              -86.0229666,
              41.0362967
            ],
            [
              -86.0229659,
              41.0363799
            ],
            [
              -86.0230424,
              41.0363803
            ]
          ]
        ]
      },
      "id": "way/711852560"
    },
    {
      "type": "Feature",
      "properties": {
        "@id": "way/718445546",
        "leisure": "pitch",
        "sport": "basketball"
      },
      "geometry": {
        "type": "Polygon",
        "coordinates": [
          [
            [
              -84.4592401,
              33.7773716
            ],
            [
              -84.4592369,
              33.7772362
            ],
            [
              -84.4589282,
              33.7772362
            ],
            [
              -84.4589325,
              33.7773724
            ],
            [
              -84.4592401,
              33.7773716
            ]
          ]
        ]
      },
      "id": "way/718445546"
    },
    {
      "type": "Feature",
      "properties": {
        "@id": "way/724582476",
        "leisure": "pitch",
        "sport": "basketball"
      },
      "geometry": {
        "type": "Polygon",
        "coordinates": [
          [
            [
              -84.271563,
              34.1022442
            ],
            [
              -84.2715684,
              34.1021057
            ],
            [
              -84.2713988,
              34.1021019
            ],
            [
              -84.2713973,
              34.1022423
            ],
            [
              -84.271563,
              34.1022442
            ]
          ]
        ]
      },
      "id": "way/724582476"
    },
    {
      "type": "Feature",
      "properties": {
        "@id": "way/740409412",
        "access": "yes",
        "fee": "no",
        "hoops": "2",
        "leisure": "pitch",
        "sport": "basketball"
      },
      "geometry": {
        "type": "Polygon",
        "coordinates": [
          [
            [
              -84.374494,
              33.7196026
            ],
            [
              -84.3742066,
              33.7196968
            ],
            [
              -84.3742702,
              33.719831
            ],
            [
              -84.3745576,
              33.7197368
            ],
            [
              -84.374494,
              33.7196026
            ]
          ]
        ]
      },
      "id": "way/740409412"
    },
    {
      "type": "Feature",
      "properties": {
        "@id": "way/742729358",
        "leisure": "pitch",
        "sport": "basketball"
      },
      "geometry": {
        "type": "Polygon",
        "coordinates": [
          [
            [
              -84.3753919,
              33.7354751
            ],
            [
              -84.3753994,
              33.7353658
            ],
            [
              -84.3752048,
              33.7353561
            ],
            [
              -84.3751965,
              33.7354654
            ],
            [
              -84.3753919,
              33.7354751
            ]
          ]
        ]
      },
      "id": "way/742729358"
    },
    {
      "type": "Feature",
      "properties": {
        "@id": "way/742908936",
        "leisure": "pitch",
        "sport": "basketball"
      },
      "geometry": {
        "type": "Polygon",
        "coordinates": [
          [
            [
              -84.3550901,
              33.715179
            ],
            [
              -84.3551646,
              33.7150793
            ],
            [
              -84.3549515,
              33.714969
            ],
            [
              -84.354877,
              33.7150687
            ],
            [
              -84.3550901,
              33.715179
            ]
          ]
        ]
      },
      "id": "way/742908936"
    },
    {
      "type": "Feature",
      "properties": {
        "@id": "way/744252251",
        "hoops": "1",
        "leisure": "pitch",
        "sport": "basketball",
        "surface": "asphalt"
      },
      "geometry": {
        "type": "Polygon",
        "coordinates": [
          [
            [
              -84.2422005,
              34.0970527
            ],
            [
              -84.242158,
              34.0968916
            ],
            [
              -84.2420297,
              34.0969194
            ],
            [
              -84.2420748,
              34.0970747
            ],
            [
              -84.2422005,
              34.0970527
            ]
          ]
        ]
      },
      "id": "way/744252251"
    },
    {
      "type": "Feature",
      "properties": {
        "@id": "way/746015753",
        "hoops": "2",
        "leisure": "pitch",
        "sport": "basketball"
      },
      "geometry": {
        "type": "Polygon",
        "coordinates": [
          [
            [
              -84.4939646,
              33.7911853
            ],
            [
              -84.494264,
              33.7910889
            ],
            [
              -84.4942173,
              33.7909887
            ],
            [
              -84.4939181,
              33.7910856
            ],
            [
              -84.4939646,
              33.7911853
            ]
          ]
        ]
      },
      "id": "way/746015753"
    },
    {
      "type": "Feature",
      "properties": {
        "@id": "way/758781308",
        "leisure": "pitch",
        "sport": "basketball"
      },
      "geometry": {
        "type": "Polygon",
        "coordinates": [
          [
            [
              -84.9227968,
              41.2835233
            ],
            [
              -84.9226493,
              41.283525
            ],
            [
              -84.9226549,
              41.283795
            ],
            [
              -84.9228025,
              41.2837932
            ],
            [
              -84.9227968,
              41.2835233
            ]
          ]
        ]
      },
      "id": "way/758781308"
    },
    {
      "type": "Feature",
      "properties": {
        "@id": "way/762899475",
        "leisure": "pitch",
        "sport": "basketball"
      },
      "geometry": {
        "type": "Polygon",
        "coordinates": [
          [
            [
              -86.2181213,
              41.0666451
            ],
            [
              -86.2181268,
              41.0664661
            ],
            [
              -86.2180115,
              41.0664641
            ],
            [
              -86.2180061,
              41.0666431
            ],
            [
              -86.2181213,
              41.0666451
            ]
          ]
        ]
      },
      "id": "way/762899475"
    },
    {
      "type": "Feature",
      "properties": {
        "@id": "way/798555560",
        "access": "yes",
        "addr:city": "Gloversville",
        "addr:housenumber": "110",
        "addr:postcode": "12078",
        "addr:state": "NY",
        "addr:street": "East Fulton Street",
        "fee": "no",
        "hoops": "2",
        "leisure": "pitch",
        "lit": "yes",
        "name": "The Cage",
        "nysgissam:nysaddresspointid": "FULT012611",
        "sport": "basketball",
        "surface": "paved"
      },
      "geometry": {
        "type": "Polygon",
        "coordinates": [
          [
            [
              -74.3394762,
              43.0509095
            ],
            [
              -74.3394667,
              43.0507828
            ],
            [
              -74.3391555,
              43.0507953
            ],
            [
              -74.3391651,
              43.050922
            ],
            [
              -74.3394762,
              43.0509095
            ]
          ]
        ]
      },
      "id": "way/798555560"
    },
    {
      "type": "Feature",
      "properties": {
        "@id": "way/799262718",
        "leisure": "pitch",
        "sport": "basketball"
      },
      "geometry": {
        "type": "Polygon",
        "coordinates": [
          [
            [
              -74.326104,
              43.0546654
            ],
            [
              -74.3260692,
              43.0544256
            ],
            [
              -74.3259105,
              43.0544379
            ],
            [
              -74.3259454,
              43.0546777
            ],
            [
              -74.326104,
              43.0546654
            ]
          ]
        ]
      },
      "id": "way/799262718"
    },
    {
      "type": "Feature",
      "properties": {
        "@id": "way/799262722",
        "leisure": "pitch",
        "sport": "basketball"
      },
      "geometry": {
        "type": "Polygon",
        "coordinates": [
          [
            [
              -74.3450914,
              43.0403287
            ],
            [
              -74.3450391,
              43.0400709
            ],
            [
              -74.3448589,
              43.0400904
            ],
            [
              -74.3449111,
              43.0403482
            ],
            [
              -74.3450914,
              43.0403287
            ]
          ]
        ]
      },
      "id": "way/799262722"
    },
    {
      "type": "Feature",
      "properties": {
        "@id": "way/801352552",
        "access": "yes",
        "leisure": "pitch",
        "sport": "basketball"
      },
      "geometry": {
        "type": "Polygon",
        "coordinates": [
          [
            [
              -84.3812291,
              33.7455011
            ],
            [
              -84.3813835,
              33.7455017
            ],
            [
              -84.3813847,
              33.7452809
            ],
            [
              -84.3812303,
              33.7452803
            ],
            [
              -84.3812291,
              33.7455011
            ]
          ]
        ]
      },
      "id": "way/801352552"
    },
    {
      "type": "Feature",
      "properties": {
        "@id": "way/801352553",
        "access": "yes",
        "leisure": "pitch",
        "sport": "basketball"
      },
      "geometry": {
        "type": "Polygon",
        "coordinates": [
          [
            [
              -84.3810628,
              33.7455021
            ],
            [
              -84.3812192,
              33.7455013
            ],
            [
              -84.3812175,
              33.7452782
            ],
            [
              -84.3810611,
              33.7452791
            ],
            [
              -84.3810628,
              33.7455021
            ]
          ]
        ]
      },
      "id": "way/801352553"
    },
    {
      "type": "Feature",
      "properties": {
        "@id": "way/806496403",
        "leisure": "pitch",
        "sport": "basketball"
      },
      "geometry": {
        "type": "Polygon",
        "coordinates": [
          [
            [
              -84.3687612,
              33.8353465
            ],
            [
              -84.3686811,
              33.835347
            ],
            [
              -84.3686819,
              33.835434
            ],
            [
              -84.368762,
              33.8354335
            ],
            [
              -84.3687612,
              33.8353465
            ]
          ]
        ]
      },
      "id": "way/806496403"
    },
    {
      "type": "Feature",
      "properties": {
        "@id": "way/816102314",
        "hoops": "6",
        "leisure": "pitch",
        "sport": "basketball"
      },
      "geometry": {
        "type": "Polygon",
        "coordinates": [
          [
            [
              -83.8902636,
              41.5976639
            ],
            [
              -83.8900779,
              41.5976636
            ],
            [
              -83.8900771,
              41.5978922
            ],
            [
              -83.8902628,
              41.5978925
            ],
            [
              -83.8902636,
              41.5976639
            ]
          ]
        ]
      },
      "id": "way/816102314"
    },
    {
      "type": "Feature",
      "properties": {
        "@id": "way/834295397",
        "hoops": "1",
        "leisure": "pitch",
        "lit": "no",
        "sport": "basketball"
      },
      "geometry": {
        "type": "Polygon",
        "coordinates": [
          [
            [
              -84.3060153,
              33.9941783
            ],
            [
              -84.3059337,
              33.9941398
            ],
            [
              -84.30586,
              33.9942443
            ],
            [
              -84.3059435,
              33.9942817
            ],
            [
              -84.3060153,
              33.9941783
            ]
          ]
        ]
      },
      "id": "way/834295397"
    },
    {
      "type": "Feature",
      "properties": {
        "@id": "way/834846647",
        "leisure": "pitch",
        "sport": "basketball"
      },
      "geometry": {
        "type": "Polygon",
        "coordinates": [
          [
            [
              -74.3636844,
              43.0137931
            ],
            [
              -74.3637193,
              43.0136649
            ],
            [
              -74.3633639,
              43.0136131
            ],
            [
              -74.363329,
              43.0137414
            ],
            [
              -74.3636844,
              43.0137931
            ]
          ]
        ]
      },
      "id": "way/834846647"
    },
    {
      "type": "Feature",
      "properties": {
        "@id": "way/849956366",
        "leisure": "pitch",
        "sport": "basketball"
      },
      "geometry": {
        "type": "Polygon",
        "coordinates": [
          [
            [
              -74.3685275,
              42.9995877
            ],
            [
              -74.3688877,
              42.99958
            ],
            [
              -74.3688826,
              42.9994525
            ],
            [
              -74.3685224,
              42.9994602
            ],
            [
              -74.3685275,
              42.9995877
            ]
          ]
        ]
      },
      "id": "way/849956366"
    },
    {
      "type": "Feature",
      "properties": {
        "@id": "way/854342458",
        "leisure": "pitch",
        "sport": "basketball"
      },
      "geometry": {
        "type": "Polygon",
        "coordinates": [
          [
            [
              -84.3989519,
              33.7402597
            ],
            [
              -84.3989556,
              33.740001
            ],
            [
              -84.3988085,
              33.7399995
            ],
            [
              -84.3988047,
              33.7402582
            ],
            [
              -84.3989519,
              33.7402597
            ]
          ]
        ]
      },
      "id": "way/854342458"
    },
    {
      "type": "Feature",
      "properties": {
        "@id": "way/857643745",
        "leisure": "pitch",
        "sport": "basketball"
      },
      "geometry": {
        "type": "Polygon",
        "coordinates": [
          [
            [
              -84.4119863,
              33.7323498
            ],
            [
              -84.4119845,
              33.7322136
            ],
            [
              -84.4118329,
              33.732215
            ],
            [
              -84.4118347,
              33.7323512
            ],
            [
              -84.4119863,
              33.7323498
            ]
          ]
        ]
      },
      "id": "way/857643745"
    },
    {
      "type": "Feature",
      "properties": {
        "@id": "way/858358767",
        "leisure": "pitch",
        "sport": "basketball"
      },
      "geometry": {
        "type": "Polygon",
        "coordinates": [
          [
            [
              -74.3568827,
              43.0514076
            ],
            [
              -74.3568491,
              43.0512899
            ],
            [
              -74.356507,
              43.0513422
            ],
            [
              -74.3565406,
              43.0514598
            ],
            [
              -74.3568827,
              43.0514076
            ]
          ]
        ]
      },
      "id": "way/858358767"
    },
    {
      "type": "Feature",
      "properties": {
        "@id": "way/860383006",
        "leisure": "pitch",
        "sport": "basketball"
      },
      "geometry": {
        "type": "Polygon",
        "coordinates": [
          [
            [
              -84.420442,
              33.7320971
            ],
            [
              -84.4204758,
              33.7319659
            ],
            [
              -84.4202189,
              33.7319202
            ],
            [
              -84.4201852,
              33.7320513
            ],
            [
              -84.420442,
              33.7320971
            ]
          ]
        ]
      },
      "id": "way/860383006"
    },
    {
      "type": "Feature",
      "properties": {
        "@id": "way/861137383",
        "access": "yes",
        "hoops": "1",
        "leisure": "pitch",
        "sport": "basketball"
      },
      "geometry": {
        "type": "Polygon",
        "coordinates": [
          [
            [
              -84.3743606,
              33.7187385
            ],
            [
              -84.3743226,
              33.7186644
            ],
            [
              -84.3742345,
              33.7186956
            ],
            [
              -84.3742725,
              33.7187697
            ],
            [
              -84.3743606,
              33.7187385
            ]
          ]
        ]
      },
      "id": "way/861137383"
    },
    {
      "type": "Feature",
      "properties": {
        "@id": "way/861137387",
        "access": "yes",
        "fee": "no",
        "hoops": "1",
        "leisure": "pitch",
        "sport": "basketball"
      },
      "geometry": {
        "type": "Polygon",
        "coordinates": [
          [
            [
              -84.3746165,
              33.7196529
            ],
            [
              -84.3747146,
              33.7196243
            ],
            [
              -84.3746832,
              33.7195495
            ],
            [
              -84.3745851,
              33.7195781
            ],
            [
              -84.3746165,
              33.7196529
            ]
          ]
        ]
      },
      "id": "way/861137387"
    },
    {
      "type": "Feature",
      "properties": {
        "@id": "way/863224721",
        "access": "private",
        "hoops": "1",
        "leisure": "pitch",
        "sport": "basketball"
      },
      "geometry": {
        "type": "Polygon",
        "coordinates": [
          [
            [
              -84.1686302,
              33.7772919
            ],
            [
              -84.1686971,
              33.7772975
            ],
            [
              -84.1687051,
              33.7772312
            ],
            [
              -84.1686382,
              33.7772256
            ],
            [
              -84.1686302,
              33.7772919
            ]
          ]
        ]
      },
      "id": "way/863224721"
    },
    {
      "type": "Feature",
      "properties": {
        "@id": "way/863224779",
        "hoops": "2",
        "leisure": "pitch",
        "sport": "basketball"
      },
      "geometry": {
        "type": "Polygon",
        "coordinates": [
          [
            [
              -84.1666581,
              33.7838134
            ],
            [
              -84.1668226,
              33.7837719
            ],
            [
              -84.1667274,
              33.7835111
            ],
            [
              -84.1665629,
              33.7835525
            ],
            [
              -84.1666581,
              33.7838134
            ]
          ]
        ]
      },
      "id": "way/863224779"
    },
    {
      "type": "Feature",
      "properties": {
        "@id": "way/863224780",
        "hoops": "2",
        "leisure": "pitch",
        "sport": "basketball"
      },
      "geometry": {
        "type": "Polygon",
        "coordinates": [
          [
            [
              -84.1664086,
              33.7836651
            ],
            [
              -84.1664998,
              33.7839304
            ],
            [
              -84.1666607,
              33.7838922
            ],
            [
              -84.1665695,
              33.7836269
            ],
            [
              -84.1664086,
              33.7836651
            ]
          ]
        ]
      },
      "id": "way/863224780"
    },
    {
      "type": "Feature",
      "properties": {
        "@id": "way/875245600",
        "access": "yes",
        "hoops": "2",
        "leisure": "pitch",
        "lit": "yes",
        "sport": "basketball",
        "surface": "plastic"
      },
      "geometry": {
        "type": "Polygon",
        "coordinates": [
          [
            [
              -84.3759158,
              33.7693682
            ],
            [
              -84.3756514,
              33.7693549
            ],
            [
              -84.3756414,
              33.7694924
            ],
            [
              -84.3759058,
              33.7695056
            ],
            [
              -84.3759158,
              33.7693682
            ]
          ]
        ]
      },
      "id": "way/875245600"
    },
    {
      "type": "Feature",
      "properties": {
        "@id": "way/885337941",
        "leisure": "pitch",
        "sport": "basketball"
      },
      "geometry": {
        "type": "Polygon",
        "coordinates": [
          [
            [
              -74.3598726,
              43.0576856
            ],
            [
              -74.3600137,
              43.0575328
            ],
            [
              -74.359851,
              43.0574526
            ],
            [
              -74.359832,
              43.0574432
            ],
            [
              -74.3596909,
              43.057596
            ],
            [
              -74.3598726,
              43.0576856
            ]
          ]
        ]
      },
      "id": "way/885337941"
    },
    {
      "type": "Feature",
      "properties": {
        "@id": "way/885337943",
        "leisure": "pitch",
        "sport": "basketball"
      },
      "geometry": {
        "type": "Polygon",
        "coordinates": [
          [
            [
              -74.3480348,
              43.0682644
            ],
            [
              -74.3481654,
              43.0682411
            ],
            [
              -74.3481452,
              43.0681807
            ],
            [
              -74.3481288,
              43.0681319
            ],
            [
              -74.3479982,
              43.0681552
            ],
            [
              -74.34801,
              43.0681904
            ],
            [
              -74.3480348,
              43.0682644
            ]
          ]
        ]
      },
      "id": "way/885337943"
    },
    {
      "type": "Feature",
      "properties": {
        "@id": "way/887393725",
        "access": "yes",
        "hoops": "2",
        "leisure": "pitch",
        "lit": "yes",
        "sport": "basketball"
      },
      "geometry": {
        "type": "Polygon",
        "coordinates": [
          [
            [
              -84.3894292,
              33.7263319
            ],
            [
              -84.3894255,
              33.7262003
            ],
            [
              -84.3891334,
              33.726206
            ],
            [
              -84.3891371,
              33.7263376
            ],
            [
              -84.3894292,
              33.7263319
            ]
          ]
        ]
      },
      "id": "way/887393725"
    },
    {
      "type": "Feature",
      "properties": {
        "@id": "way/887393726",
        "access": "yes",
        "hoops": "2",
        "leisure": "pitch",
        "lit": "yes",
        "sport": "basketball"
      },
      "geometry": {
        "type": "Polygon",
        "coordinates": [
          [
            [
              -84.3894255,
              33.7262003
            ],
            [
              -84.3894214,
              33.7260684
            ],
            [
              -84.3891293,
              33.7260741
            ],
            [
              -84.3891334,
              33.726206
            ],
            [
              -84.3894255,
              33.7262003
            ]
          ]
        ]
      },
      "id": "way/887393726"
    },
    {
      "type": "Feature",
      "properties": {
        "@id": "way/892428897",
        "leisure": "pitch",
        "sport": "basketball"
      },
      "geometry": {
        "type": "Polygon",
        "coordinates": [
          [
            [
              -74.1773327,
              43.2248728
            ],
            [
              -74.1777034,
              43.2248437
            ],
            [
              -74.1776804,
              43.224689
            ],
            [
              -74.1773098,
              43.2247182
            ],
            [
              -74.1773327,
              43.2248728
            ]
          ]
        ]
      },
      "id": "way/892428897"
    },
    {
      "type": "Feature",
      "properties": {
        "@id": "way/892872255",
        "leisure": "pitch",
        "sport": "basketball"
      },
      "geometry": {
        "type": "Polygon",
        "coordinates": [
          [
            [
              -74.3632724,
              43.0038394
            ],
            [
              -74.3632428,
              43.0036845
            ],
            [
              -74.3629182,
              43.0037177
            ],
            [
              -74.3629479,
              43.0038726
            ],
            [
              -74.3632724,
              43.0038394
            ]
          ]
        ]
      },
      "id": "way/892872255"
    },
    {
      "type": "Feature",
      "properties": {
        "@id": "way/893188650",
        "hoops": "2",
        "leisure": "pitch",
        "sport": "basketball"
      },
      "geometry": {
        "type": "Polygon",
        "coordinates": [
          [
            [
              -88.6888981,
              42.1020138
            ],
            [
              -88.6886882,
              42.1020124
            ],
            [
              -88.6886849,
              42.102288
            ],
            [
              -88.6888947,
              42.1022894
            ],
            [
              -88.6888981,
              42.1020138
            ]
          ]
        ]
      },
      "id": "way/893188650"
    },
    {
      "type": "Feature",
      "properties": {
        "@id": "way/893898937",
        "leisure": "pitch",
        "sport": "basketball"
      },
      "geometry": {
        "type": "Polygon",
        "coordinates": [
          [
            [
              -88.87207,
              36.5083907
            ],
            [
              -88.8721085,
              36.508286
            ],
            [
              -88.871851,
              36.5082154
            ],
            [
              -88.8717955,
              36.508328
            ],
            [
              -88.87207,
              36.5083907
            ]
          ]
        ]
      },
      "id": "way/893898937"
    },
    {
      "type": "Feature",
      "properties": {
        "@id": "way/893898938",
        "leisure": "pitch",
        "sport": "basketball"
      },
      "geometry": {
        "type": "Polygon",
        "coordinates": [
          [
            [
              -88.8719742,
              36.5086156
            ],
            [
              -88.872022,
              36.5084984
            ],
            [
              -88.871746,
              36.5084152
            ],
            [
              -88.8716925,
              36.5085261
            ],
            [
              -88.8719742,
              36.5086156
            ]
          ]
        ]
      },
      "id": "way/893898938"
    },
    {
      "type": "Feature",
      "properties": {
        "@id": "way/899617895",
        "leisure": "pitch",
        "sport": "basketball"
      },
      "geometry": {
        "type": "Polygon",
        "coordinates": [
          [
            [
              -74.3455365,
              43.0609646
            ],
            [
              -74.3455089,
              43.0607326
            ],
            [
              -74.3453651,
              43.0607417
            ],
            [
              -74.3453929,
              43.0609738
            ],
            [
              -74.3455365,
              43.0609646
            ]
          ]
        ]
      },
      "id": "way/899617895"
    },
    {
      "type": "Feature",
      "properties": {
        "@id": "way/901835303",
        "leisure": "pitch",
        "sport": "basketball"
      },
      "geometry": {
        "type": "Polygon",
        "coordinates": [
          [
            [
              -74.3473233,
              43.0204504
            ],
            [
              -74.3471358,
              43.020462
            ],
            [
              -74.3471547,
              43.0206249
            ],
            [
              -74.3473423,
              43.0206133
            ],
            [
              -74.3473233,
              43.0204504
            ]
          ]
        ]
      },
      "id": "way/901835303"
    },
    {
      "type": "Feature",
      "properties": {
        "@id": "way/902105288",
        "access": "private",
        "hoops": "2",
        "leisure": "pitch",
        "lit": "no",
        "sport": "basketball",
        "surface": "concrete"
      },
      "geometry": {
        "type": "Polygon",
        "coordinates": [
          [
            [
              -84.3653858,
              33.8947969
            ],
            [
              -84.3653848,
              33.8947111
            ],
            [
              -84.3652231,
              33.8947124
            ],
            [
              -84.3652241,
              33.8947982
            ],
            [
              -84.3653858,
              33.8947969
            ]
          ]
        ]
      },
      "id": "way/902105288"
    },
    {
      "type": "Feature",
      "properties": {
        "@id": "way/903611778",
        "leisure": "pitch",
        "sport": "basketball"
      },
      "geometry": {
        "type": "Polygon",
        "coordinates": [
          [
            [
              -74.3843013,
              43.0560873
            ],
            [
              -74.3842301,
              43.056195
            ],
            [
              -74.3845238,
              43.0562987
            ],
            [
              -74.3845951,
              43.056191
            ],
            [
              -74.3843013,
              43.0560873
            ]
          ]
        ]
      },
      "id": "way/903611778"
    },
    {
      "type": "Feature",
      "properties": {
        "@id": "way/907120180",
        "access": "private",
        "hoops": "1",
        "leisure": "pitch",
        "sport": "basketball"
      },
      "geometry": {
        "type": "Polygon",
        "coordinates": [
          [
            [
              -84.4297266,
              33.9240337
            ],
            [
              -84.4297583,
              33.9239385
            ],
            [
              -84.4296283,
              33.9239102
            ],
            [
              -84.429601,
              33.9240106
            ],
            [
              -84.4297266,
              33.9240337
            ]
          ]
        ]
      },
      "id": "way/907120180"
    },
    {
      "type": "Feature",
      "properties": {
        "@id": "way/909415185",
        "hoops": "1",
        "leisure": "pitch",
        "sport": "basketball",
        "surface": "paved"
      },
      "geometry": {
        "type": "Polygon",
        "coordinates": [
          [
            [
              -84.3302847,
              41.6667715
            ],
            [
              -84.3301361,
              41.6667782
            ],
            [
              -84.3301447,
              41.6668854
            ],
            [
              -84.3302934,
              41.6668787
            ],
            [
              -84.3302847,
              41.6667715
            ]
          ]
        ]
      },
      "id": "way/909415185"
    },
    {
      "type": "Feature",
      "properties": {
        "@id": "way/909417213",
        "hoops": "6",
        "leisure": "pitch",
        "sport": "basketball"
      },
      "geometry": {
        "type": "Polygon",
        "coordinates": [
          [
            [
              -84.3239965,
              41.6774531
            ],
            [
              -84.3237054,
              41.6774564
            ],
            [
              -84.3237079,
              41.6775759
            ],
            [
              -84.323999,
              41.6775726
            ],
            [
              -84.3239965,
              41.6774531
            ]
          ]
        ]
      },
      "id": "way/909417213"
    },
    {
      "type": "Feature",
      "properties": {
        "@id": "way/909417215",
        "hoops": "2",
        "leisure": "pitch",
        "sport": "basketball"
      },
      "geometry": {
        "type": "Polygon",
        "coordinates": [
          [
            [
              -84.3236264,
              41.6777772
            ],
            [
              -84.3236222,
              41.6776724
            ],
            [
              -84.3234189,
              41.677677
            ],
            [
              -84.3234231,
              41.6777817
            ],
            [
              -84.3236264,
              41.6777772
            ]
          ]
        ]
      },
      "id": "way/909417215"
    },
    {
      "type": "Feature",
      "properties": {
        "@id": "way/912434618",
        "leisure": "pitch",
        "sport": "basketball"
      },
      "geometry": {
        "type": "Polygon",
        "coordinates": [
          [
            [
              -74.1929143,
              43.0189717
            ],
            [
              -74.1928355,
              43.0188228
            ],
            [
              -74.1924749,
              43.0189248
            ],
            [
              -74.1925538,
              43.0190738
            ],
            [
              -74.1929143,
              43.0189717
            ]
          ]
        ]
      },
      "id": "way/912434618"
    },
    {
      "type": "Feature",
      "properties": {
        "@id": "way/912442280",
        "hoops": "2",
        "leisure": "pitch",
        "sport": "basketball",
        "surface": "asphalt"
      },
      "geometry": {
        "type": "Polygon",
        "coordinates": [
          [
            [
              -83.9949348,
              41.581032
            ],
            [
              -83.9947824,
              41.5809698
            ],
            [
              -83.9946292,
              41.5811799
            ],
            [
              -83.9947815,
              41.5812421
            ],
            [
              -83.9949348,
              41.581032
            ]
          ]
        ]
      },
      "id": "way/912442280"
    },
    {
      "type": "Feature",
      "properties": {
        "@id": "way/913680090",
        "hoops": "1",
        "leisure": "pitch",
        "sport": "basketball"
      },
      "geometry": {
        "type": "Polygon",
        "coordinates": [
          [
            [
              -84.3123411,
              33.994063
            ],
            [
              -84.3124464,
              33.9939923
            ],
            [
              -84.3123156,
              33.9938585
            ],
            [
              -84.3122103,
              33.9939292
            ],
            [
              -84.3123411,
              33.994063
            ]
          ]
        ]
      },
      "id": "way/913680090"
    },
    {
      "type": "Feature",
      "properties": {
        "@id": "way/913680091",
        "hoops": "1",
        "leisure": "pitch",
        "sport": "basketball"
      },
      "geometry": {
        "type": "Polygon",
        "coordinates": [
          [
            [
              -84.3123141,
              33.9940849
            ],
            [
              -84.3121725,
              33.9939544
            ],
            [
              -84.3120593,
              33.9940389
            ],
            [
              -84.3122009,
              33.9941694
            ],
            [
              -84.3123141,
              33.9940849
            ]
          ]
        ]
      },
      "id": "way/913680091"
    },
    {
      "type": "Feature",
      "properties": {
        "@id": "way/914484067",
        "hoops": "2",
        "leisure": "pitch",
        "sport": "basketball",
        "surface": "asphalt"
      },
      "geometry": {
        "type": "Polygon",
        "coordinates": [
          [
            [
              -84.2813594,
              41.542502
            ],
            [
              -84.2811848,
              41.5425021
            ],
            [
              -84.281185,
              41.5427454
            ],
            [
              -84.2813596,
              41.5427453
            ],
            [
              -84.2813594,
              41.542502
            ]
          ]
        ]
      },
      "id": "way/914484067"
    },
    {
      "type": "Feature",
      "properties": {
        "@id": "way/914558757",
        "leisure": "pitch",
        "sport": "basketball"
      },
      "geometry": {
        "type": "Polygon",
        "coordinates": [
          [
            [
              -84.2954948,
              33.8606976
            ],
            [
              -84.2954331,
              33.8603724
            ],
            [
              -84.2952319,
              33.8603969
            ],
            [
              -84.295295,
              33.8607232
            ],
            [
              -84.2954948,
              33.8606976
            ]
          ]
        ]
      },
      "id": "way/914558757"
    },
    {
      "type": "Feature",
      "properties": {
        "@id": "way/918359377",
        "hoops": "2",
        "leisure": "pitch",
        "sport": "basketball",
        "surface": "asphalt"
      },
      "geometry": {
        "type": "Polygon",
        "coordinates": [
          [
            [
              -84.1356836,
              41.5569438
            ],
            [
              -84.1354819,
              41.556949
            ],
            [
              -84.1354865,
              41.5570516
            ],
            [
              -84.1356883,
              41.5570464
            ],
            [
              -84.1356836,
              41.5569438
            ]
          ]
        ]
      },
      "id": "way/918359377"
    },
    {
      "type": "Feature",
      "properties": {
        "@id": "way/919778544",
        "hoops": "2",
        "leisure": "pitch",
        "sport": "basketball",
        "surface": "asphalt"
      },
      "geometry": {
        "type": "Polygon",
        "coordinates": [
          [
            [
              -84.3044239,
              41.5189264
            ],
            [
              -84.3044311,
              41.5187427
            ],
            [
              -84.3043184,
              41.5187402
            ],
            [
              -84.3043112,
              41.5189239
            ],
            [
              -84.3044239,
              41.5189264
            ]
          ]
        ]
      },
      "id": "way/919778544"
    },
    {
      "type": "Feature",
      "properties": {
        "@id": "way/926140234",
        "hoops": "1",
        "leisure": "pitch",
        "sport": "basketball"
      },
      "geometry": {
        "type": "Polygon",
        "coordinates": [
          [
            [
              -84.1518862,
              41.5912003
            ],
            [
              -84.1517089,
              41.5912069
            ],
            [
              -84.1517175,
              41.5913349
            ],
            [
              -84.1518948,
              41.5913282
            ],
            [
              -84.1518862,
              41.5912003
            ]
          ]
        ]
      },
      "id": "way/926140234"
    },
    {
      "type": "Feature",
      "properties": {
        "@id": "way/929475458",
        "hoops": "4",
        "leisure": "pitch",
        "sport": "basketball",
        "surface": "asphalt"
      },
      "geometry": {
        "type": "Polygon",
        "coordinates": [
          [
            [
              -84.2265416,
              41.5294361
            ],
            [
              -84.2263895,
              41.529437
            ],
            [
              -84.2263919,
              41.5296684
            ],
            [
              -84.2265439,
              41.5296675
            ],
            [
              -84.2265416,
              41.5294361
            ]
          ]
        ]
      },
      "id": "way/929475458"
    },
    {
      "type": "Feature",
      "properties": {
        "@id": "way/969892128",
        "leisure": "pitch",
        "sport": "basketball"
      },
      "geometry": {
        "type": "Polygon",
        "coordinates": [
          [
            [
              -84.4326931,
              33.7087714
            ],
            [
              -84.4328799,
              33.7087814
            ],
            [
              -84.4329009,
              33.708509
            ],
            [
              -84.4327141,
              33.7084991
            ],
            [
              -84.4326931,
              33.7087714
            ]
          ]
        ]
      },
      "id": "way/969892128"
    },
    {
      "type": "Feature",
      "properties": {
        "@id": "way/970237361",
        "hoops": "2",
        "leisure": "pitch",
        "sport": "basketball"
      },
      "geometry": {
        "type": "Polygon",
        "coordinates": [
          [
            [
              -84.3081473,
              33.9267989
            ],
            [
              -84.3081473,
              33.9265669
            ],
            [
              -84.3079803,
              33.9265669
            ],
            [
              -84.3079803,
              33.9267989
            ],
            [
              -84.3081473,
              33.9267989
            ]
          ]
        ]
      },
      "id": "way/970237361"
    },
    {
      "type": "Feature",
      "properties": {
        "@id": "way/970237362",
        "hoops": "1",
        "leisure": "pitch",
        "sport": "basketball"
      },
      "geometry": {
        "type": "Polygon",
        "coordinates": [
          [
            [
              -84.3083708,
              33.926627
            ],
            [
              -84.308371,
              33.9264974
            ],
            [
              -84.3082044,
              33.9264973
            ],
            [
              -84.3082042,
              33.9266269
            ],
            [
              -84.3083708,
              33.926627
            ]
          ]
        ]
      },
      "id": "way/970237362"
    },
    {
      "type": "Feature",
      "properties": {
        "@id": "way/970237363",
        "hoops": "1",
        "leisure": "pitch",
        "sport": "basketball"
      },
      "geometry": {
        "type": "Polygon",
        "coordinates": [
          [
            [
              -84.3083716,
              33.9267986
            ],
            [
              -84.3083716,
              33.9266681
            ],
            [
              -84.3082049,
              33.9266681
            ],
            [
              -84.3082049,
              33.9267986
            ],
            [
              -84.3083716,
              33.9267986
            ]
          ]
        ]
      },
      "id": "way/970237363"
    },
    {
      "type": "Feature",
      "properties": {
        "@id": "way/971399915",
        "leisure": "pitch",
        "sport": "basketball"
      },
      "geometry": {
        "type": "Polygon",
        "coordinates": [
          [
            [
              -84.400257,
              33.7412088
            ],
            [
              -84.4002708,
              33.7409884
            ],
            [
              -84.4000798,
              33.7409802
            ],
            [
              -84.4000661,
              33.7412006
            ],
            [
              -84.400257,
              33.7412088
            ]
          ]
        ]
      },
      "id": "way/971399915"
    },
    {
      "type": "Feature",
      "properties": {
        "@id": "way/971402581",
        "leisure": "pitch",
        "sport": "basketball"
      },
      "geometry": {
        "type": "Polygon",
        "coordinates": [
          [
            [
              -84.4067133,
              33.7484524
            ],
            [
              -84.4067123,
              33.7482464
            ],
            [
              -84.4065569,
              33.7482469
            ],
            [
              -84.4065579,
              33.7484529
            ],
            [
              -84.4067133,
              33.7484524
            ]
          ]
        ]
      },
      "id": "way/971402581"
    },
    {
      "type": "Feature",
      "properties": {
        "@id": "way/973120487",
        "leisure": "pitch",
        "lit": "no",
        "sport": "basketball",
        "surface": "acrylic"
      },
      "geometry": {
        "type": "Polygon",
        "coordinates": [
          [
            [
              -84.4160426,
              33.8053515
            ],
            [
              -84.4159588,
              33.8055466
            ],
            [
              -84.4160865,
              33.8055844
            ],
            [
              -84.4161702,
              33.8053892
            ],
            [
              -84.4160426,
              33.8053515
            ]
          ]
        ]
      },
      "id": "way/973120487"
    },
    {
      "type": "Feature",
      "properties": {
        "@id": "way/974173898",
        "leisure": "pitch",
        "sport": "basketball"
      },
      "geometry": {
        "type": "Polygon",
        "coordinates": [
          [
            [
              -84.454708,
              33.6563159
            ],
            [
              -84.454815,
              33.6561952
            ],
            [
              -84.4546916,
              33.6561196
            ],
            [
              -84.4545851,
              33.6562406
            ],
            [
              -84.454708,
              33.6563159
            ]
          ]
        ]
      },
      "id": "way/974173898"
    },
    {
      "type": "Feature",
      "properties": {
        "@id": "way/975490079",
        "leisure": "pitch",
        "sport": "basketball"
      },
      "geometry": {
        "type": "Polygon",
        "coordinates": [
          [
            [
              -89.9924464,
              40.6930105
            ],
            [
              -89.9927087,
              40.6930186
            ],
            [
              -89.9927146,
              40.6929104
            ],
            [
              -89.9924523,
              40.6929023
            ],
            [
              -89.9924464,
              40.6930105
            ]
          ]
        ]
      },
      "id": "way/975490079"
    },
    {
      "type": "Feature",
      "properties": {
        "@id": "way/976498887",
        "access": "private",
        "hoops": "2",
        "leisure": "pitch",
        "operator": "The Manor Golf & Country Club",
        "sport": "basketball"
      },
      "geometry": {
        "type": "Polygon",
        "coordinates": [
          [
            [
              -84.2595772,
              34.1684386
            ],
            [
              -84.2595794,
              34.1685488
            ],
            [
              -84.2597776,
              34.1685461
            ],
            [
              -84.2597754,
              34.168436
            ],
            [
              -84.2595772,
              34.1684386
            ]
          ]
        ]
      },
      "id": "way/976498887"
    },
    {
      "type": "Feature",
      "properties": {
        "@id": "way/988388543",
        "leisure": "pitch",
        "sport": "basketball"
      },
      "geometry": {
        "type": "Polygon",
        "coordinates": [
          [
            [
              -84.3643942,
              41.6413242
            ],
            [
              -84.3644139,
              41.6412473
            ],
            [
              -84.3642053,
              41.6412175
            ],
            [
              -84.3641856,
              41.6412944
            ],
            [
              -84.3643942,
              41.6413242
            ]
          ]
        ]
      },
      "id": "way/988388543"
    },
    {
      "type": "Feature",
      "properties": {
        "@id": "way/989224161",
        "access": "private",
        "leisure": "pitch",
        "sport": "basketball"
      },
      "geometry": {
        "type": "Polygon",
        "coordinates": [
          [
            [
              -84.2678817,
              34.1671278
            ],
            [
              -84.2678796,
              34.1669281
            ],
            [
              -84.2677282,
              34.1669292
            ],
            [
              -84.2677303,
              34.1671289
            ],
            [
              -84.2678817,
              34.1671278
            ]
          ]
        ]
      },
      "id": "way/989224161"
    },
    {
      "type": "Feature",
      "properties": {
        "@id": "way/992576442",
        "leisure": "pitch",
        "sport": "basketball"
      },
      "geometry": {
        "type": "Polygon",
        "coordinates": [
          [
            [
              -84.3874448,
              33.7178944
            ],
            [
              -84.38762,
              33.7179
            ],
            [
              -84.3876193,
              33.7176234
            ],
            [
              -84.3874451,
              33.7176163
            ],
            [
              -84.3874448,
              33.7178944
            ]
          ]
        ]
      },
      "id": "way/992576442"
    },
    {
      "type": "Feature",
      "properties": {
        "@id": "way/993285342",
        "leisure": "pitch",
        "sport": "basketball"
      },
      "geometry": {
        "type": "Polygon",
        "coordinates": [
          [
            [
              -84.4138847,
              33.7119257
            ],
            [
              -84.4140985,
              33.7119272
            ],
            [
              -84.4141014,
              33.7116421
            ],
            [
              -84.4138877,
              33.7116406
            ],
            [
              -84.4138847,
              33.7119257
            ]
          ]
        ]
      },
      "id": "way/993285342"
    },
    {
      "type": "Feature",
      "properties": {
        "@id": "way/1000954269",
        "access": "private",
        "hoops": "1",
        "leisure": "pitch",
        "sport": "basketball"
      },
      "geometry": {
        "type": "Polygon",
        "coordinates": [
          [
            [
              -74.3443568,
              43.0574703
            ],
            [
              -74.3443442,
              43.0573952
            ],
            [
              -74.3442466,
              43.057404
            ],
            [
              -74.3442593,
              43.057479
            ],
            [
              -74.3443568,
              43.0574703
            ]
          ]
        ]
      },
      "id": "way/1000954269"
    },
    {
      "type": "Feature",
      "properties": {
        "@id": "way/1013344603",
        "leisure": "pitch",
        "sport": "basketball"
      },
      "geometry": {
        "type": "Polygon",
        "coordinates": [
          [
            [
              -84.1999908,
              34.0712835
            ],
            [
              -84.2000469,
              34.0711267
            ],
            [
              -84.1999155,
              34.0710944
            ],
            [
              -84.1998594,
              34.0712512
            ],
            [
              -84.1999908,
              34.0712835
            ]
          ]
        ]
      },
      "id": "way/1013344603"
    },
    {
      "type": "Feature",
      "properties": {
        "@id": "way/1014462511",
        "leisure": "pitch",
        "sport": "basketball"
      },
      "geometry": {
        "type": "Polygon",
        "coordinates": [
          [
            [
              -90.1572666,
              40.392859
            ],
            [
              -90.1571706,
              40.3928603
            ],
            [
              -90.157174,
              40.3930067
            ],
            [
              -90.15727,
              40.3930054
            ],
            [
              -90.1572666,
              40.392859
            ]
          ]
        ]
      },
      "id": "way/1014462511"
    },
    {
      "type": "Feature",
      "properties": {
        "@id": "way/1019243858",
        "leisure": "pitch",
        "sport": "basketball"
      },
      "geometry": {
        "type": "Polygon",
        "coordinates": [
          [
            [
              -84.1597046,
              34.0510692
            ],
            [
              -84.1597102,
              34.0508553
            ],
            [
              -84.1595903,
              34.0508531
            ],
            [
              -84.1595847,
              34.051067
            ],
            [
              -84.1597046,
              34.0510692
            ]
          ]
        ]
      },
      "id": "way/1019243858"
    },
    {
      "type": "Feature",
      "properties": {
        "@id": "way/1019605435",
        "hoops": "0",
        "leisure": "pitch",
        "sport": "basketball",
        "surface": "asphalt"
      },
      "geometry": {
        "type": "Polygon",
        "coordinates": [
          [
            [
              -88.7782235,
              41.7666721
            ],
            [
              -88.7782177,
              41.766334
            ],
            [
              -88.7779918,
              41.7663361
            ],
            [
              -88.7779975,
              41.7666742
            ],
            [
              -88.7782235,
              41.7666721
            ]
          ]
        ]
      },
      "id": "way/1019605435"
    },
    {
      "type": "Feature",
      "properties": {
        "@id": "way/1021971198",
        "leisure": "pitch",
        "sport": "basketball"
      },
      "geometry": {
        "type": "Polygon",
        "coordinates": [
          [
            [
              -84.301703,
              33.7726581
            ],
            [
              -84.3017004,
              33.7724617
            ],
            [
              -84.3015301,
              33.7724632
            ],
            [
              -84.3015326,
              33.7726596
            ],
            [
              -84.301703,
              33.7726581
            ]
          ]
        ]
      },
      "id": "way/1021971198"
    },
    {
      "type": "Feature",
      "properties": {
        "@id": "way/1027240786",
        "leisure": "pitch",
        "sport": "basketball"
      },
      "geometry": {
        "type": "Polygon",
        "coordinates": [
          [
            [
              -84.4420446,
              33.6612878
            ],
            [
              -84.4417061,
              33.6612842
            ],
            [
              -84.4417025,
              33.6615225
            ],
            [
              -84.442041,
              33.6615261
            ],
            [
              -84.4420446,
              33.6612878
            ]
          ]
        ]
      },
      "id": "way/1027240786"
    },
    {
      "type": "Feature",
      "properties": {
        "@id": "way/1046308110",
        "leisure": "pitch",
        "sport": "basketball"
      },
      "geometry": {
        "type": "Polygon",
        "coordinates": [
          [
            [
              -84.556456,
              33.5884444
            ],
            [
              -84.5565497,
              33.5882262
            ],
            [
              -84.5563945,
              33.5881799
            ],
            [
              -84.5563008,
              33.5883981
            ],
            [
              -84.556456,
              33.5884444
            ]
          ]
        ]
      },
      "id": "way/1046308110"
    },
    {
      "type": "Feature",
      "properties": {
        "@id": "way/1046308112",
        "leisure": "pitch",
        "sport": "basketball"
      },
      "geometry": {
        "type": "Polygon",
        "coordinates": [
          [
            [
              -84.556411,
              33.5885871
            ],
            [
              -84.5564542,
              33.588484
            ],
            [
              -84.5562707,
              33.5884308
            ],
            [
              -84.5562276,
              33.5885339
            ],
            [
              -84.556411,
              33.5885871
            ]
          ]
        ]
      },
      "id": "way/1046308112"
    },
    {
      "type": "Feature",
      "properties": {
        "@id": "way/1057972111",
        "hoops": "1",
        "leisure": "pitch",
        "sport": "basketball"
      },
      "geometry": {
        "type": "Polygon",
        "coordinates": [
          [
            [
              -84.1080191,
              34.0478439
            ],
            [
              -84.1079104,
              34.0477636
            ],
            [
              -84.1078032,
              34.0478632
            ],
            [
              -84.1079119,
              34.0479435
            ],
            [
              -84.1080191,
              34.0478439
            ]
          ]
        ]
      },
      "id": "way/1057972111"
    },
    {
      "type": "Feature",
      "properties": {
        "@id": "way/1062212554",
        "access": "yes",
        "leisure": "pitch",
        "sport": "basketball"
      },
      "geometry": {
        "type": "Polygon",
        "coordinates": [
          [
            [
              -84.3520814,
              33.8301241
            ],
            [
              -84.352267,
              33.8299503
            ],
            [
              -84.3521447,
              33.8298594
            ],
            [
              -84.3519645,
              33.8300314
            ],
            [
              -84.3520814,
              33.8301241
            ]
          ]
        ]
      },
      "id": "way/1062212554"
    },
    {
      "type": "Feature",
      "properties": {
        "@id": "way/1072472443",
        "hoops": "2",
        "leisure": "pitch",
        "sport": "basketball"
      },
      "geometry": {
        "type": "Polygon",
        "coordinates": [
          [
            [
              -84.2044513,
              41.6025638
            ],
            [
              -84.2044522,
              41.6023342
            ],
            [
              -84.2043177,
              41.6023289
            ],
            [
              -84.2043097,
              41.6025645
            ],
            [
              -84.2044513,
              41.6025638
            ]
          ]
        ]
      },
      "id": "way/1072472443"
    },
    {
      "type": "Feature",
      "properties": {
        "@id": "way/1074369691",
        "leisure": "pitch",
        "sport": "basketball"
      },
      "geometry": {
        "type": "Polygon",
        "coordinates": [
          [
            [
              -88.8744258,
              41.7649862
            ],
            [
              -88.8744248,
              41.7648582
            ],
            [
              -88.8744237,
              41.7647183
            ],
            [
              -88.8742733,
              41.764719
            ],
            [
              -88.874249,
              41.7647191
            ],
            [
              -88.8742511,
              41.764987
            ],
            [
              -88.8743734,
              41.7649865
            ],
            [
              -88.8743987,
              41.7649864
            ],
            [
              -88.8744258,
              41.7649862
            ]
          ]
        ]
      },
      "id": "way/1074369691"
    },
    {
      "type": "Feature",
      "properties": {
        "@id": "way/1074583271",
        "leisure": "pitch",
        "sport": "basketball"
      },
      "geometry": {
        "type": "Polygon",
        "coordinates": [
          [
            [
              -84.5241644,
              33.6542604
            ],
            [
              -84.5243163,
              33.6542453
            ],
            [
              -84.5242884,
              33.6540502
            ],
            [
              -84.5241363,
              33.6540653
            ],
            [
              -84.5241644,
              33.6542604
            ]
          ]
        ]
      },
      "id": "way/1074583271"
    },
    {
      "type": "Feature",
      "properties": {
        "@id": "way/1074583272",
        "leisure": "pitch",
        "sport": "basketball"
      },
      "geometry": {
        "type": "Polygon",
        "coordinates": [
          [
            [
              -84.5243282,
              33.6542437
            ],
            [
              -84.5244802,
              33.6542286
            ],
            [
              -84.5244522,
              33.6540335
            ],
            [
              -84.5243002,
              33.6540486
            ],
            [
              -84.5243282,
              33.6542437
            ]
          ]
        ]
      },
      "id": "way/1074583272"
    },
    {
      "type": "Feature",
      "properties": {
        "@id": "way/1083003370",
        "hoops": "2",
        "leisure": "pitch",
        "sport": "basketball"
      },
      "geometry": {
        "type": "Polygon",
        "coordinates": [
          [
            [
              -84.3717483,
              33.8989812
            ],
            [
              -84.3717575,
              33.8987805
            ],
            [
              -84.3716117,
              33.8987759
            ],
            [
              -84.3716026,
              33.8989766
            ],
            [
              -84.3717483,
              33.8989812
            ]
          ]
        ]
      },
      "id": "way/1083003370"
    },
    {
      "type": "Feature",
      "properties": {
        "@id": "way/1090914994",
        "leisure": "pitch",
        "sport": "basketball"
      },
      "geometry": {
        "type": "Polygon",
        "coordinates": [
          [
            [
              -84.4197206,
              33.7389716
            ],
            [
              -84.4197431,
              33.7387323
            ],
            [
              -84.4195816,
              33.7387279
            ],
            [
              -84.4195681,
              33.738966
            ],
            [
              -84.4197206,
              33.7389716
            ]
          ]
        ]
      },
      "id": "way/1090914994"
    },
    {
      "type": "Feature",
      "properties": {
        "@id": "way/1091079838",
        "leisure": "pitch",
        "sport": "basketball"
      },
      "geometry": {
        "type": "Polygon",
        "coordinates": [
          [
            [
              -84.4080888,
              33.7612545
            ],
            [
              -84.4080901,
              33.7610236
            ],
            [
              -84.4079235,
              33.7610203
            ],
            [
              -84.4079274,
              33.7612512
            ],
            [
              -84.4080888,
              33.7612545
            ]
          ]
        ]
      },
      "id": "way/1091079838"
    },
    {
      "type": "Feature",
      "properties": {
        "@id": "way/1091079839",
        "leisure": "pitch",
        "sport": "basketball"
      },
      "geometry": {
        "type": "Polygon",
        "coordinates": [
          [
            [
              -84.4080875,
              33.7609922
            ],
            [
              -84.4080888,
              33.7607613
            ],
            [
              -84.4079221,
              33.760758
            ],
            [
              -84.4079261,
              33.7609889
            ],
            [
              -84.4080875,
              33.7609922
            ]
          ]
        ]
      },
      "id": "way/1091079839"
    },
    {
      "type": "Feature",
      "properties": {
        "@id": "way/1091959045",
        "leisure": "pitch",
        "sport": "basketball"
      },
      "geometry": {
        "type": "Polygon",
        "coordinates": [
          [
            [
              -84.4372482,
              33.7012149
            ],
            [
              -84.4372964,
              33.7010847
            ],
            [
              -84.4371405,
              33.7010447
            ],
            [
              -84.4370923,
              33.701175
            ],
            [
              -84.4372482,
              33.7012149
            ]
          ]
        ]
      },
      "id": "way/1091959045"
    },
    {
      "type": "Feature",
      "properties": {
        "@id": "way/1098866733",
        "leisure": "pitch",
        "sport": "basketball"
      },
      "geometry": {
        "type": "Polygon",
        "coordinates": [
          [
            [
              -84.617859,
              33.6456465
            ],
            [
              -84.6179704,
              33.6455381
            ],
            [
              -84.6177579,
              33.6453866
            ],
            [
              -84.6176465,
              33.6454949
            ],
            [
              -84.617859,
              33.6456465
            ]
          ]
        ]
      },
      "id": "way/1098866733"
    },
    {
      "type": "Feature",
      "properties": {
        "@id": "way/1099355640",
        "hoops": "2",
        "leisure": "pitch",
        "sport": "basketball"
      },
      "geometry": {
        "type": "Polygon",
        "coordinates": [
          [
            [
              -84.5924729,
              33.6840058
            ],
            [
              -84.5924734,
              33.6838673
            ],
            [
              -84.5921972,
              33.6838668
            ],
            [
              -84.5921968,
              33.6840052
            ],
            [
              -84.5924729,
              33.6840058
            ]
          ]
        ]
      },
      "id": "way/1099355640"
    },
    {
      "type": "Feature",
      "properties": {
        "@id": "way/1099355641",
        "hoops": "2",
        "leisure": "pitch",
        "sport": "basketball"
      },
      "geometry": {
        "type": "Polygon",
        "coordinates": [
          [
            [
              -84.5924746,
              33.6838582
            ],
            [
              -84.5924751,
              33.6837198
            ],
            [
              -84.5921989,
              33.6837192
            ],
            [
              -84.5921985,
              33.6838576
            ],
            [
              -84.5924746,
              33.6838582
            ]
          ]
        ]
      },
      "id": "way/1099355641"
    },
    {
      "type": "Feature",
      "properties": {
        "@id": "way/1104197926",
        "leisure": "pitch",
        "sport": "basketball"
      },
      "geometry": {
        "type": "Polygon",
        "coordinates": [
          [
            [
              -84.4505777,
              33.7576121
            ],
            [
              -84.4507503,
              33.7578799
            ],
            [
              -84.4509019,
              33.7578123
            ],
            [
              -84.4507293,
              33.7575446
            ],
            [
              -84.4505777,
              33.7576121
            ]
          ]
        ]
      },
      "id": "way/1104197926"
    },
    {
      "type": "Feature",
      "properties": {
        "@id": "way/1105345180",
        "leisure": "pitch",
        "sport": "basketball"
      },
      "geometry": {
        "type": "Polygon",
        "coordinates": [
          [
            [
              -84.2519523,
              34.0074004
            ],
            [
              -84.2520471,
              34.007165
            ],
            [
              -84.2518892,
              34.0071213
            ],
            [
              -84.2517944,
              34.0073567
            ],
            [
              -84.2519523,
              34.0074004
            ]
          ]
        ]
      },
      "id": "way/1105345180"
    },
    {
      "type": "Feature",
      "properties": {
        "@id": "way/1105412537",
        "hoops": "1",
        "leisure": "pitch",
        "sport": "basketball"
      },
      "geometry": {
        "type": "Polygon",
        "coordinates": [
          [
            [
              -84.3015394,
              41.5394489
            ],
            [
              -84.30154,
              41.5393922
            ],
            [
              -84.30143,
              41.5393927
            ],
            [
              -84.3014307,
              41.5394474
            ],
            [
              -84.3015394,
              41.5394489
            ]
          ]
        ]
      },
      "id": "way/1105412537"
    },
    {
      "type": "Feature",
      "properties": {
        "@id": "way/1118770362",
        "leisure": "pitch",
        "sport": "basketball"
      },
      "geometry": {
        "type": "Polygon",
        "coordinates": [
          [
            [
              -84.3131733,
              33.893196
            ],
            [
              -84.3131783,
              33.8930949
            ],
            [
              -84.3128345,
              33.8930886
            ],
            [
              -84.3128345,
              33.8931886
            ],
            [
              -84.3131733,
              33.893196
            ]
          ]
        ]
      },
      "id": "way/1118770362"
    },
    {
      "type": "Feature",
      "properties": {
        "@id": "way/1161823873",
        "leisure": "pitch",
        "sport": "basketball"
      },
      "geometry": {
        "type": "Polygon",
        "coordinates": [
          [
            [
              -84.7339007,
              33.5252938
            ],
            [
              -84.7337712,
              33.5252864
            ],
            [
              -84.7337603,
              33.5254188
            ],
            [
              -84.7338898,
              33.5254262
            ],
            [
              -84.7339007,
              33.5252938
            ]
          ]
        ]
      },
      "id": "way/1161823873"
    },
    {
      "type": "Feature",
      "properties": {
        "@id": "way/1163851463",
        "hoops": "1",
        "leisure": "pitch",
        "sport": "basketball"
      },
      "geometry": {
        "type": "Polygon",
        "coordinates": [
          [
            [
              -84.356071,
              34.0725131
            ],
            [
              -84.3560695,
              34.0724333
            ],
            [
              -84.3559038,
              34.0724355
            ],
            [
              -84.3559053,
              34.0725153
            ],
            [
              -84.356071,
              34.0725131
            ]
          ]
        ]
      },
      "id": "way/1163851463"
    },
    {
      "type": "Feature",
      "properties": {
        "@id": "way/1180981033",
        "leisure": "pitch",
        "sport": "basketball"
      },
      "geometry": {
        "type": "Polygon",
        "coordinates": [
          [
            [
              -83.8909941,
              41.5850058
            ],
            [
              -83.8909798,
              41.5848472
            ],
            [
              -83.8908106,
              41.5848557
            ],
            [
              -83.8908249,
              41.5850143
            ],
            [
              -83.8909941,
              41.5850058
            ]
          ]
        ]
      },
      "id": "way/1180981033"
    },
    {
      "type": "Feature",
      "properties": {
        "@id": "way/1180981034",
        "leisure": "pitch",
        "sport": "basketball"
      },
      "geometry": {
        "type": "Polygon",
        "coordinates": [
          [
            [
              -83.890802,
              41.5850149
            ],
            [
              -83.8907902,
              41.5848578
            ],
            [
              -83.8906248,
              41.5848647
            ],
            [
              -83.8906365,
              41.5850218
            ],
            [
              -83.890802,
              41.5850149
            ]
          ]
        ]
      },
      "id": "way/1180981034"
    },
    {
      "type": "Feature",
      "properties": {
        "@id": "way/1193244892",
        "leisure": "pitch",
        "sport": "basketball"
      },
      "geometry": {
        "type": "Polygon",
        "coordinates": [
          [
            [
              -84.2959855,
              33.8653506
            ],
            [
              -84.296003,
              33.8650326
            ],
            [
              -84.2958069,
              33.8650252
            ],
            [
              -84.2957894,
              33.8653432
            ],
            [
              -84.2959855,
              33.8653506
            ]
          ]
        ]
      },
      "id": "way/1193244892"
    },
    {
      "type": "Feature",
      "properties": {
        "@id": "way/1193478726",
        "leisure": "pitch",
        "sport": "basketball"
      },
      "geometry": {
        "type": "Polygon",
        "coordinates": [
          [
            [
              -84.3980223,
              33.7361775
            ],
            [
              -84.3980236,
              33.7360647
            ],
            [
              -84.3977707,
              33.7360626
            ],
            [
              -84.3977694,
              33.7361755
            ],
            [
              -84.3980223,
              33.7361775
            ]
          ]
        ]
      },
      "id": "way/1193478726"
    },
    {
      "type": "Feature",
      "properties": {
        "@id": "way/1205688848",
        "leisure": "pitch",
        "sport": "basketball"
      },
      "geometry": {
        "type": "Polygon",
        "coordinates": [
          [
            [
              -84.3390565,
              33.9967153
            ],
            [
              -84.3389465,
              33.9965548
            ],
            [
              -84.338806,
              33.9966209
            ],
            [
              -84.338916,
              33.9967815
            ],
            [
              -84.3390565,
              33.9967153
            ]
          ]
        ]
      },
      "id": "way/1205688848"
    },
    {
      "type": "Feature",
      "properties": {
        "@id": "way/1205688849",
        "leisure": "pitch",
        "sport": "basketball"
      },
      "geometry": {
        "type": "Polygon",
        "coordinates": [
          [
            [
              -84.3391987,
              33.9966483
            ],
            [
              -84.3390888,
              33.9964878
            ],
            [
              -84.3389483,
              33.9965539
            ],
            [
              -84.3390582,
              33.9967144
            ],
            [
              -84.3391987,
              33.9966483
            ]
          ]
        ]
      },
      "id": "way/1205688849"
    },
    {
      "type": "Feature",
      "properties": {
        "@id": "way/1205692233",
        "leisure": "pitch",
        "sport": "basketball"
      },
      "geometry": {
        "type": "Polygon",
        "coordinates": [
          [
            [
              -84.3255591,
              33.8757502
            ],
            [
              -84.3254911,
              33.8755383
            ],
            [
              -84.3253502,
              33.8755695
            ],
            [
              -84.3254183,
              33.8757814
            ],
            [
              -84.3255591,
              33.8757502
            ]
          ]
        ]
      },
      "id": "way/1205692233"
    },
    {
      "type": "Feature",
      "properties": {
        "@id": "way/1206760146",
        "leisure": "pitch",
        "sport": "basketball"
      },
      "geometry": {
        "type": "Polygon",
        "coordinates": [
          [
            [
              -84.2207898,
              34.082667
            ],
            [
              -84.2208048,
              34.0825906
            ],
            [
              -84.2206767,
              34.0825733
            ],
            [
              -84.2206617,
              34.0826498
            ],
            [
              -84.2207898,
              34.082667
            ]
          ]
        ]
      },
      "id": "way/1206760146"
    },
    {
      "type": "Feature",
      "properties": {
        "@id": "way/1209250825",
        "leisure": "pitch",
        "sport": "basketball"
      },
      "geometry": {
        "type": "Polygon",
        "coordinates": [
          [
            [
              -84.4004985,
              33.7822186
            ],
            [
              -84.4005021,
              33.7820592
            ],
            [
              -84.4001381,
              33.7820536
            ],
            [
              -84.4001345,
              33.782213
            ],
            [
              -84.4004985,
              33.7822186
            ]
          ]
        ]
      },
      "id": "way/1209250825"
    },
    {
      "type": "Feature",
      "properties": {
        "@id": "way/1210103448",
        "leisure": "pitch",
        "sport": "basketball"
      },
      "geometry": {
        "type": "Polygon",
        "coordinates": [
          [
            [
              -84.1956536,
              34.0567443
            ],
            [
              -84.1956622,
              34.0565458
            ],
            [
              -84.1955294,
              34.0565362
            ],
            [
              -84.1955246,
              34.0567407
            ],
            [
              -84.1956536,
              34.0567443
            ]
          ]
        ]
      },
      "id": "way/1210103448"
    },
    {
      "type": "Feature",
      "properties": {
        "@id": "way/1211155489",
        "covered": "no",
        "leisure": "pitch",
        "sport": "basketball"
      },
      "geometry": {
        "type": "Polygon",
        "coordinates": [
          [
            [
              -84.4777029,
              33.7875243
            ],
            [
              -84.477705,
              33.7874172
            ],
            [
              -84.4774733,
              33.787414
            ],
            [
              -84.4774712,
              33.7875212
            ],
            [
              -84.4777029,
              33.7875243
            ]
          ]
        ]
      },
      "id": "way/1211155489"
    },
    {
      "type": "Feature",
      "properties": {
        "@id": "way/1211484169",
        "leisure": "pitch",
        "sport": "basketball"
      },
      "geometry": {
        "type": "Polygon",
        "coordinates": [
          [
            [
              -84.3694624,
              33.7099789
            ],
            [
              -84.3695339,
              33.7098491
            ],
            [
              -84.3692577,
              33.7097438
            ],
            [
              -84.3691862,
              33.7098736
            ],
            [
              -84.3694624,
              33.7099789
            ]
          ]
        ]
      },
      "id": "way/1211484169"
    },
    {
      "type": "Feature",
      "properties": {
        "@id": "way/1213891122",
        "hoops": "1",
        "leisure": "pitch",
        "sport": "basketball"
      },
      "geometry": {
        "type": "Polygon",
        "coordinates": [
          [
            [
              -88.7530961,
              41.9662742
            ],
            [
              -88.7530949,
              41.9661573
            ],
            [
              -88.7529081,
              41.9661585
            ],
            [
              -88.7529094,
              41.9662753
            ],
            [
              -88.7530961,
              41.9662742
            ]
          ]
        ]
      },
      "id": "way/1213891122"
    },
    {
      "type": "Feature",
      "properties": {
        "@id": "way/1213891123",
        "hoops": "1",
        "leisure": "pitch",
        "sport": "basketball"
      },
      "geometry": {
        "type": "Polygon",
        "coordinates": [
          [
            [
              -88.753302,
              41.9662752
            ],
            [
              -88.7533007,
              41.9661583
            ],
            [
              -88.753114,
              41.9661595
            ],
            [
              -88.7531153,
              41.9662763
            ],
            [
              -88.753302,
              41.9662752
            ]
          ]
        ]
      },
      "id": "way/1213891123"
    },
    {
      "type": "Feature",
      "properties": {
        "@id": "way/1213891124",
        "hoops": "1",
        "leisure": "pitch",
        "sport": "basketball"
      },
      "geometry": {
        "type": "Polygon",
        "coordinates": [
          [
            [
              -88.7535052,
              41.9662742
            ],
            [
              -88.7535039,
              41.9661573
            ],
            [
              -88.7533172,
              41.9661585
            ],
            [
              -88.7533185,
              41.9662753
            ],
            [
              -88.7535052,
              41.9662742
            ]
          ]
        ]
      },
      "id": "way/1213891124"
    },
    {
      "type": "Feature",
      "properties": {
        "@id": "way/1218992486",
        "leisure": "pitch",
        "sport": "basketball"
      },
      "geometry": {
        "type": "Polygon",
        "coordinates": [
          [
            [
              -84.3644898,
              33.7087856
            ],
            [
              -84.3644679,
              33.7085548
            ],
            [
              -84.3643018,
              33.7085657
            ],
            [
              -84.3643237,
              33.7087965
            ],
            [
              -84.3644898,
              33.7087856
            ]
          ]
        ]
      },
      "id": "way/1218992486"
    },
    {
      "type": "Feature",
      "properties": {
        "@id": "way/1219247220",
        "access": "private",
        "leisure": "pitch",
        "sport": "basketball"
      },
      "geometry": {
        "type": "Polygon",
        "coordinates": [
          [
            [
              -84.220943,
              33.7436452
            ],
            [
              -84.2208837,
              33.7433439
            ],
            [
              -84.2206835,
              33.7433711
            ],
            [
              -84.2207427,
              33.7436724
            ],
            [
              -84.220943,
              33.7436452
            ]
          ]
        ]
      },
      "id": "way/1219247220"
    },
    {
      "type": "Feature",
      "properties": {
        "@id": "way/1219397155",
        "access": "yes",
        "hoops": "2",
        "leisure": "pitch",
        "sport": "basketball"
      },
      "geometry": {
        "type": "Polygon",
        "coordinates": [
          [
            [
              -84.2912143,
              33.7837974
            ],
            [
              -84.2913031,
              33.7836427
            ],
            [
              -84.2910182,
              33.7835297
            ],
            [
              -84.2909294,
              33.7836844
            ],
            [
              -84.2912143,
              33.7837974
            ]
          ]
        ]
      },
      "id": "way/1219397155"
    },
    {
      "type": "Feature",
      "properties": {
        "@id": "way/1254203728",
        "access": "yes",
        "hoops": "2",
        "leisure": "pitch",
        "sport": "basketball"
      },
      "geometry": {
        "type": "Polygon",
        "coordinates": [
          [
            [
              -85.9024347,
              34.5308647
            ],
            [
              -85.9020772,
              34.530863
            ],
            [
              -85.9020748,
              34.5311907
            ],
            [
              -85.9024324,
              34.5311925
            ],
            [
              -85.9024347,
              34.5308647
            ]
          ]
        ]
      },
      "id": "way/1254203728"
    },
    {
      "type": "Feature",
      "properties": {
        "@id": "way/1274420613",
        "leisure": "pitch",
        "sport": "basketball"
      },
      "geometry": {
        "type": "Polygon",
        "coordinates": [
          [
            [
              -85.0530494,
              41.3722979
            ],
            [
              -85.0530751,
              41.3720481
            ],
            [
              -85.0529113,
              41.3720387
            ],
            [
              -85.0528857,
              41.3722885
            ],
            [
              -85.0530494,
              41.3722979
            ]
          ]
        ]
      },
      "id": "way/1274420613"
    },
    {
      "type": "Feature",
      "properties": {
        "@id": "way/1278997686",
        "leisure": "pitch",
        "sport": "basketball"
      },
      "geometry": {
        "type": "Polygon",
        "coordinates": [
          [
            [
              -84.2707192,
              33.7419295
            ],
            [
              -84.2705576,
              33.7418462
            ],
            [
              -84.2703872,
              33.7420747
            ],
            [
              -84.2705489,
              33.742158
            ],
            [
              -84.2707192,
              33.7419295
            ]
          ]
        ]
      },
      "id": "way/1278997686"
    },
    {
      "type": "Feature",
      "properties": {
        "@id": "way/1282300566",
        "hoops": "2",
        "leisure": "pitch",
        "sport": "basketball"
      },
      "geometry": {
        "type": "Polygon",
        "coordinates": [
          [
            [
              -88.6062859,
              41.6571241
            ],
            [
              -88.6061406,
              41.6570606
            ],
            [
              -88.6060004,
              41.6572398
            ],
            [
              -88.6061457,
              41.6573033
            ],
            [
              -88.6062859,
              41.6571241
            ]
          ]
        ]
      },
      "id": "way/1282300566"
    },
    {
      "type": "Feature",
      "properties": {
        "@id": "way/1285073599",
        "hoops": "1",
        "leisure": "pitch",
        "sport": "basketball"
      },
      "geometry": {
        "type": "Polygon",
        "coordinates": [
          [
            [
              -88.7510549,
              41.9213453
            ],
            [
              -88.7510563,
              41.9214539
            ],
            [
              -88.7512488,
              41.9214526
            ],
            [
              -88.7512474,
              41.921344
            ],
            [
              -88.7510549,
              41.9213453
            ]
          ]
        ]
      },
      "id": "way/1285073599"
    },
    {
      "type": "Feature",
      "properties": {
        "@id": "way/1285073600",
        "hoops": "1",
        "leisure": "pitch",
        "sport": "basketball"
      },
      "geometry": {
        "type": "Polygon",
        "coordinates": [
          [
            [
              -88.7512461,
              41.9212432
            ],
            [
              -88.7510536,
              41.9212445
            ],
            [
              -88.7510549,
              41.9213453
            ],
            [
              -88.7512474,
              41.921344
            ],
            [
              -88.7512461,
              41.9212432
            ]
          ]
        ]
      },
      "id": "way/1285073600"
    },
    {
      "type": "Feature",
      "properties": {
        "@id": "way/1285073601",
        "hoops": "1",
        "leisure": "pitch",
        "sport": "basketball"
      },
      "geometry": {
        "type": "Polygon",
        "coordinates": [
          [
            [
              -88.7512448,
              41.9211381
            ],
            [
              -88.7510523,
              41.9211395
            ],
            [
              -88.7510536,
              41.9212445
            ],
            [
              -88.7512461,
              41.9212432
            ],
            [
              -88.7512448,
              41.9211381
            ]
          ]
        ]
      },
      "id": "way/1285073601"
    },
    {
      "type": "Feature",
      "properties": {
        "@id": "way/1285073602",
        "hoops": "1",
        "leisure": "pitch",
        "sport": "basketball"
      },
      "geometry": {
        "type": "Polygon",
        "coordinates": [
          [
            [
              -88.7512436,
              41.9210393
            ],
            [
              -88.7510511,
              41.9210406
            ],
            [
              -88.7510523,
              41.9211395
            ],
            [
              -88.7512448,
              41.9211381
            ],
            [
              -88.7512436,
              41.9210393
            ]
          ]
        ]
      },
      "id": "way/1285073602"
    },
    {
      "type": "Feature",
      "properties": {
        "@id": "way/1297699186",
        "leisure": "pitch",
        "sport": "basketball"
      },
      "geometry": {
        "type": "Polygon",
        "coordinates": [
          [
            [
              -84.1611023,
              34.0378569
            ],
            [
              -84.1611989,
              34.0375492
            ],
            [
              -84.1610082,
              34.0375081
            ],
            [
              -84.1609117,
              34.0378158
            ],
            [
              -84.1611023,
              34.0378569
            ]
          ]
        ]
      },
      "id": "way/1297699186"
    },
    {
      "type": "Feature",
      "properties": {
        "@id": "way/1304730554",
        "leisure": "pitch",
        "sport": "basketball"
      },
      "geometry": {
        "type": "Polygon",
        "coordinates": [
          [
            [
              -84.3753595,
              34.043666
            ],
            [
              -84.375362,
              34.0435259
            ],
            [
              -84.3750844,
              34.0435226
            ],
            [
              -84.3750819,
              34.0436626
            ],
            [
              -84.3753595,
              34.043666
            ]
          ]
        ]
      },
      "id": "way/1304730554"
    },
    {
      "type": "Feature",
      "properties": {
        "@id": "way/1304730555",
        "leisure": "pitch",
        "sport": "basketball"
      },
      "geometry": {
        "type": "Polygon",
        "coordinates": [
          [
            [
              -84.3756726,
              34.0436693
            ],
            [
              -84.375675,
              34.0435293
            ],
            [
              -84.3753974,
              34.0435259
            ],
            [
              -84.375395,
              34.043666
            ],
            [
              -84.3756726,
              34.0436693
            ]
          ]
        ]
      },
      "id": "way/1304730555"
    },
    {
      "type": "Feature",
      "properties": {
        "@id": "way/1311352772",
        "leisure": "pitch",
        "sport": "basketball"
      },
      "geometry": {
        "type": "Polygon",
        "coordinates": [
          [
            [
              -84.245933,
              34.058138
            ],
            [
              -84.2458935,
              34.0580287
            ],
            [
              -84.2457029,
              34.058076
            ],
            [
              -84.2457424,
              34.0581853
            ],
            [
              -84.245933,
              34.058138
            ]
          ]
        ]
      },
      "id": "way/1311352772"
    },
    {
      "type": "Feature",
      "properties": {
        "@id": "way/1311352805",
        "leisure": "pitch",
        "sport": "basketball"
      },
      "geometry": {
        "type": "Polygon",
        "coordinates": [
          [
            [
              -84.2183817,
              34.0413542
            ],
            [
              -84.2184393,
              34.0411898
            ],
            [
              -84.218272,
              34.0411495
            ],
            [
              -84.2182143,
              34.0413139
            ],
            [
              -84.2183817,
              34.0413542
            ]
          ]
        ]
      },
      "id": "way/1311352805"
    },
    {
      "type": "Feature",
      "properties": {
        "@id": "way/1311352837",
        "barrier": "fence",
        "leisure": "pitch",
        "sport": "basketball"
      },
      "geometry": {
        "type": "Polygon",
        "coordinates": [
          [
            [
              -84.1727083,
              34.0643493
            ],
            [
              -84.1728059,
              34.0642127
            ],
            [
              -84.1726328,
              34.0641279
            ],
            [
              -84.1725353,
              34.0642645
            ],
            [
              -84.1726252,
              34.0643086
            ],
            [
              -84.1727083,
              34.0643493
            ]
          ]
        ]
      },
      "id": "way/1311352837"
    },
    {
      "type": "Feature",
      "properties": {
        "@id": "way/1318178229",
        "access": "yes",
        "leisure": "pitch",
        "lit": "yes",
        "sport": "basketball",
        "surface": "concrete"
      },
      "geometry": {
        "type": "Polygon",
        "coordinates": [
          [
            [
              -84.1454851,
              34.0384426
            ],
            [
              -84.1456549,
              34.038378
            ],
            [
              -84.1455353,
              34.0381621
            ],
            [
              -84.1453655,
              34.0382267
            ],
            [
              -84.1454851,
              34.0384426
            ]
          ]
        ]
      },
      "id": "way/1318178229"
    },
    {
      "type": "Feature",
      "properties": {
        "@id": "way/1318178230",
        "access": "yes",
        "leisure": "pitch",
        "lit": "yes",
        "sport": "basketball",
        "surface": "concrete"
      },
      "geometry": {
        "type": "Polygon",
        "coordinates": [
          [
            [
              -84.1452744,
              34.038526
            ],
            [
              -84.1454442,
              34.0384614
            ],
            [
              -84.1453246,
              34.0382455
            ],
            [
              -84.1451548,
              34.0383101
            ],
            [
              -84.1452744,
              34.038526
            ]
          ]
        ]
      },
      "id": "way/1318178230"
    },
    {
      "type": "Feature",
      "properties": {
        "@id": "way/1318758247",
        "hoops": "2",
        "leisure": "pitch",
        "sport": "basketball"
      },
      "geometry": {
        "type": "Polygon",
        "coordinates": [
          [
            [
              -90.394514,
              40.5000935
            ],
            [
              -90.3944361,
              40.5000917
            ],
            [
              -90.3944302,
              40.5002414
            ],
            [
              -90.394508,
              40.5002432
            ],
            [
              -90.394514,
              40.5000935
            ]
          ]
        ]
      },
      "id": "way/1318758247"
    },
    {
      "type": "Feature",
      "properties": {
        "@id": "way/1333197865",
        "hoops": "2",
        "leisure": "pitch",
        "sport": "basketball"
      },
      "geometry": {
        "type": "Polygon",
        "coordinates": [
          [
            [
              -88.6498682,
              41.7700671
            ],
            [
              -88.6498239,
              41.7697486
            ],
            [
              -88.6495929,
              41.7697665
            ],
            [
              -88.6496371,
              41.770085
            ],
            [
              -88.6498682,
              41.7700671
            ]
          ]
        ]
      },
      "id": "way/1333197865"
    },
    {
      "type": "Feature",
      "properties": {
        "@id": "way/1358416585",
        "hoops": "2",
        "leisure": "pitch",
        "sport": "basketball"
      },
      "geometry": {
        "type": "Polygon",
        "coordinates": [
          [
            [
              -88.6479997,
              41.7701994
            ],
            [
              -88.6483031,
              41.770239
            ],
            [
              -88.6483346,
              41.7701044
            ],
            [
              -88.6480312,
              41.7700649
            ],
            [
              -88.6479997,
              41.7701994
            ]
          ]
        ]
      },
      "id": "way/1358416585"
    },
    {
      "type": "Feature",
      "properties": {
        "@id": "way/1359092876",
        "leisure": "pitch",
        "sport": "basketball"
      },
      "geometry": {
        "type": "Polygon",
        "coordinates": [
          [
            [
              -84.3942552,
              33.8567766
            ],
            [
              -84.3941069,
              33.856761
            ],
            [
              -84.3940854,
              33.8569024
            ],
            [
              -84.3942337,
              33.856918
            ],
            [
              -84.3942552,
              33.8567766
            ]
          ]
        ]
      },
      "id": "way/1359092876"
    },
    {
      "type": "Feature",
      "properties": {
        "@id": "way/1359148503",
        "leisure": "pitch",
        "sport": "basketball"
      },
      "geometry": {
        "type": "Polygon",
        "coordinates": [
          [
            [
              -74.1907269,
              43.0539922
            ],
            [
              -74.1904659,
              43.054121
            ],
            [
              -74.1906134,
              43.0542806
            ],
            [
              -74.1908744,
              43.0541517
            ],
            [
              -74.1907269,
              43.0539922
            ]
          ]
        ]
      },
      "id": "way/1359148503"
    },
    {
      "type": "Feature",
      "properties": {
        "@id": "way/1359902102",
        "leisure": "pitch",
        "sport": "basketball"
      },
      "geometry": {
        "type": "Polygon",
        "coordinates": [
          [
            [
              -74.1763268,
              43.2236916
            ],
            [
              -74.1761455,
              43.2237372
            ],
            [
              -74.1762632,
              43.2239853
            ],
            [
              -74.1764445,
              43.2239396
            ],
            [
              -74.1763268,
              43.2236916
            ]
          ]
        ]
      },
      "id": "way/1359902102"
    },
    {
      "type": "Feature",
      "properties": {
        "@id": "way/1359902131",
        "leisure": "pitch",
        "sport": "basketball"
      },
      "geometry": {
        "type": "Polygon",
        "coordinates": [
          [
            [
              -74.2609414,
              43.104434
            ],
            [
              -74.260585,
              43.1044569
            ],
            [
              -74.260606,
              43.1046318
            ],
            [
              -74.2609624,
              43.104609
            ],
            [
              -74.2609414,
              43.104434
            ]
          ]
        ]
      },
      "id": "way/1359902131"
    },
    {
      "type": "Feature",
      "properties": {
        "@id": "way/1367379325",
        "hoops": "2",
        "leisure": "pitch",
        "sport": "basketball"
      },
      "geometry": {
        "type": "Polygon",
        "coordinates": [
          [
            [
              -84.1971255,
              34.0568345
            ],
            [
              -84.1971292,
              34.0567428
            ],
            [
              -84.1968003,
              34.0567337
            ],
            [
              -84.1967966,
              34.0568254
            ],
            [
              -84.1971255,
              34.0568345
            ]
          ]
        ]
      },
      "id": "way/1367379325"
    },
    {
      "type": "Feature",
      "properties": {
        "@id": "way/1374328490",
        "leisure": "pitch",
        "sport": "basketball"
      },
      "geometry": {
        "type": "Polygon",
        "coordinates": [
          [
            [
              -84.4407611,
              33.6790762
            ],
            [
              -84.4407934,
              33.6789558
            ],
            [
              -84.4405084,
              33.6789028
            ],
            [
              -84.4404761,
              33.6790232
            ],
            [
              -84.4407611,
              33.6790762
            ]
          ]
        ]
      },
      "id": "way/1374328490"
    },
    {
      "type": "Feature",
      "properties": {
        "@id": "way/1376775872",
        "hoops": "2",
        "leisure": "pitch",
        "sport": "basketball"
      },
      "geometry": {
        "type": "Polygon",
        "coordinates": [
          [
            [
              -85.8620055,
              34.2585646
            ],
            [
              -85.862172,
              34.2583113
            ],
            [
              -85.8620433,
              34.2582535
            ],
            [
              -85.8618767,
              34.2585068
            ],
            [
              -85.8620055,
              34.2585646
            ]
          ]
        ]
      },
      "id": "way/1376775872"
    },
    {
      "type": "Feature",
      "properties": {
        "@id": "way/1390523639",
        "leisure": "pitch",
        "sport": "basketball"
      },
      "geometry": {
        "type": "Polygon",
        "coordinates": [
          [
            [
              -84.3671009,
              34.094679
            ],
            [
              -84.3670886,
              34.094201
            ],
            [
              -84.366651,
              34.0942087
            ],
            [
              -84.3666632,
              34.0946867
            ],
            [
              -84.3671009,
              34.094679
            ]
          ]
        ]
      },
      "id": "way/1390523639"
    },
    {
      "type": "Feature",
      "properties": {
        "@id": "way/1392508690",
        "leisure": "pitch",
        "sport": "basketball"
      },
      "geometry": {
        "type": "Polygon",
        "coordinates": [
          [
            [
              -84.2263134,
              34.0656406
            ],
            [
              -84.2265581,
              34.0656348
            ],
            [
              -84.2265651,
              34.0655856
            ],
            [
              -84.2266088,
              34.0655798
            ],
            [
              -84.2266088,
              34.0654669
            ],
            [
              -84.226303,
              34.0654712
            ],
            [
              -84.2263134,
              34.0656406
            ]
          ]
        ]
      },
      "id": "way/1392508690"
    },
    {
      "type": "Feature",
      "properties": {
        "@id": "way/1393190239",
        "leisure": "pitch",
        "sport": "basketball"
      },
      "geometry": {
        "type": "Polygon",
        "coordinates": [
          [
            [
              -84.379477,
              34.0487932
            ],
            [
              -84.3796835,
              34.0486245
            ],
            [
              -84.3795703,
              34.0485294
            ],
            [
              -84.3793638,
              34.0486981
            ],
            [
              -84.379477,
              34.0487932
            ]
          ]
        ]
      },
      "id": "way/1393190239"
    },
    {
      "type": "Feature",
      "properties": {
        "@id": "way/1394223825",
        "leisure": "pitch",
        "sport": "basketball"
      },
      "geometry": {
        "type": "Polygon",
        "coordinates": [
          [
            [
              -84.7702016,
              33.5275674
            ],
            [
              -84.7701802,
              33.5273617
            ],
            [
              -84.7699871,
              33.5273509
            ],
            [
              -84.7699806,
              33.5274851
            ],
            [
              -84.7702016,
              33.5275674
            ]
          ]
        ]
      },
      "id": "way/1394223825"
    },
    {
      "type": "Feature",
      "properties": {
        "@id": "way/1394447909",
        "leisure": "pitch",
        "sport": "basketball"
      },
      "geometry": {
        "type": "Polygon",
        "coordinates": [
          [
            [
              -84.3171092,
              33.8242669
            ],
            [
              -84.3172358,
              33.824279
            ],
            [
              -84.3172582,
              33.824119
            ],
            [
              -84.3171316,
              33.8241069
            ],
            [
              -84.3171092,
              33.8242669
            ]
          ]
        ]
      },
      "id": "way/1394447909"
    },
    {
      "type": "Feature",
      "properties": {
        "@id": "way/1394818177",
        "leisure": "pitch",
        "sport": "basketball"
      },
      "geometry": {
        "type": "Polygon",
        "coordinates": [
          [
            [
              -84.5269667,
              33.6315379
            ],
            [
              -84.5269703,
              33.6313702
            ],
            [
              -84.5265631,
              33.6313643
            ],
            [
              -84.5265595,
              33.6315319
            ],
            [
              -84.5269667,
              33.6315379
            ]
          ]
        ]
      },
      "id": "way/1394818177"
    },
    {
      "type": "Feature",
      "properties": {
        "@id": "way/1395378181",
        "access": "permissive",
        "hoops": "2",
        "leisure": "pitch",
        "sport": "basketball"
      },
      "geometry": {
        "type": "Polygon",
        "coordinates": [
          [
            [
              -84.2718727,
              33.7684873
            ],
            [
              -84.271912,
              33.7684554
            ],
            [
              -84.2721062,
              33.768298
            ],
            [
              -84.2719718,
              33.7681853
            ],
            [
              -84.2717344,
              33.7683772
            ],
            [
              -84.2718689,
              33.7684843
            ],
            [
              -84.2718727,
              33.7684873
            ]
          ]
        ]
      },
      "id": "way/1395378181"
    },
    {
      "type": "Feature",
      "properties": {
        "@id": "way/1395889802",
        "leisure": "pitch",
        "sport": "basketball"
      },
      "geometry": {
        "type": "Polygon",
        "coordinates": [
          [
            [
              -84.4348114,
              33.7420433
            ],
            [
              -84.4348627,
              33.7418183
            ],
            [
              -84.4347127,
              33.7417946
            ],
            [
              -84.4346614,
              33.7420196
            ],
            [
              -84.4348114,
              33.7420433
            ]
          ]
        ]
      },
      "id": "way/1395889802"
    },
    {
      "type": "Feature",
      "properties": {
        "@id": "way/1409791751",
        "access": "yes",
        "hoops": "1",
        "leisure": "pitch",
        "sport": "basketball"
      },
      "geometry": {
        "type": "Polygon",
        "coordinates": [
          [
            [
              -84.3106287,
              33.8711891
            ],
            [
              -84.3106098,
              33.8712236
            ],
            [
              -84.3105884,
              33.8712627
            ],
            [
              -84.3107503,
              33.8713239
            ],
            [
              -84.3107734,
              33.8712817
            ],
            [
              -84.3107906,
              33.8712504
            ],
            [
              -84.3106287,
              33.8711891
            ]
          ]
        ]
      },
      "id": "way/1409791751"
    },
    {
      "type": "Feature",
      "properties": {
        "@id": "way/1416180209",
        "leisure": "pitch",
        "sport": "basketball"
      },
      "geometry": {
        "type": "Polygon",
        "coordinates": [
          [
            [
              -84.335119,
              33.6855481
            ],
            [
              -84.3351186,
              33.6854368
            ],
            [
              -84.3348887,
              33.6854375
            ],
            [
              -84.3348892,
              33.6855487
            ],
            [
              -84.335119,
              33.6855481
            ]
          ]
        ]
      },
      "id": "way/1416180209"
    },
    {
      "type": "Feature",
      "properties": {
        "@id": "way/1416835245",
        "leisure": "pitch",
        "sport": "basketball"
      },
      "geometry": {
        "type": "Polygon",
        "coordinates": [
          [
            [
              -84.3359509,
              33.6907752
            ],
            [
              -84.3358305,
              33.69067
            ],
            [
              -84.3358232,
              33.6906639
            ],
            [
              -84.3358151,
              33.6906573
            ],
            [
              -84.3357559,
              33.6906056
            ],
            [
              -84.3357513,
              33.6906092
            ],
            [
              -84.3356391,
              33.6906982
            ],
            [
              -84.3358337,
              33.6908681
            ],
            [
              -84.3359509,
              33.6907752
            ]
          ]
        ]
      },
      "id": "way/1416835245"
    },
    {
      "type": "Feature",
      "properties": {
        "@id": "way/1416835250",
        "leisure": "pitch",
        "sport": "basketball"
      },
      "geometry": {
        "type": "Polygon",
        "coordinates": [
          [
            [
              -84.3352812,
              33.6901943
            ],
            [
              -84.335162,
              33.6900898
            ],
            [
              -84.3351555,
              33.690084
            ],
            [
              -84.3351473,
              33.6900768
            ],
            [
              -84.335084,
              33.6900214
            ],
            [
              -84.3350503,
              33.690048
            ],
            [
              -84.3349652,
              33.6901152
            ],
            [
              -84.3351369,
              33.6902664
            ],
            [
              -84.3351624,
              33.6902881
            ],
            [
              -84.3352443,
              33.6902234
            ],
            [
              -84.3352812,
              33.6901943
            ]
          ]
        ]
      },
      "id": "way/1416835250"
    },
    {
      "type": "Feature",
      "properties": {
        "@id": "way/1416835259",
        "leisure": "pitch",
        "sport": "basketball"
      },
      "geometry": {
        "type": "Polygon",
        "coordinates": [
          [
            [
              -84.3367665,
              33.6903253
            ],
            [
              -84.3364929,
              33.6903238
            ],
            [
              -84.3364918,
              33.690464
            ],
            [
              -84.3367654,
              33.6904654
            ],
            [
              -84.3367665,
              33.6903253
            ]
          ]
        ]
      },
      "id": "way/1416835259"
    },
    {
      "type": "Feature",
      "properties": {
        "@id": "way/1416835261",
        "leisure": "pitch",
        "sport": "basketball"
      },
      "geometry": {
        "type": "Polygon",
        "coordinates": [
          [
            [
              -84.3360889,
              33.690404
            ],
            [
              -84.3360902,
              33.690276
            ],
            [
              -84.335929,
              33.6902749
            ],
            [
              -84.3359277,
              33.6904018
            ],
            [
              -84.3360097,
              33.6904024
            ],
            [
              -84.3360446,
              33.6904037
            ],
            [
              -84.3360889,
              33.690404
            ]
          ]
        ]
      },
      "id": "way/1416835261"
    },
    {
      "type": "Feature",
      "properties": {
        "@id": "way/1416835267",
        "leisure": "pitch",
        "sport": "basketball"
      },
      "geometry": {
        "type": "Polygon",
        "coordinates": [
          [
            [
              -84.3357824,
              33.6901357
            ],
            [
              -84.3357851,
              33.6900007
            ],
            [
              -84.3356307,
              33.6899986
            ],
            [
              -84.3356299,
              33.6900389
            ],
            [
              -84.33563,
              33.6900686
            ],
            [
              -84.3356287,
              33.6901335
            ],
            [
              -84.3357824,
              33.6901357
            ]
          ]
        ]
      },
      "id": "way/1416835267"
    },
    {
      "type": "Feature",
      "properties": {
        "@id": "way/1422420793",
        "leisure": "pitch",
        "sport": "basketball"
      },
      "geometry": {
        "type": "Polygon",
        "coordinates": [
          [
            [
              -84.0983414,
              33.7912125
            ],
            [
              -84.0983786,
              33.791085
            ],
            [
              -84.0982154,
              33.7910522
            ],
            [
              -84.0981782,
              33.7911796
            ],
            [
              -84.0983414,
              33.7912125
            ]
          ]
        ]
      },
      "id": "way/1422420793"
    },
    {
      "type": "Feature",
      "properties": {
        "@id": "way/1426445030",
        "access": "private",
        "hoops": "1",
        "leisure": "pitch",
        "sport": "basketball"
      },
      "geometry": {
        "type": "Polygon",
        "coordinates": [
          [
            [
              -88.6782357,
              41.6383477
            ],
            [
              -88.6782355,
              41.6383069
            ],
            [
              -88.6781495,
              41.6383071
            ],
            [
              -88.6781497,
              41.638348
            ],
            [
              -88.6782357,
              41.6383477
            ]
          ]
        ]
      },
      "id": "way/1426445030"
    },
    {
      "type": "Feature",
      "properties": {
        "@id": "way/1426445054",
        "access": "private",
        "hoops": "1",
        "leisure": "pitch",
        "sport": "basketball"
      },
      "geometry": {
        "type": "Polygon",
        "coordinates": [
          [
            [
              -88.6753373,
              41.6384725
            ],
            [
              -88.6753371,
              41.6384317
            ],
            [
              -88.6752511,
              41.6384319
            ],
            [
              -88.6752513,
              41.6384727
            ],
            [
              -88.6753373,
              41.6384725
            ]
          ]
        ]
      },
      "id": "way/1426445054"
    },
    {
      "type": "Feature",
      "properties": {
        "@id": "way/1426445074",
        "access": "private",
        "hoops": "1",
        "leisure": "pitch",
        "sport": "basketball"
      },
      "geometry": {
        "type": "Polygon",
        "coordinates": [
          [
            [
              -88.6771873,
              41.6385186
            ],
            [
              -88.6771871,
              41.6384778
            ],
            [
              -88.6771011,
              41.638478
            ],
            [
              -88.6771013,
              41.6385189
            ],
            [
              -88.6771873,
              41.6385186
            ]
          ]
        ]
      },
      "id": "way/1426445074"
    },
    {
      "type": "Feature",
      "properties": {
        "@id": "way/1426445078",
        "access": "private",
        "hoops": "1",
        "leisure": "pitch",
        "sport": "basketball"
      },
      "geometry": {
        "type": "Polygon",
        "coordinates": [
          [
            [
              -88.6777178,
              41.6383797
            ],
            [
              -88.6777176,
              41.6383388
            ],
            [
              -88.6776316,
              41.6383391
            ],
            [
              -88.6776318,
              41.6383799
            ],
            [
              -88.6777178,
              41.6383797
            ]
          ]
        ]
      },
      "id": "way/1426445078"
    },
    {
      "type": "Feature",
      "properties": {
        "@id": "way/1426464972",
        "access": "private",
        "hoops": "1",
        "leisure": "pitch",
        "sport": "basketball"
      },
      "geometry": {
        "type": "Polygon",
        "coordinates": [
          [
            [
              -88.6892007,
              41.6352453
            ],
            [
              -88.6892021,
              41.6352168
            ],
            [
              -88.6891615,
              41.6352157
            ],
            [
              -88.68916,
              41.6352441
            ],
            [
              -88.6892007,
              41.6352453
            ]
          ]
        ]
      },
      "id": "way/1426464972"
    },
    {
      "type": "Feature",
      "properties": {
        "@id": "way/1426464973",
        "access": "private",
        "hoops": "1",
        "leisure": "pitch",
        "sport": "basketball"
      },
      "geometry": {
        "type": "Polygon",
        "coordinates": [
          [
            [
              -88.6886065,
              41.6348392
            ],
            [
              -88.6886056,
              41.6348045
            ],
            [
              -88.6885686,
              41.634805
            ],
            [
              -88.6885695,
              41.6348397
            ],
            [
              -88.6886065,
              41.6348392
            ]
          ]
        ]
      },
      "id": "way/1426464973"
    },
    {
      "type": "Feature",
      "properties": {
        "@id": "way/1426464974",
        "access": "private",
        "hoops": "1",
        "leisure": "pitch",
        "sport": "basketball"
      },
      "geometry": {
        "type": "Polygon",
        "coordinates": [
          [
            [
              -88.6882745,
              41.6348387
            ],
            [
              -88.6882736,
              41.634804
            ],
            [
              -88.6882365,
              41.6348046
            ],
            [
              -88.6882375,
              41.6348393
            ],
            [
              -88.6882745,
              41.6348387
            ]
          ]
        ]
      },
      "id": "way/1426464974"
    },
    {
      "type": "Feature",
      "properties": {
        "@id": "way/1426464975",
        "access": "private",
        "hoops": "1",
        "leisure": "pitch",
        "sport": "basketball"
      },
      "geometry": {
        "type": "Polygon",
        "coordinates": [
          [
            [
              -88.6870219,
              41.6348407
            ],
            [
              -88.6870691,
              41.6348396
            ],
            [
              -88.687068,
              41.6348102
            ],
            [
              -88.6870207,
              41.6348112
            ],
            [
              -88.6870219,
              41.6348407
            ]
          ]
        ]
      },
      "id": "way/1426464975"
    },
    {
      "type": "Feature",
      "properties": {
        "@id": "way/1426464976",
        "access": "private",
        "hoops": "2",
        "leisure": "pitch",
        "sport": "basketball"
      },
      "geometry": {
        "type": "Polygon",
        "coordinates": [
          [
            [
              -88.6866069,
              41.6348523
            ],
            [
              -88.6866049,
              41.6348177
            ],
            [
              -88.6864591,
              41.6348225
            ],
            [
              -88.6864611,
              41.6348571
            ],
            [
              -88.6866069,
              41.6348523
            ]
          ]
        ]
      },
      "id": "way/1426464976"
    },
    {
      "type": "Feature",
      "properties": {
        "@id": "way/1426464977",
        "access": "private",
        "hoops": "1",
        "leisure": "pitch",
        "sport": "basketball"
      },
      "geometry": {
        "type": "Polygon",
        "coordinates": [
          [
            [
              -88.686125,
              41.6350234
            ],
            [
              -88.6860654,
              41.6350238
            ],
            [
              -88.6860658,
              41.6350634
            ],
            [
              -88.6861255,
              41.635063
            ],
            [
              -88.686125,
              41.6350234
            ]
          ]
        ]
      },
      "id": "way/1426464977"
    },
    {
      "type": "Feature",
      "properties": {
        "@id": "way/1426464978",
        "access": "private",
        "hoops": "1",
        "leisure": "pitch",
        "sport": "basketball"
      },
      "geometry": {
        "type": "Polygon",
        "coordinates": [
          [
            [
              -88.6863349,
              41.6377065
            ],
            [
              -88.6863467,
              41.6377361
            ],
            [
              -88.6863864,
              41.6377272
            ],
            [
              -88.6863746,
              41.6376976
            ],
            [
              -88.6863349,
              41.6377065
            ]
          ]
        ]
      },
      "id": "way/1426464978"
    },
    {
      "type": "Feature",
      "properties": {
        "@id": "way/1426464979",
        "access": "private",
        "hoops": "1",
        "leisure": "pitch",
        "sport": "basketball"
      },
      "geometry": {
        "type": "Polygon",
        "coordinates": [
          [
            [
              -88.6878523,
              41.6375927
            ],
            [
              -88.687882,
              41.6375924
            ],
            [
              -88.6878814,
              41.6375541
            ],
            [
              -88.6878516,
              41.6375544
            ],
            [
              -88.6878523,
              41.6375927
            ]
          ]
        ]
      },
      "id": "way/1426464979"
    },
    {
      "type": "Feature",
      "properties": {
        "@id": "way/1426464980",
        "access": "private",
        "hoops": "1",
        "leisure": "pitch",
        "sport": "basketball"
      },
      "geometry": {
        "type": "Polygon",
        "coordinates": [
          [
            [
              -88.6873831,
              41.6365512
            ],
            [
              -88.6874119,
              41.6365319
            ],
            [
              -88.6873839,
              41.6365085
            ],
            [
              -88.687355,
              41.6365279
            ],
            [
              -88.6873831,
              41.6365512
            ]
          ]
        ]
      },
      "id": "way/1426464980"
    },
    {
      "type": "Feature",
      "properties": {
        "@id": "way/1426464981",
        "access": "private",
        "hoops": "1",
        "leisure": "pitch",
        "sport": "basketball"
      },
      "geometry": {
        "type": "Polygon",
        "coordinates": [
          [
            [
              -88.6892177,
              41.6361171
            ],
            [
              -88.6892181,
              41.636145
            ],
            [
              -88.6892523,
              41.6361447
            ],
            [
              -88.6892518,
              41.6361168
            ],
            [
              -88.6892177,
              41.6361171
            ]
          ]
        ]
      },
      "id": "way/1426464981"
    },
    {
      "type": "Feature",
      "properties": {
        "@id": "way/1426464982",
        "access": "private",
        "hoops": "1",
        "leisure": "pitch",
        "sport": "basketball"
      },
      "geometry": {
        "type": "Polygon",
        "coordinates": [
          [
            [
              -88.6892529,
              41.6364151
            ],
            [
              -88.6892533,
              41.636443
            ],
            [
              -88.6892875,
              41.6364427
            ],
            [
              -88.689287,
              41.6364148
            ],
            [
              -88.6892529,
              41.6364151
            ]
          ]
        ]
      },
      "id": "way/1426464982"
    },
    {
      "type": "Feature",
      "properties": {
        "@id": "way/1426472260",
        "access": "private",
        "hoops": "1",
        "leisure": "pitch",
        "sport": "basketball"
      },
      "geometry": {
        "type": "Polygon",
        "coordinates": [
          [
            [
              -88.6847208,
              41.6351469
            ],
            [
              -88.684721,
              41.6351262
            ],
            [
              -88.6846982,
              41.6351261
            ],
            [
              -88.684698,
              41.6351468
            ],
            [
              -88.6847208,
              41.6351469
            ]
          ]
        ]
      },
      "id": "way/1426472260"
    },
    {
      "type": "Feature",
      "properties": {
        "@id": "way/1426472261",
        "access": "private",
        "hoops": "1",
        "leisure": "pitch",
        "sport": "basketball"
      },
      "geometry": {
        "type": "Polygon",
        "coordinates": [
          [
            [
              -88.6840105,
              41.6349165
            ],
            [
              -88.6839912,
              41.6349412
            ],
            [
              -88.6840251,
              41.6349561
            ],
            [
              -88.6840445,
              41.6349314
            ],
            [
              -88.6840105,
              41.6349165
            ]
          ]
        ]
      },
      "id": "way/1426472261"
    },
    {
      "type": "Feature",
      "properties": {
        "@id": "way/1426472262",
        "access": "private",
        "hoops": "1",
        "leisure": "pitch",
        "sport": "basketball"
      },
      "geometry": {
        "type": "Polygon",
        "coordinates": [
          [
            [
              -88.6844412,
              41.6357115
            ],
            [
              -88.6844406,
              41.6356758
            ],
            [
              -88.6843969,
              41.6356762
            ],
            [
              -88.6843976,
              41.6357119
            ],
            [
              -88.6844412,
              41.6357115
            ]
          ]
        ]
      },
      "id": "way/1426472262"
    },
    {
      "type": "Feature",
      "properties": {
        "@id": "way/1426472263",
        "access": "private",
        "hoops": "1",
        "leisure": "pitch",
        "sport": "basketball"
      },
      "geometry": {
        "type": "Polygon",
        "coordinates": [
          [
            [
              -88.6832375,
              41.6370761
            ],
            [
              -88.6832372,
              41.6370333
            ],
            [
              -88.6831908,
              41.6370334
            ],
            [
              -88.6831911,
              41.6370763
            ],
            [
              -88.6832375,
              41.6370761
            ]
          ]
        ]
      },
      "id": "way/1426472263"
    },
    {
      "type": "Feature",
      "properties": {
        "@id": "way/1426472264",
        "access": "private",
        "hoops": "1",
        "leisure": "pitch",
        "sport": "basketball"
      },
      "geometry": {
        "type": "Polygon",
        "coordinates": [
          [
            [
              -88.6836855,
              41.6374419
            ],
            [
              -88.6836751,
              41.6374279
            ],
            [
              -88.683656,
              41.6374028
            ],
            [
              -88.6836305,
              41.6373858
            ],
            [
              -88.6836077,
              41.637385
            ],
            [
              -88.6835738,
              41.6373933
            ],
            [
              -88.6835564,
              41.6374111
            ],
            [
              -88.683543,
              41.6374407
            ],
            [
              -88.6836855,
              41.6374419
            ]
          ]
        ]
      },
      "id": "way/1426472264"
    },
    {
      "type": "Feature",
      "properties": {
        "@id": "way/1426473212",
        "access": "private",
        "hoops": "1",
        "leisure": "pitch",
        "sport": "basketball"
      },
      "geometry": {
        "type": "Polygon",
        "coordinates": [
          [
            [
              -88.687724,
              41.6374298
            ],
            [
              -88.6877237,
              41.6374517
            ],
            [
              -88.6877445,
              41.6374519
            ],
            [
              -88.6877448,
              41.63743
            ],
            [
              -88.687724,
              41.6374298
            ]
          ]
        ]
      },
      "id": "way/1426473212"
    },
    {
      "type": "Feature",
      "properties": {
        "@id": "way/1426525925",
        "hoops": "1",
        "leisure": "pitch",
        "sport": "basketball"
      },
      "geometry": {
        "type": "Polygon",
        "coordinates": [
          [
            [
              -88.6883975,
              41.6311673
            ],
            [
              -88.6882776,
              41.6311684
            ],
            [
              -88.6882792,
              41.6312694
            ],
            [
              -88.6883992,
              41.6312683
            ],
            [
              -88.6883975,
              41.6311673
            ]
          ]
        ]
      },
      "id": "way/1426525925"
    },
    {
      "type": "Feature",
      "properties": {
        "@id": "way/1426525926",
        "hoops": "1",
        "leisure": "pitch",
        "sport": "basketball"
      },
      "geometry": {
        "type": "Polygon",
        "coordinates": [
          [
            [
              -88.6885175,
              41.6311662
            ],
            [
              -88.6883975,
              41.6311673
            ],
            [
              -88.6883992,
              41.6312683
            ],
            [
              -88.6885191,
              41.6312672
            ],
            [
              -88.6885175,
              41.6311662
            ]
          ]
        ]
      },
      "id": "way/1426525926"
    },
    {
      "type": "Feature",
      "properties": {
        "@id": "way/1426526077",
        "hoops": "2",
        "leisure": "pitch",
        "sport": "basketball"
      },
      "geometry": {
        "type": "Polygon",
        "coordinates": [
          [
            [
              -88.6919738,
              41.6321595
            ],
            [
              -88.6919704,
              41.6320377
            ],
            [
              -88.6917693,
              41.6320409
            ],
            [
              -88.6917727,
              41.6321627
            ],
            [
              -88.6919738,
              41.6321595
            ]
          ]
        ]
      },
      "id": "way/1426526077"
    },
    {
      "type": "Feature",
      "properties": {
        "@id": "way/1426526078",
        "hoops": "2",
        "leisure": "pitch",
        "sport": "basketball"
      },
      "geometry": {
        "type": "Polygon",
        "coordinates": [
          [
            [
              -88.6919772,
              41.6322813
            ],
            [
              -88.6919738,
              41.6321595
            ],
            [
              -88.6917727,
              41.6321627
            ],
            [
              -88.691776,
              41.6322844
            ],
            [
              -88.6919772,
              41.6322813
            ]
          ]
        ]
      },
      "id": "way/1426526078"
    },
    {
      "type": "Feature",
      "properties": {
        "@id": "way/1426526096",
        "access": "private",
        "hoops": "1",
        "leisure": "pitch",
        "sport": "basketball"
      },
      "geometry": {
        "type": "Polygon",
        "coordinates": [
          [
            [
              -88.6959998,
              41.6310996
            ],
            [
              -88.6959108,
              41.6310998
            ],
            [
              -88.6959109,
              41.6311435
            ],
            [
              -88.6959999,
              41.6311434
            ],
            [
              -88.6959998,
              41.6310996
            ]
          ]
        ]
      },
      "id": "way/1426526096"
    },
    {
      "type": "Feature",
      "properties": {
        "@id": "way/1426722837",
        "leisure": "pitch",
        "sport": "basketball"
      },
      "geometry": {
        "type": "Polygon",
        "coordinates": [
          [
            [
              -84.5599361,
              33.6416901
            ],
            [
              -84.559919,
              33.6415645
            ],
            [
              -84.5597679,
              33.6415787
            ],
            [
              -84.5597849,
              33.6417044
            ],
            [
              -84.5599361,
              33.6416901
            ]
          ]
        ]
      },
      "id": "way/1426722837"
    },
    {
      "type": "Feature",
      "properties": {
        "@id": "way/1426769444",
        "access": "private",
        "hoops": "1",
        "leisure": "pitch",
        "sport": "basketball"
      },
      "geometry": {
        "type": "Polygon",
        "coordinates": [
          [
            [
              -88.6868592,
              41.6326362
            ],
            [
              -88.6868025,
              41.6326367
            ],
            [
              -88.6868032,
              41.6326836
            ],
            [
              -88.6868599,
              41.6326831
            ],
            [
              -88.6868592,
              41.6326362
            ]
          ]
        ]
      },
      "id": "way/1426769444"
    },
    {
      "type": "Feature",
      "properties": {
        "@id": "way/1426769484",
        "access": "private",
        "hoops": "1",
        "leisure": "pitch",
        "sport": "basketball"
      },
      "geometry": {
        "type": "Polygon",
        "coordinates": [
          [
            [
              -88.6841032,
              41.6357326
            ],
            [
              -88.6840472,
              41.6357339
            ],
            [
              -88.6840486,
              41.6357688
            ],
            [
              -88.6841046,
              41.6357674
            ],
            [
              -88.6841032,
              41.6357326
            ]
          ]
        ]
      },
      "id": "way/1426769484"
    },
    {
      "type": "Feature",
      "properties": {
        "@id": "way/1427443509",
        "hoops": "1",
        "leisure": "pitch",
        "sport": "basketball"
      },
      "geometry": {
        "type": "Polygon",
        "coordinates": [
          [
            [
              -88.6836685,
              41.6354291
            ],
            [
              -88.6836696,
              41.6354675
            ],
            [
              -88.6837155,
              41.6354668
            ],
            [
              -88.6837144,
              41.6354284
            ],
            [
              -88.6836685,
              41.6354291
            ]
          ]
        ]
      },
      "id": "way/1427443509"
    },
    {
      "type": "Feature",
      "properties": {
        "@id": "way/1427586059",
        "access": "private",
        "hoops": "1",
        "leisure": "pitch",
        "sport": "basketball"
      },
      "geometry": {
        "type": "Polygon",
        "coordinates": [
          [
            [
              -88.6835088,
              41.6362974
            ],
            [
              -88.6834531,
              41.6362977
            ],
            [
              -88.6834535,
              41.636331
            ],
            [
              -88.6835092,
              41.6363306
            ],
            [
              -88.6835088,
              41.6362974
            ]
          ]
        ]
      },
      "id": "way/1427586059"
    },
    {
      "type": "Feature",
      "properties": {
        "@id": "way/1428119796",
        "access": "private",
        "hoops": "1",
        "layer": "1",
        "leisure": "pitch",
        "location": "roof",
        "sport": "basketball"
      },
      "geometry": {
        "type": "Polygon",
        "coordinates": [
          [
            [
              -84.3891019,
              33.7894534
            ],
            [
              -84.3891027,
              33.7894369
            ],
            [
              -84.3890976,
              33.7894201
            ],
            [
              -84.3890841,
              33.7894038
            ],
            [
              -84.3890677,
              33.789394
            ],
            [
              -84.3890528,
              33.7893895
            ],
            [
              -84.389037,
              33.7893881
            ],
            [
              -84.389025,
              33.7893893
            ],
            [
              -84.389008,
              33.7893943
            ],
            [
              -84.3889915,
              33.7894046
            ],
            [
              -84.3889794,
              33.7894191
            ],
            [
              -84.3889743,
              33.7894339
            ],
            [
              -84.3889745,
              33.7894532
            ],
            [
              -84.3891019,
              33.7894534
            ]
          ]
        ]
      },
      "id": "way/1428119796"
    },
    {
      "type": "Feature",
      "properties": {
        "@id": "way/1429790985",
        "hoops": "1",
        "leisure": "pitch",
        "sport": "basketball"
      },
      "geometry": {
        "type": "Polygon",
        "coordinates": [
          [
            [
              -88.6798031,
              41.6386425
            ],
            [
              -88.6798025,
              41.6386009
            ],
            [
              -88.6797397,
              41.6386014
            ],
            [
              -88.6797402,
              41.638643
            ],
            [
              -88.6798031,
              41.6386425
            ]
          ]
        ]
      },
      "id": "way/1429790985"
    },
    {
      "type": "Feature",
      "properties": {
        "@id": "way/1429805326",
        "access": "private",
        "hoops": "1",
        "leisure": "pitch",
        "sport": "basketball"
      },
      "geometry": {
        "type": "Polygon",
        "coordinates": [
          [
            [
              -88.6852203,
              41.6317225
            ],
            [
              -88.6852221,
              41.6317631
            ],
            [
              -88.6853,
              41.6317612
            ],
            [
              -88.6852983,
              41.6317206
            ],
            [
              -88.6852203,
              41.6317225
            ]
          ]
        ]
      },
      "id": "way/1429805326"
    },
    {
      "type": "Feature",
      "properties": {
        "@id": "way/1431580465",
        "access": "private",
        "hoops": "1",
        "leisure": "pitch",
        "sport": "basketball"
      },
      "geometry": {
        "type": "Polygon",
        "coordinates": [
          [
            [
              -88.6808882,
              41.6370559
            ],
            [
              -88.6808677,
              41.6370792
            ],
            [
              -88.6809056,
              41.6370979
            ],
            [
              -88.6809261,
              41.6370746
            ],
            [
              -88.6808882,
              41.6370559
            ]
          ]
        ]
      },
      "id": "way/1431580465"
    },
    {
      "type": "Feature",
      "properties": {
        "@id": "way/1431583842",
        "access": "private",
        "hoops": "1",
        "leisure": "pitch",
        "sport": "basketball"
      },
      "geometry": {
        "type": "Polygon",
        "coordinates": [
          [
            [
              -88.6794064,
              41.6355941
            ],
            [
              -88.6794073,
              41.6356472
            ],
            [
              -88.6794699,
              41.6356466
            ],
            [
              -88.6794689,
              41.6355935
            ],
            [
              -88.6794064,
              41.6355941
            ]
          ]
        ]
      },
      "id": "way/1431583842"
    },
    {
      "type": "Feature",
      "properties": {
        "@id": "way/1431591064",
        "hoops": "1",
        "leisure": "pitch",
        "sport": "basketball"
      },
      "geometry": {
        "type": "Polygon",
        "coordinates": [
          [
            [
              -88.6733109,
              41.6332785
            ],
            [
              -88.6733049,
              41.6332473
            ],
            [
              -88.6732614,
              41.6332519
            ],
            [
              -88.6732674,
              41.6332832
            ],
            [
              -88.6733109,
              41.6332785
            ]
          ]
        ]
      },
      "id": "way/1431591064"
    },
    {
      "type": "Feature",
      "properties": {
        "@id": "way/1436770550",
        "leisure": "pitch",
        "sport": "basketball"
      },
      "geometry": {
        "type": "Polygon",
        "coordinates": [
          [
            [
              -84.2499869,
              34.0869844
            ],
            [
              -84.2499352,
              34.0868326
            ],
            [
              -84.2495996,
              34.086911
            ],
            [
              -84.2496514,
              34.0870629
            ],
            [
              -84.2499869,
              34.0869844
            ]
          ]
        ]
      },
      "id": "way/1436770550"
    },
    {
      "type": "Feature",
      "properties": {
        "@id": "way/1447171835",
        "leisure": "pitch",
        "sport": "basketball"
      },
      "geometry": {
        "type": "Polygon",
        "coordinates": [
          [
            [
              -84.5991233,
              33.5720047
            ],
            [
              -84.5994021,
              33.5719795
            ],
            [
              -84.5993713,
              33.571743
            ],
            [
              -84.5990925,
              33.5717682
            ],
            [
              -84.5991233,
              33.5720047
            ]
          ]
        ]
      },
      "id": "way/1447171835"
    },
    {
      "type": "Feature",
      "properties": {
        "@id": "way/1448689676",
        "access": "private",
        "hoops": "1",
        "leisure": "pitch",
        "sport": "basketball"
      },
      "geometry": {
        "type": "Polygon",
        "coordinates": [
          [
            [
              -88.6844302,
              41.6323609
            ],
            [
              -88.6843284,
              41.6323617
            ],
            [
              -88.6843296,
              41.6324492
            ],
            [
              -88.6844314,
              41.6324484
            ],
            [
              -88.6844302,
              41.6323609
            ]
          ]
        ]
      },
      "id": "way/1448689676"
    },
    {
      "type": "Feature",
      "properties": {
        "@id": "way/1451238335",
        "leisure": "pitch",
        "sport": "basketball"
      },
      "geometry": {
        "type": "Polygon",
        "coordinates": [
          [
            [
              -84.2998332,
              33.7470348
            ],
            [
              -84.2998389,
              33.7468105
            ],
            [
              -84.2996347,
              33.7468069
            ],
            [
              -84.299629,
              33.7470312
            ],
            [
              -84.2998332,
              33.7470348
            ]
          ]
        ]
      },
      "id": "way/1451238335"
    },
    {
      "type": "Feature",
      "properties": {
        "@id": "way/1451261115",
        "leisure": "pitch",
        "sport": "basketball"
      },
      "geometry": {
        "type": "Polygon",
        "coordinates": [
          [
            [
              -84.41178,
              33.7619952
            ],
            [
              -84.4117808,
              33.7618297
            ],
            [
              -84.4114956,
              33.7618288
            ],
            [
              -84.411478,
              33.7618396
            ],
            [
              -84.4114773,
              33.7619942
            ],
            [
              -84.41178,
              33.7619952
            ]
          ]
        ]
      },
      "id": "way/1451261115"
    },
    {
      "type": "Feature",
      "properties": {
        "@id": "way/1451459453",
        "leisure": "pitch",
        "sport": "basketball"
      },
      "geometry": {
        "type": "Polygon",
        "coordinates": [
          [
            [
              -84.3288356,
              33.7431513
            ],
            [
              -84.3288234,
              33.7429232
            ],
            [
              -84.3286593,
              33.7429293
            ],
            [
              -84.3286715,
              33.7431574
            ],
            [
              -84.3288356,
              33.7431513
            ]
          ]
        ]
      },
      "id": "way/1451459453"
    },
    {
      "type": "Feature",
      "properties": {
        "@id": "way/1451837750",
        "leisure": "pitch",
        "sport": "basketball"
      },
      "geometry": {
        "type": "Polygon",
        "coordinates": [
          [
            [
              -84.3290099,
              33.7430945
            ],
            [
              -84.3289977,
              33.7428664
            ],
            [
              -84.3288336,
              33.7428725
            ],
            [
              -84.3288458,
              33.7431006
            ],
            [
              -84.3290099,
              33.7430945
            ]
          ]
        ]
      },
      "id": "way/1451837750"
    },
    {
      "type": "Feature",
      "properties": {
        "@id": "way/1457004013",
        "leisure": "pitch",
        "sport": "basketball"
      },
      "geometry": {
        "type": "Polygon",
        "coordinates": [
          [
            [
              -84.2065061,
              33.8365599
            ],
            [
              -84.2066593,
              33.8364325
            ],
            [
              -84.2065566,
              33.8363473
            ],
            [
              -84.2064123,
              33.8364673
            ],
            [
              -84.2064034,
              33.8364747
            ],
            [
              -84.2065061,
              33.8365599
            ]
          ]
        ]
      },
      "id": "way/1457004013"
    },
    {
      "type": "Feature",
      "properties": {
        "@id": "way/1466876279",
        "leisure": "pitch",
        "sport": "basketball"
      },
      "geometry": {
        "type": "Polygon",
        "coordinates": [
          [
            [
              -84.3831237,
              33.7363886
            ],
            [
              -84.3831227,
              33.7365868
            ],
            [
              -84.3832294,
              33.7365872
            ],
            [
              -84.3832303,
              33.736389
            ],
            [
              -84.3831237,
              33.7363886
            ]
          ]
        ]
      },
      "id": "way/1466876279"
    },
    {
      "type": "Feature",
      "properties": {
        "@id": "way/1466876281",
        "leisure": "pitch",
        "sport": "basketball"
      },
      "geometry": {
        "type": "Polygon",
        "coordinates": [
          [
            [
              -84.3830188,
              33.7361604
            ],
            [
              -84.3830179,
              33.7363577
            ],
            [
              -84.3831569,
              33.7363581
            ],
            [
              -84.3831577,
              33.7361608
            ],
            [
              -84.3830188,
              33.7361604
            ]
          ]
        ]
      },
      "id": "way/1466876281"
    },
    {
      "type": "Feature",
      "properties": {
        "@id": "way/1479232227",
        "leisure": "pitch",
        "sport": "basketball"
      },
      "geometry": {
        "type": "Polygon",
        "coordinates": [
          [
            [
              -94.3673862,
              39.8908593
            ],
            [
              -94.3673865,
              39.8907318
            ],
            [
              -94.3671301,
              39.8907315
            ],
            [
              -94.3671299,
              39.890859
            ],
            [
              -94.3673862,
              39.8908593
            ]
          ]
        ]
      },
      "id": "way/1479232227"
    },
    {
      "type": "Feature",
      "properties": {
        "@id": "way/1480992346",
        "leisure": "pitch",
        "sport": "basketball"
      },
      "geometry": {
        "type": "Polygon",
        "coordinates": [
          [
            [
              -84.5619854,
              33.7001378
            ],
            [
              -84.5619993,
              33.6998616
            ],
            [
              -84.5617666,
              33.6998571
            ],
            [
              -84.5617543,
              33.7001288
            ],
            [
              -84.5619854,
              33.7001378
            ]
          ]
        ]
      },
      "id": "way/1480992346"
    },
    {
      "type": "Feature",
      "properties": {
        "@id": "way/1482041585",
        "leisure": "pitch",
        "sport": "basketball"
      },
      "geometry": {
        "type": "Polygon",
        "coordinates": [
          [
            [
              -84.4715079,
              33.6344809
            ],
            [
              -84.4712646,
              33.6342851
            ],
            [
              -84.4711198,
              33.6344068
            ],
            [
              -84.4713674,
              33.6346051
            ],
            [
              -84.4715079,
              33.6344809
            ]
          ]
        ]
      },
      "id": "way/1482041585"
    },
    {
      "type": "Feature",
      "properties": {
        "@id": "way/1482041586",
        "leisure": "pitch",
        "sport": "basketball"
      },
      "geometry": {
        "type": "Polygon",
        "coordinates": [
          [
            [
              -84.4715079,
              33.6344809
            ],
            [
              -84.4716385,
              33.6343685
            ],
            [
              -84.4715186,
              33.634272
            ],
            [
              -84.4713952,
              33.6341727
            ],
            [
              -84.4712646,
              33.6342851
            ],
            [
              -84.4715079,
              33.6344809
            ]
          ]
        ]
      },
      "id": "way/1482041586"
    },
    {
      "type": "Feature",
      "properties": {
        "@id": "way/1494121779",
        "leisure": "pitch",
        "sport": "basketball"
      },
      "geometry": {
        "type": "Polygon",
        "coordinates": [
          [
            [
              -88.7008613,
              41.975399
            ],
            [
              -88.7008566,
              41.9751393
            ],
            [
              -88.7004313,
              41.9751436
            ],
            [
              -88.7004361,
              41.9754033
            ],
            [
              -88.7008613,
              41.975399
            ]
          ]
        ]
      },
      "id": "way/1494121779"
    },
    {
      "type": "Feature",
      "properties": {
        "@id": "way/1494154810",
        "leisure": "pitch",
        "sport": "basketball"
      },
      "geometry": {
        "type": "Polygon",
        "coordinates": [
          [
            [
              -88.7121247,
              41.9753994
            ],
            [
              -88.7121262,
              41.9752877
            ],
            [
              -88.7119733,
              41.9752866
            ],
            [
              -88.7119718,
              41.9753998
            ],
            [
              -88.712006,
              41.9754001
            ],
            [
              -88.7120058,
              41.9754181
            ],
            [
              -88.7120895,
              41.9754187
            ],
            [
              -88.7120898,
              41.9753992
            ],
            [
              -88.7121247,
              41.9753994
            ]
          ]
        ]
      },
      "id": "way/1494154810"
    },
    {
      "type": "Feature",
      "properties": {
        "@id": "way/1494378463",
        "access": "yes",
        "hoops": "2",
        "leisure": "pitch",
        "sport": "basketball"
      },
      "geometry": {
        "type": "Polygon",
        "coordinates": [
          [
            [
              -84.3622146,
              33.9176516
            ],
            [
              -84.3622161,
              33.9174033
            ],
            [
              -84.3620493,
              33.9174026
            ],
            [
              -84.3620478,
              33.9176509
            ],
            [
              -84.3622146,
              33.9176516
            ]
          ]
        ]
      },
      "id": "way/1494378463"
    },
    {
      "type": "Feature",
      "properties": {
        "@id": "way/1507930272",
        "hoops": "2",
        "leisure": "pitch",
        "sport": "basketball"
      },
      "geometry": {
        "type": "Polygon",
        "coordinates": [
          [
            [
              -74.1868644,
              43.0529025
            ],
            [
              -74.187008,
              43.0530872
            ],
            [
              -74.1871742,
              43.0530182
            ],
            [
              -74.1870306,
              43.0528335
            ],
            [
              -74.1868644,
              43.0529025
            ]
          ]
        ]
      },
      "id": "way/1507930272"
    },
    {
      "type": "Feature",
      "properties": {
        "@id": "way/1508538075",
        "leisure": "pitch",
        "sport": "basketball"
      },
      "geometry": {
        "type": "Polygon",
        "coordinates": [
          [
            [
              -85.9977064,
              34.3532501
            ],
            [
              -85.997648,
              34.3530876
            ],
            [
              -85.9972958,
              34.3531732
            ],
            [
              -85.9973547,
              34.3533385
            ],
            [
              -85.9977064,
              34.3532501
            ]
          ]
        ]
      },
      "id": "way/1508538075"
    },
    {
      "type": "Feature",
      "properties": {
        "@id": "way/1508538076",
        "leisure": "pitch",
        "sport": "basketball"
      },
      "geometry": {
        "type": "Polygon",
        "coordinates": [
          [
            [
              -85.997648,
              34.3530876
            ],
            [
              -85.9975953,
              34.3529396
            ],
            [
              -85.997243,
              34.3530251
            ],
            [
              -85.9972958,
              34.3531732
            ],
            [
              -85.997648,
              34.3530876
            ]
          ]
        ]
      },
      "id": "way/1508538076"
    },
    {
      "type": "Feature",
      "properties": {
        "@id": "way/1509698775",
        "leisure": "pitch",
        "sport": "basketball"
      },
      "geometry": {
        "type": "Polygon",
        "coordinates": [
          [
            [
              -84.2732885,
              34.0517338
            ],
            [
              -84.2731719,
              34.0515715
            ],
            [
              -84.2730344,
              34.0516392
            ],
            [
              -84.2731509,
              34.0518016
            ],
            [
              -84.2732885,
              34.0517338
            ]
          ]
        ]
      },
      "id": "way/1509698775"
    },
    {
      "type": "Feature",
      "properties": {
        "@id": "way/1510414730",
        "leisure": "pitch",
        "sport": "basketball"
      },
      "geometry": {
        "type": "Polygon",
        "coordinates": [
          [
            [
              -85.87248,
              34.4658305
            ],
            [
              -85.8724545,
              34.465631
            ],
            [
              -85.8723227,
              34.4656424
            ],
            [
              -85.8723481,
              34.465842
            ],
            [
              -85.87248,
              34.4658305
            ]
          ]
        ]
      },
      "id": "way/1510414730"
    },
    {
      "type": "Feature",
      "properties": {
        "@id": "way/1510416737",
        "leisure": "pitch",
        "sport": "basketball"
      },
      "geometry": {
        "type": "Polygon",
        "coordinates": [
          [
            [
              -85.9058035,
              34.4521059
            ],
            [
              -85.9059543,
              34.4521037
            ],
            [
              -85.9059492,
              34.4518765
            ],
            [
              -85.9057985,
              34.4518788
            ],
            [
              -85.9058035,
              34.4521059
            ]
          ]
        ]
      },
      "id": "way/1510416737"
    },
    {
      "type": "Feature",
      "properties": {
        "@id": "way/1512329570",
        "leisure": "pitch",
        "sport": "basketball"
      },
      "geometry": {
        "type": "Polygon",
        "coordinates": [
          [
            [
              -84.3950593,
              34.0474908
            ],
            [
              -84.3950668,
              34.0473462
            ],
            [
              -84.3948784,
              34.0473395
            ],
            [
              -84.3948709,
              34.0474841
            ],
            [
              -84.3950593,
              34.0474908
            ]
          ]
        ]
      },
      "id": "way/1512329570"
    },
    {
      "type": "Feature",
      "properties": {
        "@id": "way/1512543799",
        "hoops": "1",
        "leisure": "pitch",
        "sport": "basketball"
      },
      "geometry": {
        "type": "Polygon",
        "coordinates": [
          [
            [
              -84.3733561,
              34.0219308
            ],
            [
              -84.3732131,
              34.0219285
            ],
            [
              -84.37321,
              34.0220637
            ],
            [
              -84.373353,
              34.0220659
            ],
            [
              -84.3733561,
              34.0219308
            ]
          ]
        ]
      },
      "id": "way/1512543799"
    },
    {
      "type": "Feature",
      "properties": {
        "@id": "way/1512557611",
        "hoops": "2",
        "leisure": "pitch",
        "sport": "basketball"
      },
      "geometry": {
        "type": "Polygon",
        "coordinates": [
          [
            [
              -84.4203305,
              33.6881572
            ],
            [
              -84.4201954,
              33.6880779
            ],
            [
              -84.4200325,
              33.6882699
            ],
            [
              -84.4201676,
              33.6883492
            ],
            [
              -84.4203305,
              33.6881572
            ]
          ]
        ]
      },
      "id": "way/1512557611"
    },
    {
      "type": "Feature",
      "properties": {
        "@id": "way/1518534840",
        "leisure": "pitch",
        "sport": "basketball"
      },
      "geometry": {
        "type": "Polygon",
        "coordinates": [
          [
            [
              -84.2614475,
              34.1809584
            ],
            [
              -84.2614783,
              34.1808408
            ],
            [
              -84.2613642,
              34.1808204
            ],
            [
              -84.2613334,
              34.180938
            ],
            [
              -84.2614475,
              34.1809584
            ]
          ]
        ]
      },
      "id": "way/1518534840"
    },
    {
      "type": "Feature",
      "properties": {
        "@id": "way/1518534856",
        "leisure": "pitch",
        "sport": "basketball"
      },
      "geometry": {
        "type": "Polygon",
        "coordinates": [
          [
            [
              -84.2672472,
              34.1266856
            ],
            [
              -84.2674764,
              34.1266448
            ],
            [
              -84.2674458,
              34.1265268
            ],
            [
              -84.2672166,
              34.1265675
            ],
            [
              -84.2672472,
              34.1266856
            ]
          ]
        ]
      },
      "id": "way/1518534856"
    },
    {
      "type": "Feature",
      "properties": {
        "@id": "way/1524794416",
        "leisure": "pitch",
        "sport": "basketball"
      },
      "geometry": {
        "type": "Polygon",
        "coordinates": [
          [
            [
              -84.5827433,
              33.6916322
            ],
            [
              -84.5827418,
              33.6914988
            ],
            [
              -84.5824732,
              33.6915008
            ],
            [
              -84.5824747,
              33.6916343
            ],
            [
              -84.5827433,
              33.6916322
            ]
          ]
        ]
      },
      "id": "way/1524794416"
    },
    {
      "type": "Feature",
      "properties": {
        "@id": "way/1528406742",
        "access": "private",
        "leisure": "pitch",
        "sport": "basketball"
      },
      "geometry": {
        "type": "Polygon",
        "coordinates": [
          [
            [
              -77.9695114,
              40.0882189
            ],
            [
              -77.9694046,
              40.0883173
            ],
            [
              -77.9695173,
              40.0883889
            ],
            [
              -77.9696242,
              40.0882905
            ],
            [
              -77.9695114,
              40.0882189
            ]
          ]
        ]
      },
      "id": "way/1528406742"
    },
    {
      "type": "Feature",
      "properties": {
        "@id": "way/1529515835",
        "leisure": "pitch",
        "sport": "basketball"
      },
      "geometry": {
        "type": "Polygon",
        "coordinates": [
          [
            [
              -84.3537475,
              34.0880765
            ],
            [
              -84.3539108,
              34.0880562
            ],
            [
              -84.3538739,
              34.0878524
            ],
            [
              -84.3537106,
              34.0878727
            ],
            [
              -84.3537475,
              34.0880765
            ]
          ]
        ]
      },
      "id": "way/1529515835"
    },
    {
      "type": "Feature",
      "properties": {
        "@id": "node/5584802048",
        "leisure": "pitch",
        "sport": "basketball",
        "surface": "asphalt"
      },
      "geometry": {
        "type": "Point",
        "coordinates": [
          -88.7111181,
          41.9681817
        ]
      },
      "id": "node/5584802048"
    },
    {
      "type": "Feature",
      "properties": {
        "@id": "node/6568153301",
        "leisure": "pitch",
        "sport": "basketball"
      },
      "geometry": {
        "type": "Point",
        "coordinates": [
          -84.2886178,
          33.7647517
        ]
      },
      "id": "node/6568153301"
    },
    {
      "type": "Feature",
      "properties": {
        "@id": "node/7852001676",
        "hoops": "1",
        "leisure": "pitch",
        "sport": "basketball"
      },
      "geometry": {
        "type": "Point",
        "coordinates": [
          -84.2770953,
          33.9787037
        ]
      },
      "id": "node/7852001676"
    },
    {
      "type": "Feature",
      "properties": {
        "@id": "node/8057340472",
        "hoops": "1",
        "leisure": "pitch",
        "sport": "basketball"
      },
      "geometry": {
        "type": "Point",
        "coordinates": [
          -84.2912158,
          34.0021687
        ]
      },
      "id": "node/8057340472"
    },
    {
      "type": "Feature",
      "properties": {
        "@id": "node/12215093688",
        "leisure": "pitch",
        "sport": "basketball"
      },
      "geometry": {
        "type": "Point",
        "coordinates": [
          -84.5702199,
          33.6441045
        ]
      },
      "id": "node/12215093688"
    },
    {
      "type": "Feature",
      "properties": {
        "@id": "node/12215093707",
        "leisure": "pitch",
        "sport": "basketball"
      },
      "geometry": {
        "type": "Point",
        "coordinates": [
          -84.5616599,
          33.7107216
        ]
      },
      "id": "node/12215093707"
    },
    {
      "type": "Feature",
      "properties": {
        "@id": "node/12215093733",
        "leisure": "pitch",
        "sport": "basketball"
      },
      "geometry": {
        "type": "Point",
        "coordinates": [
          -84.5310055,
          33.7289172
        ]
      },
      "id": "node/12215093733"
    },
    {
      "type": "Feature",
      "properties": {
        "@id": "node/13666936574",
        "leisure": "pitch",
        "sport": "basketball"
      },
      "geometry": {
        "type": "Point",
        "coordinates": [
          -84.3903702,
          34.0134277
        ]
      },
      "id": "node/13666936574"
    },
    {
      "type": "Feature",
      "properties": {
        "@id": "node/13946820076",
        "leisure": "pitch",
        "sport": "basketball"
      },
      "geometry": {
        "type": "Point",
        "coordinates": [
          -85.6640542,
          34.6978276
        ]
      },
      "id": "node/13946820076"
    }
  ]
}